{"type":"FeatureCollection","features":[{"type":"Feature","properties":{"county":"Greater London"},"geometry":{"type":"Polygon","coordinates":[[[0.08094880897902045,51.527804847328284],[0.09207668575276584,51.52561863827702],[0.09406928866235477,51.51792560631639],[0.0967901048274774,51.515151198958556],[0.0727874517628098,51.499911376854996],[0.024441547949415693,51.498307238355125],[0.017542627286453526,51.50063709954572],[0.010025361192874364,51.50897317555875],[0.0057413237960177305,51.510014945847516],[-0.008957174122749784,51.50123167403147],[-0.002663003164807168,51.49059714176812],[-0.015641101807882384,51.48576133663125],[-0.027761312070803977,51.49411528621935],[-0.02999646269194632,51.507445175706515],[-0.04092576537782405,51.510014432001924],[-0.06036688960474663,51.50283194988236],[-0.1115487372305881,51.5107564569623],[-0.12134937020147334,51.50741025403867],[-0.12846518900394563,51.488214831487966],[-0.1671646600659968,51.48320381160026],[-0.18385661218887867,51.477419565649484],[-0.18834910412641562,51.46576226195294],[-0.17415575926331492,51.47890918213381],[-0.1284305760197654,51.48504974723026],[-0.11755313004251623,51.507011098888015],[-0.10889921932763742,51.50844219810891],[-0.0647162861971985,51.50086246581204],[-0.03793211545866741,51.50758504260162],[-0.032386343227623474,51.493056253419944],[-0.018043458996336685,51.48199497387612],[0.002473436964585806,51.48994524440433],[-0.0009877221837813815,51.50404772520021],[0.015726420823589146,51.495894454673895],[0.05997304207189101,51.49472417914736],[0.07623456213296328,51.49589157629658],[0.09205212845354598,51.509008119920175],[0.12862090369096868,51.51329415179985],[0.16443118892224445,51.50454282370887],[0.17519783977200398,51.485255600273035],[0.18660248156218393,51.48043628063915],[0.21764418860446164,51.48044859034309],[0.2027207038574536,51.45393293893156],[0.1709027309703679,51.44120753248597],[0.16432817740758168,51.42858491802515],[0.1558749862513476,51.430876613025596],[0.14890271353007803,51.40848294516923],[0.16131326911508265,51.39236973614457],[0.14774097897391852,51.392800972202856],[0.1516197424707261,51.36837890973149],[0.13695813963035008,51.3441746277144],[0.11845630381386894,51.34414779133464],[0.1179039465144889,51.329663223610275],[0.08502934161886005,51.316023173970144],[0.08281629042727538,51.3056337094608],[0.0911847440866025,51.296827360576124],[0.05851025390584515,51.28935373932145],[0.04239644850127726,51.29267304399856],[0.03290941956729654,51.30752088359226],[0.01500937553831712,51.29178603593836],[0.002294764648829674,51.32913883259118],[-0.0379666151344684,51.33864368818092],[-0.05026127795656516,51.33263934561395],[-0.04786877934778141,51.32524503290994],[-0.08355587143626333,51.3166813510416],[-0.09432414020820383,51.299353953414844],[-0.12429290987399225,51.28675868238739],[-0.13731348381635153,51.300780924711866],[-0.1577349779539506,51.30442749172975],[-0.1630767551464887,51.33026420092724],[-0.19731931772711125,51.343595116372825],[-0.21409518148809256,51.3303504859573],[-0.2298226364141233,51.33652284256034],[-0.21726438433740913,51.34338708030331],[-0.22694212651606963,51.36262443898692],[-0.2454047958516364,51.36684545800809],[-0.2450302755794786,51.380033983845784],[-0.26110113404353735,51.37959910279557],[-0.2857023797131208,51.364050715694155],[-0.30619199441766864,51.335084435120734],[-0.32394685230938935,51.32671604704309],[-0.3306554951360075,51.32900962024038],[-0.32792319011662685,51.35218448633011],[-0.3084339920368617,51.375859421182504],[-0.3176978213368648,51.393667097403195],[-0.325967870211948,51.39144471521747],[-0.3606899084972801,51.412050798290345],[-0.3896497898179524,51.41069334687409],[-0.3913420276537301,51.422326123728105],[-0.4564751128931786,51.43822454308343],[-0.45864043381810343,51.45631546522895],[-0.5097013654557779,51.46917597333165],[-0.48317392390856645,51.50664769851712],[-0.4954897491926227,51.53842923403093],[-0.4769868796729763,51.559625237229035],[-0.5005959397837428,51.59968991103155],[-0.4970424937008946,51.631697804845615],[-0.4571307626005158,51.61229389277908],[-0.4405753170958326,51.62007328357435],[-0.3858718914122449,51.615820070132955],[-0.31667227073737064,51.64053557423242],[-0.25545847789295306,51.64328775819969],[-0.24934798658097743,51.65605777789856],[-0.22646266028125112,51.65716188690474],[-0.19987163136782174,51.67017026580389],[-0.19106672686828402,51.66389674081795],[-0.1724731761552317,51.67309131856227],[-0.16349331737768089,51.68811506598772],[-0.10577918133707771,51.69187562150836],[-0.011918619491221414,51.680877784048],[-0.012259694345201461,51.646228728787726],[0.02271955894716668,51.641115491707026],[0.021818995682470976,51.62883277242344],[0.0407877905375224,51.61572883499927],[0.053711305652799066,51.61827955784114],[0.04809409753652553,51.61332286454839],[0.06299877638202758,51.60691180669479],[0.0871452565248574,51.60446703354712],[0.09228492500278658,51.61357428070013],[0.13818425815240773,51.62354535699273],[0.16890125564526706,51.62142013439153],[0.2240877710021804,51.63173773551831],[0.2632576647494952,51.60919202660667],[0.2539163798012393,51.601920089297835],[0.26987890775457624,51.599574804549036],[0.29020155306796425,51.56449717521941],[0.3130351176660074,51.56581816533413],[0.33390254418939164,51.542493743827244],[0.26534732497302344,51.53215028654095],[0.26230794017645587,51.51793047171251],[0.2538343662863247,51.5178858832684],[0.2508519909820781,51.52881860568597],[0.23717604867843725,51.51933440938106],[0.24191930248663837,51.507960111045875],[0.22659728539775517,51.50656328322229],[0.22996529797922183,51.49936589633518],[0.18768406986225347,51.487858876994494],[0.17857954997424286,51.50528283825848],[0.1263459766431606,51.5194462667521],[0.10050938002438616,51.51456931338511],[0.09205828457192461,51.5266648140404],[0.08094880897902045,51.527804847328284]]]}},{"type":"Feature","properties":{"county":"Greater Manchester"},"geometry":{"type":"Polygon","coordinates":[[[-2.4729928862175625,53.6166318563148],[-2.453780855690411,53.62197438439435],[-2.4502703361226255,53.64143202540802],[-2.438724393484819,53.64604545401626],[-2.4199282235519517,53.623609911063795],[-2.4012093960733956,53.62459909096393],[-2.3978458324952103,53.6322081383759],[-2.370327902744357,53.6315343407899],[-2.3626410629631516,53.65598872364928],[-2.3712361598890435,53.66708068336204],[-2.31555963175062,53.655077598157824],[-2.2989592304168824,53.666690515984214],[-2.2957373317788003,53.64149600979627],[-2.2828435602657344,53.62024744617869],[-2.2579165435917097,53.61646575839139],[-2.2698661130429376,53.64613658877622],[-2.2258238062214755,53.67076784388283],[-2.1824071351573413,53.64825761437539],[-2.1853958648542218,53.63822409724142],[-2.161352812615019,53.64137417256672],[-2.1638528909350585,53.654866346905145],[-2.14632801534525,53.68223153221946],[-2.142257593355687,53.678005769366706],[-2.1341273041822406,53.68573404162318],[-2.114106865617477,53.67113584637435],[-2.0871213193078866,53.67081002045107],[-2.0831671929198463,53.67807517713753],[-2.051242144468682,53.683691797307034],[-2.052917732552163,53.67031671499133],[-2.035709335344394,53.65932765075442],[-2.0415801167135617,53.64248735708786],[-2.0299966389993522,53.63616927027636],[-2.0230359153152797,53.61583950477972],[-2.009470755392109,53.61677953810537],[-1.9816462176528016,53.5893378362101],[-1.9481094507658905,53.5728482403001],[-1.9427258497884279,53.56164127074226],[-1.9128846171498413,53.55164361134116],[-1.9096207822087967,53.538390964937484],[-1.926780673681459,53.52094876587976],[-1.9167664436776213,53.514495728562395],[-1.9219728351921728,53.50995470016524],[-1.9513326612108894,53.50419882000912],[-1.9633860405498043,53.50982723371936],[-1.9727196878917441,53.50248615915503],[-1.974630734192459,53.487935106637515],[-1.9870749680297781,53.481658644011766],[-1.9815324821701013,53.464505089541575],[-1.9869010720914824,53.454316332073134],[-2.0083055583766405,53.441452240607276],[-2.0042160339144597,53.435921815519045],[-2.0136555100474562,53.43988323015767],[-2.027316626423994,53.4324059930133],[-2.019724319483637,53.425118673079716],[-2.023709671683628,53.42055174854687],[-1.9923294750670664,53.41519316180114],[-2.0046428326645387,53.386327312558116],[-2.061163380761435,53.358438217315644],[-2.1390252967123122,53.36731702150432],[-2.1381967227623813,53.35689130331956],[-2.151190554979793,53.34813314080405],[-2.144099271104977,53.34287103268985],[-2.1598578084806497,53.32810405093018],[-2.194162816986322,53.3386504474291],[-2.1809772399714955,53.344043816476166],[-2.1854409211870895,53.35265973629096],[-2.2564473427305765,53.36067680430033],[-2.3016615988030913,53.340224166668825],[-2.29693022687386,53.3485838453089],[-2.3400837505334753,53.36737286636378],[-2.3650272261395933,53.36310599096463],[-2.448438705461334,53.394799817981514],[-2.4710440277143304,53.392337961350506],[-2.4784544006860587,53.396218563020966],[-2.4493782381791362,53.4158914656648],[-2.4515435354876662,53.426709035206734],[-2.478153342865894,53.443417511428535],[-2.4963344949932047,53.48092941730573],[-2.552638568167549,53.46781340411275],[-2.549075722024517,53.461485831999205],[-2.5703899213570245,53.45847555113258],[-2.5767428422525187,53.44605721193944],[-2.614843404517856,53.463354155149425],[-2.607863479784715,53.47082778413089],[-2.6121383049570253,53.4811381191076],[-2.645540037976687,53.4802523269348],[-2.666321589033141,53.499768081133176],[-2.7054608710024484,53.504788456101664],[-2.710007032527403,53.514641827227216],[-2.7230270646680506,53.51000302250681],[-2.730520979649466,53.520600155435304],[-2.717925562374859,53.52721115643789],[-2.7186078706670522,53.54356011828971],[-2.704738102356891,53.56186047953981],[-2.7192226248521756,53.57611415256006],[-2.693375940517036,53.58940871507571],[-2.6893125481277473,53.60430283228372],[-2.636161077952009,53.60829060732746],[-2.62590675349951,53.593683267906044],[-2.5959257555793993,53.610814983306824],[-2.574003431424984,53.59429077846381],[-2.51132296446014,53.62699499443088],[-2.4729928862175625,53.6166318563148]]]}},{"type":"Feature","properties":{"county":"Merseyside"},"geometry":{"type":"MultiPolygon","coordinates":[[[[-2.7766710534347734,53.38105868293533],[-2.7873017229574066,53.35629039621995],[-2.8090643385948644,53.355081347090255],[-2.8364102865865926,53.32701802215945],[-2.878158400170621,53.33419881202945],[-2.969299916961328,53.37580432482029],[-3.0017631010231707,53.41104897829544],[-3.0087553157600015,53.43838152229137],[-3.0414491198556886,53.46563384267706],[-3.065061823760914,53.504797176595034],[-3.0626925679297163,53.52736737994582],[-3.0640893001667546,53.53060796684068],[-3.070928677593765,53.52154016065517],[-3.101479877300876,53.540807674089955],[-3.1005194040291184,53.569393556501865],[-3.031150997212852,53.647650081453776],[-2.9738456013021453,53.69102680111473],[-2.977145775075704,53.69653498819054],[-2.965276218319547,53.69820223950736],[-2.9714881070281645,53.692163167651664],[-2.958302522222896,53.687584523854305],[-2.953771877243555,53.691024305570004],[-2.954084873856624,53.68207144579855],[-2.9448420639520294,53.678779416895495],[-2.9538508221239317,53.68223330006497],[-2.946785692389518,53.68801757331179],[-2.9524937352560983,53.6822791401914],[-2.944307906301572,53.67912967812427],[-2.947437893702935,53.66734910623722],[-2.9401434688573307,53.65861054380294],[-2.967768756711565,53.63106383580414],[-2.9818230909153307,53.62220517223069],[-2.9973335468373716,53.62688565766645],[-3.032148174841108,53.59852960903727],[-3.033342531802844,53.58511992930635],[-3.020709182019183,53.58367518841153],[-3.022620050410756,53.569597902822736],[-3.040588733627075,53.56500248651186],[-3.0388091763711316,53.5519052687923],[-3.046698573891413,53.54295831000521],[-2.9759936355027556,53.51529104515819],[-2.963247897337537,53.52483707696402],[-2.97837703500214,53.54288497718758],[-2.9478490428398603,53.54433978046794],[-2.9230093834965025,53.52522004809434],[-2.8812073191432632,53.52000205047411],[-2.8923890354470663,53.51114609166351],[-2.8710672517397504,53.49499699404323],[-2.8255743509090236,53.48278165736843],[-2.816740225622259,53.51217450275188],[-2.782476487787793,53.531430164627025],[-2.76887249060704,53.51357150819412],[-2.730520979649466,53.520600155435304],[-2.7230270646680506,53.51000302250681],[-2.710007032527403,53.514641827227216],[-2.7054608710024484,53.504788456101664],[-2.666321589033141,53.499768081133176],[-2.645540037976687,53.4802523269348],[-2.6121383049570253,53.4811381191076],[-2.607863479784715,53.47082778413089],[-2.614843404517856,53.463354155149425],[-2.5767428422525187,53.44605721193944],[-2.584596585646475,53.44039313198075],[-2.5986849443323683,53.450413791025824],[-2.5962305280119904,53.442666252543745],[-2.627462363829727,53.4344125828963],[-2.6395399130536052,53.44442209345959],[-2.677166916492685,53.45275302190937],[-2.6821682497856405,53.43923436336373],[-2.668771656677692,53.44104404843179],[-2.6752677024556863,53.432965304698506],[-2.663852430499858,53.429666628670994],[-2.672319782030736,53.42202470869217],[-2.6668562013235215,53.416263916657535],[-2.6763171836144273,53.38761933030923],[-2.705042142623934,53.38674578667878],[-2.715226797703995,53.399034871811146],[-2.745174605499206,53.402095648481286],[-2.7576540799353046,53.38073789254475],[-2.7766710534347734,53.38105868293533]]],[[[-2.95048521458102,53.691732712254094],[-2.9573272111898414,53.691051023300474],[-2.9622835928032094,53.693831896070435],[-2.9552252600614115,53.696497903959425],[-2.95048521458102,53.691732712254094]]],[[[-3.0403203012127755,53.442897447682945],[-2.995348545430861,53.36800574137867],[-2.9287639319229926,53.3084068448106],[-3.0297600082284064,53.29899213772817],[-3.0726496754779586,53.31585430427605],[-3.094638991338279,53.30420989762152],[-3.190571130151361,53.368243422718656],[-3.200367864920287,53.3875152805096],[-3.0403203012127755,53.442897447682945]]],[[[-3.0949937092583273,53.30402197207356],[-3.1107166302215146,53.29629063640497],[-3.1164004460277495,53.303259018380196],[-3.1069758559933773,53.30214050098812],[-3.12001461394308,53.309872636460796],[-3.1223402324036327,53.32254167496081],[-3.0949937092583273,53.30402197207356]]],[[[-3.226321091665261,53.382293867858685],[-3.223740768238501,53.3795004491127],[-3.2282774303616395,53.382253068391186],[-3.226321091665261,53.382293867858685]]],[[[-3.2214939060992447,53.37915581291101],[-3.2173362947963895,53.37627770114255],[-3.220098676085539,53.377257182134436],[-3.2214939060992447,53.37915581291101]]],[[[-3.2050725959321835,53.37190033639462],[-3.204341979405952,53.370190760130946],[-3.207249063462854,53.37179384107145],[-3.2050725959321835,53.37190033639462]]]]}},{"type":"Feature","properties":{"county":"South Yorkshire"},"geometry":{"type":"Polygon","coordinates":[[[-1.535403929995803,53.593878988935145],[-1.4965624933760624,53.59737373730056],[-1.4951196350292697,53.603190269174796],[-1.4839184175193119,53.59488049324214],[-1.4476305799472955,53.61273886366941],[-1.400184591579205,53.59866838508832],[-1.3767029060877056,53.60647838706132],[-1.3561195757342623,53.59536617920254],[-1.3514341858182974,53.58108106050293],[-1.3078196751904225,53.575366950799484],[-1.2580281095093122,53.59199742180903],[-1.2576381110826733,53.59985248884583],[-1.2472099769994014,53.60070515634195],[-1.248249872477033,53.616353325183724],[-1.2174685594245258,53.62422433980812],[-1.2193872107065677,53.63668745374997],[-1.2098272044231544,53.643164094756166],[-1.190313496471141,53.63591692394085],[-1.1522979253872443,53.642776627100375],[-1.135407258933105,53.63272868147214],[-1.1217436756320531,53.646718632615276],[-0.990459487322931,53.6612233143622],[-0.9468446974223408,53.659141762570066],[-0.8653387032232553,53.63770823732106],[-0.897926391277078,53.583277414672395],[-0.9011177890422151,53.56872425430593],[-0.8909951861152974,53.56655895602102],[-0.899833401834542,53.544477708742036],[-0.8922678916217589,53.53759435370392],[-0.9437158755183492,53.53064300293136],[-0.9500090310052725,53.513657393525115],[-0.9320941628923828,53.510671783162216],[-0.935564655862589,53.50251657280954],[-0.9532592198587572,53.48442356177405],[-0.9859780326689668,53.47167335896596],[-0.9956698170602312,53.436926679989035],[-1.0231689186959705,53.42451435866545],[-1.0309497689328897,53.43097953408742],[-1.0870460839900022,53.425544083156716],[-1.1082268572654381,53.405881798120824],[-1.116040998991902,53.40734933037365],[-1.115579318085153,53.39718578359672],[-1.1334925735986687,53.39148059227782],[-1.1299958640274512,53.377565530635295],[-1.1449155782969056,53.371250718338636],[-1.1385396482582595,53.35590754992826],[-1.1619493233977627,53.357908845400985],[-1.1568434430039851,53.34496951411053],[-1.1387180973453048,53.34138282432971],[-1.1903234125949407,53.31993197120782],[-1.2032390222346778,53.30422327457647],[-1.2306879831013189,53.30855970123421],[-1.2542941365956168,53.301754870482945],[-1.295678135746409,53.31503696959191],[-1.2885890164207885,53.32622803147327],[-1.3122993081655143,53.334164788224086],[-1.3402595626653753,53.3155346616122],[-1.3850764311937112,53.317780889584235],[-1.3920039435034193,53.322648671214374],[-1.3865732877231345,53.33488450544282],[-1.4087468904600464,53.341965038157696],[-1.4208664375323399,53.33456795486937],[-1.4421357721545816,53.33738449044627],[-1.4617013649562929,53.328448608890305],[-1.4552235802425701,53.321869147485785],[-1.4678657999063067,53.31715847732617],[-1.51048805058708,53.3160462290824],[-1.53676880923937,53.30474871557085],[-1.56182698567451,53.30660227539564],[-1.5557518582475365,53.311548835030706],[-1.5613648863997063,53.315821226618844],[-1.5805339287220115,53.3117381073218],[-1.5849020526423554,53.32158790936916],[-1.5990932267300602,53.311318168950805],[-1.60920154871842,53.322663933080804],[-1.6254937778108844,53.31642394745523],[-1.6327269360157632,53.32083918044993],[-1.6123030690251738,53.34321867969992],[-1.5905480099819118,53.3459209809401],[-1.663950466982666,53.366892926220736],[-1.6538177859538579,53.391910806332774],[-1.6945212164356518,53.401161151220684],[-1.7049653734103627,53.40505599116603],[-1.7039450339864823,53.41490854310367],[-1.7299511881628933,53.415985622439216],[-1.746719107822199,53.42616494042138],[-1.7468247426676584,53.46340997324021],[-1.7684373852029875,53.46476692388276],[-1.8014706699605345,53.480991794968325],[-1.7962882792917931,53.50315298977622],[-1.8103989093416566,53.506340154770676],[-1.8007787043922847,53.51137854370427],[-1.8195238053704452,53.513428055125125],[-1.822228832407402,53.521090920081335],[-1.8042830176012157,53.53701335370609],[-1.7558189882301907,53.53668105919269],[-1.7300827761595676,53.54679170973913],[-1.723177466695669,53.55992676479661],[-1.6694658293502027,53.55322754878321],[-1.615631846598391,53.56302832885269],[-1.5961987512346554,53.57698688417779],[-1.601752150650234,53.58775895818363],[-1.5879783233453062,53.593486584058],[-1.591151307458535,53.60678116378428],[-1.5575998598045804,53.60591449237793],[-1.535403929995803,53.593878988935145]]]}},{"type":"Feature","properties":{"county":"Tyne and Wear"},"geometry":{"type":"Polygon","coordinates":[[[-1.5594108423845006,54.88203709563008],[-1.5799095077978276,54.8777701408475],[-1.5937693627469727,54.90174683856712],[-1.643689428547499,54.878804002783994],[-1.6509821132952136,54.87966715793756],[-1.6500117146831288,54.89362641180949],[-1.6599510032232554,54.89066484345018],[-1.6781337216488812,54.89984512491144],[-1.6748375447754333,54.90930242409487],[-1.6905728141467116,54.90266575271098],[-1.7249075325532222,54.90880048400836],[-1.7375905242378713,54.91869984449355],[-1.7949264564649297,54.90354680263045],[-1.8527213865776901,54.91741355516942],[-1.8411492960539964,54.929725523061016],[-1.8270119129650009,54.93070192681902],[-1.8337028095789423,54.95329281212333],[-1.8229981875536787,54.95575341036363],[-1.8128128612677366,54.976321791188056],[-1.7861579403081231,54.98448943209401],[-1.7697566800820452,54.98098374343039],[-1.77384239636278,55.00413945886082],[-1.7576094294871412,55.002958061571135],[-1.7502452966935786,55.02402080602143],[-1.694915498654525,55.04289325002949],[-1.6979266239870834,55.05237919631735],[-1.7105403231612393,55.05275028845024],[-1.713759624556522,55.06547936449525],[-1.6476812435821329,55.079388743712435],[-1.637893605385297,55.064768597812005],[-1.579050951973547,55.06299051380986],[-1.5750801439032809,55.05561993626643],[-1.5598092294290133,55.05452431551273],[-1.5398683832115811,55.06159068676868],[-1.5323396853027607,55.054149510342356],[-1.5102842271644195,55.05500894109307],[-1.5073855438757788,55.04833504331592],[-1.4878136563995958,55.05359200580809],[-1.491257907257803,55.06590652939606],[-1.4620710446141716,55.07467382320197],[-1.4513873334975704,55.07006026363752],[-1.4504374081972955,55.05365374545973],[-1.431710972626734,55.040521464304675],[-1.419716878997256,55.01883201240775],[-1.4027980841999532,55.01450060130707],[-1.429840080532099,55.01322849732825],[-1.4565098370226328,54.9885896167301],[-1.5237058589813635,54.98722894637662],[-1.5308443439522765,54.98401527104128],[-1.540751939918353,54.963002686069196],[-1.588005187335705,54.970738931269736],[-1.5959808928840717,54.971048533560335],[-1.605367439368227,54.96748033836326],[-1.538226894226106,54.960655826488235],[-1.5303408744194928,54.98087683929399],[-1.52139264212201,54.98470887832845],[-1.4723046534231174,54.98622286712468],[-1.4714571280097282,54.97965096761944],[-1.4645604826723608,54.979121544968486],[-1.4718197587616246,54.9861389904733],[-1.449094627767083,54.985376946521725],[-1.4398041822781282,55.00391741939193],[-1.4238296959780816,55.008159857121335],[-1.3812679663801475,54.985800078179714],[-1.3543622202090624,54.96013654788465],[-1.3650768209071535,54.93943707586503],[-1.3605098426048108,54.91863428752193],[-1.3709930571000286,54.911698382800616],[-1.3958210344597086,54.91793200179508],[-1.4285924008895883,54.91667348477854],[-1.4488976720959557,54.91037271011831],[-1.458407174226508,54.904588701596566],[-1.4214693080661238,54.91646440666813],[-1.3720720026854738,54.90962264579254],[-1.352755918250674,54.919164344771374],[-1.358620098456139,54.913000853444466],[-1.35037913235538,54.905839885487104],[-1.361640210135027,54.8982975441157],[-1.347404706218426,54.86056762501555],[-1.368865556494756,54.857625812646944],[-1.3816634024136136,54.847159712097145],[-1.4135797469977198,54.84486206832003],[-1.4216074858677192,54.83809168203339],[-1.4130126926236488,54.82330628882046],[-1.422543038321111,54.80317538703856],[-1.493508357423063,54.79999784766373],[-1.4818556116446946,54.80965142732692],[-1.5042796530270237,54.83122977194402],[-1.5066701546535197,54.87114080558094],[-1.5618097102400308,54.87571671942601],[-1.5594108423845006,54.88203709563008]]]}},{"type":"Feature","properties":{"county":"West Midlands"},"geometry":{"type":"Polygon","coordinates":[[[-1.9860370487727694,52.41672617699859],[-2.0247663832101797,52.43488228768602],[-2.036987777401858,52.427545740789476],[-2.037881008932874,52.44155755330428],[-2.059263532993367,52.43998260758203],[-2.060712951244193,52.427537659927694],[-2.0680518278825892,52.43519507442618],[-2.0860500957402532,52.432924872567014],[-2.0932803804670748,52.44528251695682],[-2.1360268506676814,52.42626818067752],[-2.1648512708741308,52.43020415751166],[-2.1749234413410092,52.45857835434906],[-2.1675125615097683,52.47121551272007],[-2.191748771190019,52.5033971099111],[-2.14878128171527,52.514694972391155],[-2.1445829302260435,52.52138425498668],[-2.151989160228873,52.5261989123717],[-2.135563795033158,52.53450861282065],[-2.1334867840564335,52.55406670344239],[-2.1730488656682705,52.55464091758475],[-2.1829634385794,52.57692994231593],[-2.201803247333011,52.57877994262246],[-2.2068769526147096,52.586583375692626],[-2.1893094025310855,52.58860859330504],[-2.1951987136105062,52.60706595086527],[-2.1691572570103963,52.60933832390838],[-2.1684625327563802,52.619893357682614],[-2.131644102393017,52.637623126922996],[-2.0992484078549034,52.63276177919387],[-2.0810017871351127,52.61190502017453],[-2.067325313684367,52.61207641178677],[-2.064000267772785,52.620746262010286],[-2.030123151306095,52.616954544197995],[-2.0355091799583933,52.621799452611896],[-2.010017743675966,52.63461662838658],[-1.963972905979092,52.641815050818764],[-1.9550739136956892,52.65413701311682],[-1.959944835047801,52.66203718475071],[-1.9128421554108797,52.65823370543218],[-1.9086597760120225,52.65399997062158],[-1.9180145776020876,52.649894777319105],[-1.9050837714683524,52.64320757091168],[-1.9159852724220272,52.63528577288385],[-1.885142586726297,52.612671401189495],[-1.8903886902398435,52.598289884894264],[-1.872564469611435,52.584944671524696],[-1.8539541783917977,52.60192502377386],[-1.8278614607788943,52.60868920482311],[-1.7965281232723804,52.59912295761849],[-1.7779991907444412,52.57516299317536],[-1.7635461732877362,52.57097911399502],[-1.774229992218859,52.564627736533005],[-1.7559983089945692,52.555382512047366],[-1.746427820466073,52.54171303652959],[-1.7490860479054942,52.53142235899871],[-1.7288504631608657,52.5244674321035],[-1.7570769694189166,52.51782702816371],[-1.6771541663104257,52.43635660920603],[-1.6413966952689047,52.44334360852295],[-1.6244522097086773,52.463538657446115],[-1.5985464454813696,52.454331698236196],[-1.589863062847743,52.46191211163452],[-1.561191692229283,52.45522257493395],[-1.539790766596256,52.46479866868861],[-1.500025589380712,52.451038297890186],[-1.4928064840825472,52.458441702348566],[-1.463921224278464,52.45831767083922],[-1.4241456732786955,52.43400023509531],[-1.438054692884718,52.410120707203674],[-1.4322477672271365,52.39587743327863],[-1.4640135618038927,52.37326720222708],[-1.5044989520755512,52.377807172185726],[-1.5139124807758697,52.3690618290376],[-1.5246513309646919,52.37940090908895],[-1.555555407338815,52.36504030133339],[-1.554993116330044,52.374423957986245],[-1.5677985097075855,52.38477776387472],[-1.6010673268718723,52.38929945930054],[-1.6234006990134389,52.36555143558188],[-1.6513102586313528,52.356421067491915],[-1.6608880916793927,52.36567009578792],[-1.684046544272019,52.363253737894674],[-1.6938849596813663,52.35101334991598],[-1.71854639034386,52.35573770239281],[-1.720258265808725,52.372574045501835],[-1.7340311255629939,52.370717819883275],[-1.7487739454855413,52.354770848381484],[-1.7792244049560006,52.364539953122815],[-1.7718597626823878,52.355876566308275],[-1.7757524306500374,52.347963644483826],[-1.8079100344997345,52.36662344413284],[-1.8720338624344373,52.36759850238948],[-1.8455979721693732,52.399427259376886],[-1.8687468031867753,52.404737506339956],[-1.8826973275750065,52.39981298565662],[-1.9136750789733061,52.40746426015465],[-1.9343146781796232,52.38723638494714],[-1.952898094390617,52.39339370109472],[-1.9973214026467883,52.38106696065217],[-2.032208284898273,52.40154798615209],[-1.9860370487727694,52.41672617699859]]]}},{"type":"Feature","properties":{"county":"West Yorkshire"},"geometry":{"type":"Polygon","coordinates":[[[-1.8822420462556573,53.96313697777739],[-1.8595046438744811,53.93251302229134],[-1.8362000052447682,53.93142036205391],[-1.847689294430517,53.940772798820134],[-1.8050891297580947,53.9390226753865],[-1.798009570297384,53.929714147499205],[-1.7722802306004128,53.92088740162427],[-1.745626097921827,53.92300379995605],[-1.7421635072364328,53.91458023218482],[-1.7179585214236468,53.908542663697396],[-1.716432638300712,53.91763477142112],[-1.7070831089093492,53.91913128751936],[-1.684627241514957,53.91058812082679],[-1.6550829686466468,53.912484264759016],[-1.6520290449483401,53.90572287258539],[-1.5999932001173531,53.90977629996281],[-1.5868584221882704,53.901251936556044],[-1.5828998131364664,53.90935968476716],[-1.5525767724582016,53.90300787515769],[-1.5487932668483229,53.91091381588965],[-1.4987811612322206,53.91530697193262],[-1.4509278460039297,53.90713320398194],[-1.4324347629307732,53.911202485940706],[-1.4297842032932422,53.92889864188581],[-1.40670950450481,53.92784967595534],[-1.4091971488546304,53.93546559305294],[-1.3971824545397902,53.942535133479524],[-1.3404051740634901,53.945888205154574],[-1.3447117605823604,53.93950161815375],[-1.306961843590308,53.934424100651825],[-1.3089920255003908,53.92409794445094],[-1.2941801363699037,53.92706423060694],[-1.3073097521120343,53.9214943691745],[-1.297203525117933,53.921682017428154],[-1.3005879289364874,53.90748560630195],[-1.3222709577737763,53.900457174108105],[-1.3126028590938603,53.865317008938696],[-1.3529699332779415,53.85675076040088],[-1.3265571863550878,53.84042339016477],[-1.3360967075166954,53.83358971902595],[-1.3036234849893324,53.81653598141278],[-1.314872087953506,53.80955745711522],[-1.313810404171688,53.78155577764704],[-1.2922285744348618,53.76052510939913],[-1.3122387717152035,53.75588846837716],[-1.3153568248283762,53.743680673799346],[-1.2719613876392755,53.72492416446769],[-1.2690294428101794,53.71516214342854],[-1.219811856636265,53.7144190472825],[-1.2184429462125892,53.707095574572385],[-1.1988181209778423,53.700732922054435],[-1.1990153697145898,53.69488830332309],[-1.2444169507202787,53.69242954321995],[-1.2536620621560097,53.64119941953854],[-1.2278921334606419,53.61734286306088],[-1.248249872477033,53.616353325183724],[-1.2472099769994014,53.60070515634195],[-1.2576381110826733,53.59985248884583],[-1.2580281095093122,53.59199742180903],[-1.3078196751904225,53.575366950799484],[-1.3514341858182974,53.58108106050293],[-1.3561195757342623,53.59536617920254],[-1.3767029060877056,53.60647838706132],[-1.400184591579205,53.59866838508832],[-1.4476305799472955,53.61273886366941],[-1.4839184175193119,53.59488049324214],[-1.4951196350292697,53.603190269174796],[-1.4965624933760624,53.59737373730056],[-1.5186710967593733,53.599719300396],[-1.5307814018399801,53.593129370771486],[-1.5719843524916353,53.60860914272722],[-1.591151307458535,53.60678116378428],[-1.5879783233453062,53.593486584058],[-1.601752150650234,53.58775895818363],[-1.5961987512346554,53.57698688417779],[-1.615631846598391,53.56302832885269],[-1.6694658293502027,53.55322754878321],[-1.723177466695669,53.55992676479661],[-1.7300827761595676,53.54679170973913],[-1.7558189882301907,53.53668105919269],[-1.8042830176012157,53.53701335370609],[-1.822228832407402,53.521090920081335],[-1.8418208146165358,53.51990879193221],[-1.8734926210813936,53.540429683171],[-1.8941094756717887,53.53361174153581],[-1.9096207822087967,53.538390964937484],[-1.9128846171498413,53.55164361134116],[-1.9427258497884279,53.56164127074226],[-1.9481094507658905,53.5728482403001],[-1.9816462176528016,53.5893378362101],[-2.009470755392109,53.61677953810537],[-2.0230359153152797,53.61583950477972],[-2.0299966389993522,53.63616927027636],[-2.0415801167135617,53.64248735708786],[-2.035709335344394,53.65932765075442],[-2.052917732552163,53.67031671499133],[-2.051242144468682,53.683691797307034],[-2.0831671929198463,53.67807517713753],[-2.0871213193078866,53.67081002045107],[-2.114106865617477,53.67113584637435],[-2.1341273041822406,53.68573404162318],[-2.142257593355687,53.678005769366706],[-2.1452547661230903,53.69229492271945],[-2.1625829605543383,53.69922126327287],[-2.173293647312118,53.72301168562089],[-2.145407798406169,53.73605520934153],[-2.1295216230330114,53.75459049876308],[-2.1363627396255085,53.780104431671845],[-2.124815540046511,53.78805534065747],[-2.1283585621990415,53.79903129845703],[-2.0469246826271807,53.82951026575471],[-2.0461303520666085,53.850141204203176],[-2.021630659431528,53.87149705408144],[-1.9876533262130223,53.867736982458375],[-1.9770240345156105,53.875535097422315],[-1.9793501622338248,53.90117916374313],[-1.952567135432066,53.90353324131174],[-1.9532262178218072,53.91170612363538],[-1.9768671965620375,53.92641780602151],[-1.963076440266183,53.933404187184905],[-1.9705266933129963,53.9433331767888],[-1.9622894916528446,53.94320777277255],[-1.9661753072014327,53.95156120878653],[-1.950683389924017,53.95674273415169],[-1.92797975555918,53.95045885095103],[-1.8822420462556573,53.96313697777739]]]}},{"type":"Feature","properties":{"county":"North Yorkshire"},"geometry":{"type":"MultiPolygon","coordinates":[[[[-0.9432591139809299,54.58792293806011],[-0.8981809300591381,54.57195685781631],[-0.8530097378777669,54.57174399565725],[-0.8088106934344125,54.55857396151181],[-0.7745360380401606,54.557399453754805],[-0.7672573157506464,54.546423844648785],[-0.7509480999957032,54.5419057467142],[-0.7446572943660021,54.52854016158249],[-0.7129811879038463,54.53364201184489],[-0.6726694808093947,54.51252074277403],[-0.6702786651389974,54.5007549132321],[-0.6130823696713159,54.494203106990284],[-0.615953588796402,54.47442262720423],[-0.6229219894903165,54.47472599922891],[-0.6275681426202524,54.46909009763473],[-0.6154655539242815,54.47379329073489],[-0.612193078435739,54.49395296661644],[-0.5689084089310487,54.479747404337544],[-0.556948745975626,54.465120557669195],[-0.5214769497120875,54.446967820664604],[-0.5316674494380326,54.436292241528136],[-0.522785325960813,54.41627473082525],[-0.4717225748264175,54.397017938973654],[-0.4498270509368789,54.37250105110773],[-0.43263459202499466,54.34014344945032],[-0.4170528542979367,54.33146519726183],[-0.4176058803431266,54.310504447487894],[-0.40765614834476266,54.30523496852043],[-0.4058905704994462,54.292102590001456],[-0.38651366560625633,54.29009567982708],[-0.3965882393998886,54.274394047326204],[-0.36602914558037564,54.25385912807349],[-0.36950512187207757,54.24932548906831],[-0.2592594371352407,54.21587844456436],[-0.28013363698206994,54.21491367672647],[-0.28275082465862156,54.19507753787959],[-0.2644527313272828,54.17651011835188],[-0.21260600838814728,54.15760732083665],[-0.22974659572238065,54.132440357214385],[-0.26541973581639333,54.14055852802432],[-0.30408303586676433,54.13627045877858],[-0.32384197399693,54.1502968982495],[-0.3463971977848598,54.146872916056694],[-0.3749274513635386,54.154113110699704],[-0.3745260319460507,54.162564089535564],[-0.3907472513199685,54.1765207243882],[-0.4182501608038121,54.174063436668845],[-0.43316859393054674,54.164072695157756],[-0.42709379069182646,54.137442580858355],[-0.4585396670074705,54.12597364520501],[-0.45435108023297255,54.11676253327197],[-0.4659424147061408,54.107632949362454],[-0.5246123867992685,54.085474729267965],[-0.5631371835130013,54.09399956702865],[-0.5910045741772865,54.08706199533544],[-0.6155234721612599,54.0704936776581],[-0.6603169111450762,54.06310009667115],[-0.644653958844812,54.055113062683425],[-0.6594843012346392,54.037169819949625],[-0.6798686979146624,54.036673497954126],[-0.6884836410434668,54.02401070773869],[-0.6784159197150276,54.01823875607316],[-0.6817984382847719,54.0103552610274],[-0.7049023940020319,54.00607241424782],[-0.7304892582311059,54.01270079536569],[-0.7342573024044853,54.03025880523176],[-0.7991910093007313,54.01905479816701],[-0.7989880783189368,54.024090653286024],[-0.8787184700618487,54.01686261834163],[-0.8935348746828776,53.9997681248866],[-0.9252949668719996,53.991518379165214],[-0.9203135449297163,53.99009413079773],[-0.9341112210617295,53.96867221159956],[-0.9212122085866217,53.960422236735624],[-0.9276570169464838,53.952666628943646],[-0.921678191211909,53.92123463392116],[-0.9495152723597595,53.89384641287871],[-0.9196787416063266,53.889303150439694],[-0.9481323021696733,53.862115647728004],[-0.9405580297656788,53.82345144860026],[-0.9200862973949548,53.81597682201386],[-0.9344989971167152,53.80177714666587],[-0.9280466073173744,53.79715802757835],[-0.9366863351426367,53.779871813885904],[-0.9283540903137543,53.77029589917946],[-0.9320932811899069,53.762190122729926],[-0.9727852676188337,53.75002202078415],[-0.9861832300344203,53.765227430483215],[-1.0009379863109893,53.76958646376843],[-1.0258546898014613,53.76055657220406],[-1.0332810712362466,53.76553057352102],[-1.0211660959832802,53.77126228150771],[-1.026779885822693,53.77750633250583],[-1.0645793784088113,53.78480377727283],[-1.0263242961884955,53.77679973761232],[-1.0222306962660854,53.77217438734443],[-1.0308298486702936,53.76985132466353],[-1.0340606274035804,53.76474498034956],[-1.0245453109808724,53.75952216118064],[-1.0014878933335143,53.76859872109127],[-0.986978543876429,53.76421790338917],[-0.982049491173423,53.7532372364336],[-0.9638891222622273,53.746520138595635],[-0.9616080406360913,53.735701566057195],[-0.9118514866362605,53.73238504532603],[-0.9053776922946017,53.71807829431794],[-0.9578155274691161,53.7150030241568],[-0.9626410917619214,53.700793333888406],[-0.980477541035638,53.7050370391526],[-0.9801790573657307,53.69696190806861],[-1.0390743227061443,53.693892675246914],[-1.0624666555621929,53.706876625420925],[-1.0749252413843877,53.70399377635848],[-1.0810674437597667,53.684592332205725],[-1.1035704393483887,53.6695567575888],[-1.0486626142836821,53.65605751576763],[-1.0532775571668227,53.651536899224205],[-1.1217436756320531,53.646718632615276],[-1.135407258933105,53.63272868147214],[-1.1522979253872443,53.642776627100375],[-1.190313496471141,53.63591692394085],[-1.2098272044231544,53.643164094756166],[-1.2193872107065677,53.63668745374997],[-1.2174685594245258,53.62422433980812],[-1.232844284673614,53.621112238408095],[-1.2536620621560097,53.64119941953854],[-1.2444169507202787,53.69242954321995],[-1.1990153697145898,53.69488830332309],[-1.1988181209778423,53.700732922054435],[-1.2184429462125892,53.707095574572385],[-1.219811856636265,53.7144190472825],[-1.2690294428101794,53.71516214342854],[-1.2719613876392755,53.72492416446769],[-1.3153568248283762,53.743680673799346],[-1.3122387717152035,53.75588846837716],[-1.2922285744348618,53.76052510939913],[-1.313810404171688,53.78155577764704],[-1.314872087953506,53.80955745711522],[-1.3036234849893324,53.81653598141278],[-1.3360967075166954,53.83358971902595],[-1.3265571863550878,53.84042339016477],[-1.3529699332779415,53.85675076040088],[-1.3126028590938603,53.865317008938696],[-1.3222709577737763,53.900457174108105],[-1.3005879289364874,53.90748560630195],[-1.297203525117933,53.921682017428154],[-1.3073097521120343,53.9214943691745],[-1.2941801363699037,53.92706423060694],[-1.3089920255003908,53.92409794445094],[-1.306961843590308,53.934424100651825],[-1.3447117605823604,53.93950161815375],[-1.3404051740634901,53.945888205154574],[-1.3971824545397902,53.942535133479524],[-1.4091971488546304,53.93546559305294],[-1.40670950450481,53.92784967595534],[-1.4297842032932422,53.92889864188581],[-1.4324347629307732,53.911202485940706],[-1.4509278460039297,53.90713320398194],[-1.4987811612322206,53.91530697193262],[-1.5487932668483229,53.91091381588965],[-1.5525767724582016,53.90300787515769],[-1.5828998131364664,53.90935968476716],[-1.5868584221882704,53.901251936556044],[-1.5999932001173531,53.90977629996281],[-1.6520290449483401,53.90572287258539],[-1.6550829686466468,53.912484264759016],[-1.684627241514957,53.91058812082679],[-1.7070831089093492,53.91913128751936],[-1.716432638300712,53.91763477142112],[-1.7179585214236468,53.908542663697396],[-1.7421635072364328,53.91458023218482],[-1.745626097921827,53.92300379995605],[-1.7722802306004128,53.92088740162427],[-1.798009570297384,53.929714147499205],[-1.8050891297580947,53.9390226753865],[-1.847689294430517,53.940772798820134],[-1.8362000052447682,53.93142036205391],[-1.8595046438744811,53.93251302229134],[-1.8822420462556573,53.96313697777739],[-1.92797975555918,53.95045885095103],[-1.950683389924017,53.95674273415169],[-1.9661753072014327,53.95156120878653],[-1.9622894916528446,53.94320777277255],[-1.9705266933129963,53.9433331767888],[-1.963076440266183,53.933404187184905],[-1.9768671965620375,53.92641780602151],[-1.9532262178218072,53.91170612363538],[-1.952567135432066,53.90353324131174],[-1.9793501622338248,53.90117916374313],[-1.9770240345156105,53.875535097422315],[-1.9876533262130223,53.867736982458375],[-2.021630659431528,53.87149705408144],[-2.0461303520666085,53.850141204203176],[-2.0899149387349887,53.86818197837612],[-2.082457650071678,53.87755449016855],[-2.103416905358887,53.89189272848088],[-2.113176033986719,53.90461157417756],[-2.1074666146935033,53.90804298153862],[-2.124350275542904,53.92320077411214],[-2.1822814349477206,53.93539031321975],[-2.1794667869293765,53.94598578578367],[-2.1960183890005975,53.96957588053287],[-2.2257362053380394,53.9610994125175],[-2.2320154671447368,53.97122996425146],[-2.221062769351777,53.977927593590074],[-2.234578073827638,53.98178363784791],[-2.2954061573913966,53.97456774772074],[-2.3188285216741296,53.993728690026686],[-2.352357604135686,53.99467382736356],[-2.352310305541712,54.01053890501192],[-2.339560061351606,54.00943334988362],[-2.3435405566598333,54.01732751121128],[-2.3573232700263773,54.01911712720627],[-2.361999436157052,54.040669687101705],[-2.374072984771769,54.04908905964224],[-2.425826472586635,54.0380948672105],[-2.458774875309445,54.04049548797426],[-2.4695498447074127,54.046212233219485],[-2.466886471918814,54.075738786070026],[-2.4925659821988213,54.089876154182136],[-2.524009646063101,54.09462246134587],[-2.5241088908797873,54.10212935713641],[-2.563414421665834,54.124692748408215],[-2.5605045193087608,54.153052155173754],[-2.536521560590983,54.156552548421885],[-2.4608627099724316,54.22671610739849],[-2.405631973881452,54.22491519673433],[-2.3967796755173874,54.23938110658449],[-2.373020638124236,54.24009893393006],[-2.3723252299098188,54.24823461622648],[-2.3623171119994533,54.249752627015866],[-2.3480524446814592,54.23780666335873],[-2.325646613084867,54.241438362868124],[-2.3155142102420614,54.27028492300266],[-2.325891768093924,54.27969291689325],[-2.317191899191952,54.287165641249345],[-2.3241720109843116,54.293605179887635],[-2.323032340524659,54.31108278358472],[-2.3098414516822476,54.32431497738142],[-2.3677122757527638,54.35607058367713],[-2.34464791285656,54.359628490103205],[-2.317042502467355,54.37631048815016],[-2.297440451322588,54.37689879937778],[-2.2919866754164695,54.3914863765357],[-2.3063429612642175,54.39875715753824],[-2.3082135100449777,54.416488198500886],[-2.291853495274995,54.431462551274706],[-2.29286525066657,54.43930750250747],[-2.267902932250828,54.44723359086723],[-2.189315567069303,54.4489784982791],[-2.177508473913604,54.461625719677855],[-2.159267565998117,54.45548347074446],[-2.116596167647237,54.462263504935464],[-2.0431984866724,54.483599456499356],[-2.0447294736850057,54.475186300279184],[-1.9967644110659628,54.46690343935246],[-1.9700595501780922,54.45152153291562],[-1.9425431992669675,54.45339534598903],[-1.8591299350617914,54.481857883488395],[-1.8578005315730537,54.503539780931995],[-1.8394332480712976,54.50843719329333],[-1.792976487016095,54.484492471843694],[-1.7871772515219086,54.50103901109056],[-1.7761323177561625,54.506728540112654],[-1.7796964928485053,54.53187303608374],[-1.7330913358845284,54.52773637542854],[-1.721310831045569,54.54230173054087],[-1.6579371347003362,54.53458892390289],[-1.6546751496478078,54.52465013106677],[-1.6322934346314324,54.52400915372446],[-1.6393266839511598,54.51641477186718],[-1.6285574870732844,54.51379311839185],[-1.6095204962778487,54.51990820008978],[-1.6006232702942944,54.517097752931534],[-1.6027591400931394,54.51061441143782],[-1.5795271916215272,54.511627039259245],[-1.5918807348272983,54.504300878638645],[-1.5791152630429992,54.50511455844289],[-1.5835248770259687,54.497751498447684],[-1.555195181230286,54.484978196075296],[-1.5478486874925117,54.472321514457136],[-1.5194600458517582,54.47164947542766],[-1.5301508819242375,54.47575092291038],[-1.529159055002682,54.48471881824236],[-1.5141318853317898,54.48377506774086],[-1.5113407707111561,54.47501224803505],[-1.4917755302001516,54.4862004694444],[-1.49905233325534,54.47567824308729],[-1.4753727534265857,54.47384514384218],[-1.4676192188176767,54.46215055991579],[-1.472052218450715,54.45559956091474],[-1.4631012563235213,54.451377581953544],[-1.4561500049718905,54.45244923158925],[-1.4627913607190992,54.461392274046815],[-1.4534138609853948,54.4660154336354],[-1.4637987421578593,54.473550839010926],[-1.4593861052320114,54.49458162664178],[-1.4755593739617492,54.498108302613346],[-1.4577979811259099,54.50364786615959],[-1.4265831417334753,54.484779411531825],[-1.432117795095018,54.47945457515884],[-1.4127863928142137,54.47719541733198],[-1.4070887459955335,54.493529666634224],[-1.3830650412668593,54.487286475361344],[-1.376622324997956,54.50249122516114],[-1.3586727390122242,54.50437542237295],[-1.3592456722067878,54.51227011400938],[-1.3479301658394636,54.503360819066835],[-1.337008539178416,54.50857510211944],[-1.3404007907393198,54.528848211097426],[-1.3315346827689862,54.53583755475004],[-1.3077423408330024,54.53895994198675],[-1.3086342238494961,54.565311601242904],[-1.2658423577345677,54.5682513794629],[-1.2512374013333145,54.590710034669925],[-1.2011447427444748,54.57782881233835],[-1.1602532434420176,54.604540082061206],[-1.146770270233949,54.59909510619762],[-1.157591906181519,54.605449937074674],[-1.1491290399910252,54.61433174382458],[-1.1546241558256631,54.627503490499386],[-1.1354464211016406,54.62963192779829],[-1.141909057131745,54.63816946542251],[-1.1374970053245712,54.64751745839226],[-1.1387462027597615,54.64069297514091],[-1.1188125155907873,54.62886144431162],[-1.0595920887630803,54.618055317839605],[-0.9844317588715203,54.58931211928969],[-0.9432591139809299,54.58792293806011]]],[[[-1.1494093966742944,54.63468246424251],[-1.1509704677531603,54.63195514719119],[-1.1505117495683657,54.6351620024386],[-1.1494093966742944,54.63468246424251]]]]}},{"type":"Feature","properties":{"county":"Durham"},"geometry":{"type":"Polygon","coordinates":[[[-1.2409258263772733,54.62467732911922],[-1.2341233894599977,54.62879688358024],[-1.232193658829444,54.625569225888604],[-1.2161376474451708,54.622406552332116],[-1.2175081521580604,54.6207473533349],[-1.1735591942426524,54.62150516573624],[-1.1671295990060273,54.62913402926583],[-1.172165902851365,54.62147767973355],[-1.1620448231643725,54.62261861391301],[-1.1605387287103683,54.61037350730977],[-1.2044553375906935,54.58263292182844],[-1.2453888325914,54.593825474208884],[-1.2585814349421272,54.58886612801501],[-1.2622283713459543,54.57293210746749],[-1.2679346072508435,54.57821417279493],[-1.2731267250970968,54.5794409877855],[-1.2622199504044993,54.57202617361318],[-1.2668673014667724,54.56870494648595],[-1.3086342238494961,54.565311601242904],[-1.3077423408330024,54.53895994198675],[-1.3315346827689862,54.53583755475004],[-1.3404007907393198,54.528848211097426],[-1.337008539178416,54.50857510211944],[-1.3479301658394636,54.503360819066835],[-1.3592456722067878,54.51227011400938],[-1.3586727390122242,54.50437542237295],[-1.376622324997956,54.50249122516114],[-1.3830650412668593,54.487286475361344],[-1.4070887459955335,54.493529666634224],[-1.4127863928142137,54.47719541733198],[-1.432117795095018,54.47945457515884],[-1.4265831417334753,54.484779411531825],[-1.4673526916098087,54.502527353974266],[-1.4755593739617492,54.498108302613346],[-1.4593861052320114,54.49458162664178],[-1.4637987421578593,54.473550839010926],[-1.4534138609853948,54.4660154336354],[-1.4627913607190992,54.461392274046815],[-1.4561500049718905,54.45244923158925],[-1.472052218450715,54.45559956091474],[-1.4676192188176767,54.46215055991579],[-1.4753727534265857,54.47384514384218],[-1.49905233325534,54.47567824308729],[-1.4917755302001516,54.4862004694444],[-1.5113407707111561,54.47501224803505],[-1.5141318853317898,54.48377506774086],[-1.529159055002682,54.48471881824236],[-1.5301508819242375,54.47575092291038],[-1.5194600458517582,54.47164947542766],[-1.5478486874925117,54.472321514457136],[-1.555195181230286,54.484978196075296],[-1.5835248770259687,54.497751498447684],[-1.5791152630429992,54.50511455844289],[-1.5918807348272983,54.504300878638645],[-1.5795271916215272,54.511627039259245],[-1.6027591400931394,54.51061441143782],[-1.6006232702942944,54.517097752931534],[-1.6095204962778487,54.51990820008978],[-1.6285574870732844,54.51379311839185],[-1.6393266839511598,54.51641477186718],[-1.6322934346314324,54.52400915372446],[-1.6546751496478078,54.52465013106677],[-1.6579371347003362,54.53458892390289],[-1.721310831045569,54.54230173054087],[-1.7330913358845284,54.52773637542854],[-1.7796964928485053,54.53187303608374],[-1.7761323177561625,54.506728540112654],[-1.7871772515219086,54.50103901109056],[-1.792976487016095,54.484492471843694],[-1.8394332480712976,54.50843719329333],[-1.8578005315730537,54.503539780931995],[-1.8591299350617914,54.481857883488395],[-1.9425431992669675,54.45339534598903],[-1.9700595501780922,54.45152153291562],[-1.9967644110659628,54.46690343935246],[-2.0447294736850057,54.475186300279184],[-2.0431984866724,54.483599456499356],[-2.159267565998117,54.45548347074446],[-2.170212967703936,54.45819874431341],[-2.1593671588562144,54.47114389907416],[-2.172397970663926,54.53244411986749],[-2.197530554188082,54.53270396505221],[-2.209488177013076,54.551713337288675],[-2.3045145218031493,54.59619784072464],[-2.3249377288382034,54.63165023985902],[-2.287978740484879,54.650480077921806],[-2.2928749886610618,54.663885332356735],[-2.3275694262173716,54.670873396307215],[-2.351593709404257,54.685736366633414],[-2.3554708431658558,54.697173954420926],[-2.325746702836592,54.72662919204389],[-2.332305752060465,54.731996120432825],[-2.322478627347664,54.76397076236194],[-2.3084868131476863,54.77354278542209],[-2.3120894759789263,54.791015005604024],[-2.2826777768470716,54.7982521091406],[-2.2189066930188086,54.7823774179831],[-2.1986006318823574,54.80673626573542],[-2.1694700769172637,54.80360995262438],[-2.164264844995343,54.81582781919469],[-2.1431305108878336,54.82695921847978],[-2.1381619627275734,54.842369498156906],[-2.082475627052886,54.83822206247713],[-2.03975652817341,54.8482915458177],[-1.9953622381146598,54.87003877184274],[-1.9224097022217563,54.84975186313772],[-1.9271933508969146,54.841373342802626],[-1.9152005847928508,54.83397800151697],[-1.8666004957158941,54.855385521346285],[-1.8696711414236633,54.86155782371657],[-1.850963756903276,54.884688544946854],[-1.854436644267501,54.89118451220412],[-1.827696744263559,54.90549358037544],[-1.760825640250696,54.90851161880629],[-1.7375905242378713,54.91869984449355],[-1.7249075325532222,54.90880048400836],[-1.6905728141467116,54.90266575271098],[-1.6748375447754333,54.90930242409487],[-1.6781337216488812,54.89984512491144],[-1.6599510032232554,54.89066484345018],[-1.6500117146831288,54.89362641180949],[-1.6509821132952136,54.87966715793756],[-1.5937693627469727,54.90174683856712],[-1.5799095077978276,54.8777701408475],[-1.5594108423845006,54.88203709563008],[-1.5618097102400308,54.87571671942601],[-1.5066701546535197,54.87114080558094],[-1.5042796530270237,54.83122977194402],[-1.4818556116446946,54.80965142732692],[-1.493508357423063,54.79999784766373],[-1.422543038321111,54.80317538703856],[-1.4130126926236488,54.82330628882046],[-1.4216074858677192,54.83809168203339],[-1.4135797469977198,54.84486206832003],[-1.3816634024136136,54.847159712097145],[-1.368865556494756,54.857625812646944],[-1.347404706218426,54.86056762501555],[-1.3206667298169774,54.837552848459474],[-1.3293462882125828,54.83796127148785],[-1.3216070352235487,54.836725015048756],[-1.3258845601361218,54.83229402774406],[-1.3126283798325873,54.81177969584624],[-1.3090458457658751,54.78162360510981],[-1.2923268250390096,54.760960718525354],[-1.2459213226345205,54.72344057148483],[-1.1752467782622158,54.69658648361695],[-1.1963293865409588,54.6985649775488],[-1.1875096554770619,54.6939094541029],[-1.197882365467071,54.69180538022107],[-1.1984886596396362,54.6795240961629],[-1.17610698655257,54.6536285599538],[-1.1579681012060328,54.64831799313211],[-1.1730872396860161,54.63340579639621],[-1.1604247078755283,54.63519245381353],[-1.167230880303073,54.63267101182128],[-1.188609808354739,54.63271271493875],[-1.205242062610523,54.62273433153092],[-1.2320502925841226,54.625862182690675],[-1.2359496478132712,54.6336774086128],[-1.2390925074535066,54.626350662718984],[-1.253832196687013,54.62748738718476],[-1.2409258263772733,54.62467732911922]]]}},{"type":"Feature","properties":{"county":"Cheshire"},"geometry":{"type":"Polygon","coordinates":[[[-2.7576540799353046,53.38073789254475],[-2.745174605499206,53.402095648481286],[-2.715226797703995,53.399034871811146],[-2.705042142623934,53.38674578667878],[-2.6763171836144273,53.38761933030923],[-2.6668562013235215,53.416263916657535],[-2.672319782030736,53.42202470869217],[-2.663852430499858,53.429666628670994],[-2.6752677024556863,53.432965304698506],[-2.668771656677692,53.44104404843179],[-2.6821682497856405,53.43923436336373],[-2.677166916492685,53.45275302190937],[-2.6395399130536052,53.44442209345959],[-2.627462363829727,53.4344125828963],[-2.5962305280119904,53.442666252543745],[-2.5986849443323683,53.450413791025824],[-2.584596585646475,53.44039313198075],[-2.5703899213570245,53.45847555113258],[-2.549075722024517,53.461485831999205],[-2.552638568167549,53.46781340411275],[-2.4963344949932047,53.48092941730573],[-2.478153342865894,53.443417511428535],[-2.4515435354876662,53.426709035206734],[-2.4493782381791362,53.4158914656648],[-2.4784544006860587,53.396218563020966],[-2.410596456902109,53.38386554938936],[-2.3650272261395933,53.36310599096463],[-2.3400837505334753,53.36737286636378],[-2.29693022687386,53.3485838453089],[-2.3016615988030913,53.340224166668825],[-2.2564473427305765,53.36067680430033],[-2.2161417119324955,53.358866599491435],[-2.1854409211870895,53.35265973629096],[-2.1809772399714955,53.344043816476166],[-2.194162816986322,53.3386504474291],[-2.184876824437449,53.33269142326326],[-2.1525354004652724,53.328553250460054],[-2.144099271104977,53.34287103268985],[-2.151190554979793,53.34813314080405],[-2.1381967227623813,53.35689130331956],[-2.1390252967123122,53.36731702150432],[-2.061163380761435,53.358438217315644],[-2.040563636957071,53.37408780594191],[-2.00899814329903,53.362010991524606],[-2.0046597747356705,53.34600966023767],[-2.0136499217924357,53.332420131501145],[-2.0015510109768355,53.31892178935367],[-2.009329112065082,53.302314141215504],[-2.0094818167727246,53.260652471170246],[-1.9997312400665757,53.24504889938366],[-1.974858766196481,53.23106104897673],[-1.9902645581924603,53.22299892247509],[-1.9874077496786242,53.21358587478065],[-2.001665755949103,53.19305523215972],[-2.046417878059049,53.19268182488672],[-2.058242439545327,53.176321280163926],[-2.078049906232374,53.170442687568695],[-2.1153640201865183,53.169516942740536],[-2.1407313500540956,53.18357868788071],[-2.1414107855106117,53.156652415551946],[-2.155644912343687,53.15961893664211],[-2.2465801934117184,53.090185968886644],[-2.253248486578233,53.093977017808704],[-2.2944608801964894,53.07829581243556],[-2.316728037777113,53.0811150529784],[-2.348594495278399,53.05582571669564],[-2.375059839972457,53.05453069149818],[-2.3851236495792953,53.04809102250234],[-2.3842274510772734,53.02616761842094],[-2.370467856201392,53.01457588863613],[-2.3830446373841165,53.007786778424546],[-2.380793640653091,52.998411065076084],[-2.438168624878323,52.98556770227023],[-2.4346140600792125,52.96952131401419],[-2.4811527712667423,52.95881789816595],[-2.521319615309971,52.97430154759974],[-2.529515841046125,52.94716484775037],[-2.5612628614738258,52.964952084538425],[-2.5862030083981313,52.95531447706584],[-2.597693440191885,52.963006002706955],[-2.5948890737565855,52.979607143877615],[-2.635074495515799,52.99673422742314],[-2.6746623117224297,52.985662774280684],[-2.69929242541042,52.99543881492112],[-2.726840602020411,52.98327294362855],[-2.7599401949091154,52.986419634906184],[-2.7682753636692654,52.99486047625075],[-2.8262997209672256,52.99377137401174],[-2.8359955564621897,52.997150186614384],[-2.8440619778961245,53.017668363732035],[-2.858701731564191,53.019899943820285],[-2.85571501449444,53.03725586777664],[-2.8701179403550974,53.04536056873783],[-2.8592356067682414,53.05416475215726],[-2.8725626825524566,53.058708072009715],[-2.861513093958347,53.06077431129731],[-2.881750695264967,53.07459448739063],[-2.875722217123094,53.08152202970695],[-2.9009438003007646,53.0908335572088],[-2.88094229697923,53.121374737851944],[-2.910232329525687,53.112638957089025],[-2.9436703937497906,53.12162576586026],[-2.9794980364977297,53.150621611809264],[-2.992928978600926,53.15328811403985],[-2.9278414878269095,53.171410444546304],[-2.9222993476386163,53.18929269917001],[-2.949510039319428,53.211279716371884],[-3.0164230612643133,53.24412173568706],[-3.0973554569622608,53.26357498878485],[-3.0966797649282105,53.27232140895899],[-3.091738146886686,53.264534460352614],[-3.084138091038754,53.26233852196853],[-3.091591846172732,53.26467693024728],[-3.0811497743496714,53.263154916679234],[-3.0889634709819216,53.271338592201566],[-3.078059668527169,53.26910589075538],[-3.091817038808981,53.278336659202985],[-3.0641757258908373,53.27324701511241],[-3.090638580566885,53.284533805856626],[-3.0837404388196257,53.290056731956724],[-3.0963139051950628,53.28433254131],[-3.1095847400500194,53.29314327356925],[-3.096396220474823,53.29422347972451],[-3.1059833834966737,53.29521006719837],[-3.0949937092583273,53.30402197207356],[-3.0847362858763696,53.296201665374944],[-3.094638991338279,53.30420989762152],[-3.0726496754779586,53.31585430427605],[-3.0297600082284064,53.29899213772817],[-2.992737815610769,53.30710878331546],[-2.968033296688178,53.3012551093274],[-2.939551319692313,53.31041563488773],[-2.878389654976021,53.29078281922093],[-2.8396011011988813,53.29873691420276],[-2.8482881567422966,53.302114667090024],[-2.842997415206887,53.30753658035639],[-2.78896607709901,53.29545088859475],[-2.75243199618654,53.314759628824575],[-2.763377708134358,53.32754971101206],[-2.7537729555960073,53.3434470177291],[-2.7219782846334413,53.34450764314831],[-2.699515769394031,53.35668280389416],[-2.6751881693249793,53.35445502818025],[-2.656768423873802,53.37409859116809],[-2.642327313269084,53.372462048237026],[-2.6389636798745313,53.37840372791271],[-2.660174530190736,53.373907241056074],[-2.6744884088131977,53.356762833658436],[-2.705651460349836,53.36147285367471],[-2.7343092800734663,53.34777454945983],[-2.7586714195534143,53.34955371349567],[-2.778278761267895,53.33261312131892],[-2.784287791839662,53.33643095157848],[-2.777708231419062,53.32923430432415],[-2.789806513170202,53.3223565232399],[-2.832457303217845,53.33728947774635],[-2.8187798745443087,53.33977154129373],[-2.8090643385948644,53.355081347090255],[-2.7873017229574066,53.35629039621995],[-2.7766710534347734,53.38105868293533],[-2.7576540799353046,53.38073789254475]]]}},{"type":"Feature","properties":{"county":"Lancashire"},"geometry":{"type":"MultiPolygon","coordinates":[[[[-2.3712361598890435,53.66708068336204],[-2.3626410629631516,53.65598872364928],[-2.370327902744357,53.6315343407899],[-2.3978458324952103,53.6322081383759],[-2.4012093960733956,53.62459909096393],[-2.425853446141704,53.62585940438313],[-2.438724393484819,53.64604545401626],[-2.4502703361226255,53.64143202540802],[-2.453780855690411,53.62197438439435],[-2.4729928862175625,53.6166318563148],[-2.51132296446014,53.62699499443088],[-2.574003431424984,53.59429077846381],[-2.5959257555793993,53.610814983306824],[-2.62590675349951,53.593683267906044],[-2.636161077952009,53.60829060732746],[-2.6893125481277473,53.60430283228372],[-2.693375940517036,53.58940871507571],[-2.7192226248521756,53.57611415256006],[-2.704738102356891,53.56186047953981],[-2.7186078706670522,53.54356011828971],[-2.717925562374859,53.52721115643789],[-2.7598315673039475,53.512537141165275],[-2.782476487787793,53.531430164627025],[-2.816740225622259,53.51217450275188],[-2.8255743509090236,53.48278165736843],[-2.8710672517397504,53.49499699404323],[-2.8923890354470663,53.51114609166351],[-2.8812073191432632,53.52000205047411],[-2.9230093834965025,53.52522004809434],[-2.9478490428398603,53.54433978046794],[-2.97837703500214,53.54288497718758],[-2.963247897337537,53.52483707696402],[-2.9759936355027556,53.51529104515819],[-3.025090688619388,53.539006157890604],[-3.0386842277619297,53.53829925004651],[-3.046698573891413,53.54295831000521],[-3.0388091763711316,53.5519052687923],[-3.040588733627075,53.56500248651186],[-3.022620050410756,53.569597902822736],[-3.020768496959318,53.582814469066875],[-3.033342531802844,53.58511992930635],[-3.032148174841108,53.59852960903727],[-2.9973335468373716,53.62688565766645],[-2.9818230909153307,53.62220517223069],[-2.967768756711565,53.63106383580414],[-2.9401434688573307,53.65861054380294],[-2.947437893702935,53.66734910623722],[-2.944307906301572,53.67912967812427],[-2.9524937352560983,53.6822791401914],[-2.946785692389518,53.68801757331179],[-2.956216108628274,53.697488342447365],[-2.9415289240149898,53.6965385670992],[-2.95510567125464,53.704437971269556],[-2.943781820514636,53.70815082573734],[-2.9371185130969812,53.70451969060214],[-2.928842521068279,53.70450590263252],[-2.9482432924235007,53.71178195037493],[-2.9359024166361123,53.72542786094556],[-2.915506496155751,53.71333978017382],[-2.9293482447117323,53.72416119801981],[-2.915093882708112,53.726098307829936],[-2.8947100614546324,53.70888514250479],[-2.9120754690307913,53.72480186789084],[-2.899064121171516,53.72153512306017],[-2.905876370084956,53.725939227052784],[-2.8646682476106444,53.73392306264116],[-2.826309665139363,53.7132010727254],[-2.8168856263804165,53.71775641173557],[-2.835433413648582,53.72434165493385],[-2.824409632261986,53.73080078560308],[-2.8358039916384747,53.724763315457594],[-2.842988585097036,53.728968866953785],[-2.834322365184376,53.73046328324955],[-2.844940443289591,53.73371352019466],[-2.8343532944272227,53.73769418483551],[-2.845378233154729,53.7341517541082],[-2.844686230077441,53.730104699507024],[-2.854832702989782,53.735330334596895],[-2.822331498296542,53.743702555101535],[-2.8186352381507396,53.739897992482476],[-2.832022700443111,53.736981468241666],[-2.8289811394274818,53.73333714800182],[-2.817794049740083,53.739520845207565],[-2.820069312434259,53.7443301919935],[-2.720789094943557,53.756876015302026],[-2.7879047347238197,53.75327492951334],[-2.7939668248748997,53.76129867849496],[-2.788497101234152,53.75324136481034],[-2.8557403127242154,53.738519201451815],[-2.858738413091235,53.75061309230482],[-2.856651747939723,53.73845784781841],[-2.9291630980243952,53.73150879919491],[-2.936506366918384,53.73228392065338],[-2.922023728287546,53.73498496919272],[-2.949354723184386,53.73270418966861],[-2.9302055151652024,53.739937469292904],[-2.936780560221748,53.744620946147336],[-2.949671680513742,53.734868207834126],[-2.9800842156834975,53.73442280845131],[-3.038996746658846,53.74749821904307],[-3.055022889600451,53.76198506437528],[-3.0610106391644467,53.79532915109316],[-3.047950215116018,53.87573168748467],[-3.0501654418618327,53.919211387717745],[-3.005301625362808,53.92657379702723],[-3.0125149102433384,53.91982155204585],[-3.005716970878451,53.918651774885554],[-3.0059351683902573,53.90315553739002],[-3.0150619396708063,53.90443940387589],[-2.9688108922741403,53.873980571830444],[-2.978991056961232,53.87080511012798],[-2.9818166473892176,53.85807283049912],[-2.9599850911394205,53.86104662555357],[-2.943946584141351,53.85008419937805],[-2.9206784228,53.85652432621454],[-2.9141561488790075,53.85912385027434],[-2.9063157443871215,53.864410205571005],[-2.896102332932414,53.860460185078814],[-2.8803625815611102,53.861081895498806],[-2.9094111846846724,53.864944061932306],[-2.9447339597957427,53.85231067843342],[-2.9585350930075855,53.86260058463137],[-2.9722897168698115,53.86462188203978],[-2.9629887858480517,53.878090950397514],[-2.9912212921267898,53.89554665411861],[-2.99453567842328,53.905369591743614],[-2.984954039693349,53.904245523280736],[-2.9967276397128164,53.90894244960073],[-2.9966644842326327,53.93107960687837],[-2.915008595987172,53.95151299674009],[-2.9189216093210892,53.94260176520334],[-2.891223105203139,53.93946939333341],[-2.885599928949534,53.94397796783778],[-2.8947890141710437,53.945507854690106],[-2.8744040489342098,53.94582435849821],[-2.8762127598780074,53.951284748729165],[-2.8658116773393427,53.95277220387972],[-2.8754438524964976,53.95240484702468],[-2.8576488691308417,53.95858478233347],[-2.8572622790271907,53.965294227024565],[-2.8356482963253797,53.95427841440589],[-2.854167474597261,53.96534594510385],[-2.841227490908935,53.96594331878751],[-2.8439925582485235,53.96820320946071],[-2.866981942869589,53.968485197193196],[-2.879044412864108,53.97912080422337],[-2.856087269949623,53.999580078100436],[-2.823239996626119,53.99475045191483],[-2.8327419831898086,53.998518226044844],[-2.8294734198249554,54.015496970481834],[-2.829262165325661,54.03430521269454],[-2.8300638334694557,54.03766830844013],[-2.83185976346389,54.032420523037636],[-2.841657001619043,54.044608805956486],[-2.7992608328975703,54.05206680217305],[-2.792030587786156,54.06092984547947],[-2.7932497123692577,54.062919854317286],[-2.7970858094411155,54.05487384588307],[-2.8381647876033234,54.049102197735685],[-2.850332966896593,54.04110136603475],[-2.8334594633935835,54.02852134402523],[-2.8437497170563004,54.02141130500125],[-2.834025313166537,54.022405761411584],[-2.8352237440151162,54.01084557484792],[-2.8532881476912633,54.00555794727435],[-2.8449980943213813,54.01486216108505],[-2.8607815389997495,54.00387413280593],[-2.870899796317775,54.01451570549288],[-2.864806270403474,54.00497320082523],[-2.872637503222942,54.007647134126685],[-2.881040316164666,53.989452882322176],[-2.887367753603434,54.00168464973869],[-2.886109766394455,53.99102349890366],[-2.900227837672367,53.99203310003294],[-2.9037468619531146,53.99843588445513],[-2.896939070238002,54.00073380119057],[-2.906948531297304,54.00702865972729],[-2.903418545555073,54.02056330054584],[-2.924423532536209,54.03132768865054],[-2.9122777461427938,54.03380227693088],[-2.922744656236223,54.03362306855851],[-2.9059771958202916,54.03971990060743],[-2.905786109571624,54.04826337060588],[-2.877973997841648,54.07441540630439],[-2.8204734293078046,54.08857445736206],[-2.828615840944159,54.08964222692952],[-2.8212557102008384,54.094192765097475],[-2.8269472996095404,54.09997694845896],[-2.808579779174744,54.108147544696564],[-2.785088414352765,54.135047150670545],[-2.7946354252188903,54.12775292035458],[-2.804777558688671,54.13136326771431],[-2.805926762790931,54.122608688802295],[-2.8207207757091726,54.122982302502884],[-2.8305108456349983,54.13463336495963],[-2.8280051910412056,54.14351975758713],[-2.8418757329736852,54.149680773946336],[-2.836700356392173,54.15072619741134],[-2.8629846179003025,54.155487403496586],[-2.8694838564442233,54.17667666340543],[-2.837216870849134,54.17417238178476],[-2.799229741145208,54.19773193522744],[-2.768231935885862,54.18596410288324],[-2.7343869606330222,54.184110993161966],[-2.736489060190044,54.169026844185765],[-2.6798762533844873,54.16113472663688],[-2.6399644546496535,54.202045355874965],[-2.6249569409106046,54.19556871338511],[-2.5507510910664646,54.200292965857784],[-2.4595852698514955,54.239568374617406],[-2.4608627099724316,54.22671610739849],[-2.479958339009241,54.20231274081177],[-2.528721256978887,54.16951196767785],[-2.536521560590983,54.156552548421885],[-2.5605045193087608,54.153052155173754],[-2.563414421665834,54.124692748408215],[-2.5241088908797873,54.10212935713641],[-2.524009646063101,54.09462246134587],[-2.4925659821988213,54.089876154182136],[-2.466886471918814,54.075738786070026],[-2.4695498447074127,54.046212233219485],[-2.458774875309445,54.04049548797426],[-2.425826472586635,54.0380948672105],[-2.374072984771769,54.04908905964224],[-2.361999436157052,54.040669687101705],[-2.3573232700263773,54.01911712720627],[-2.3435405566598333,54.01732751121128],[-2.339560061351606,54.00943334988362],[-2.352310305541712,54.01053890501192],[-2.352357604135686,53.99467382736356],[-2.3188285216741296,53.993728690026686],[-2.2954061573913966,53.97456774772074],[-2.234578073827638,53.98178363784791],[-2.221062769351777,53.977927593590074],[-2.2320154671447368,53.97122996425146],[-2.2257362053380394,53.9610994125175],[-2.1960183890005975,53.96957588053287],[-2.1794667869293765,53.94598578578367],[-2.1822814349477206,53.93539031321975],[-2.124350275542904,53.92320077411214],[-2.1074666146935033,53.90804298153862],[-2.113176033986719,53.90461157417756],[-2.103416905358887,53.89189272848088],[-2.082457650071678,53.87755449016855],[-2.0899149387349887,53.86818197837612],[-2.0461303520666085,53.850141204203176],[-2.0469246826271807,53.82951026575471],[-2.1283585621990415,53.79903129845703],[-2.124815540046511,53.78805534065747],[-2.1363627396255085,53.780104431671845],[-2.1295216230330114,53.75459049876308],[-2.145407798406169,53.73605520934153],[-2.173293647312118,53.72301168562089],[-2.1625829605543383,53.69922126327287],[-2.1452547661230903,53.69229492271945],[-2.1638528909350585,53.654866346905145],[-2.161352812615019,53.64137417256672],[-2.1853958648542218,53.63822409724142],[-2.1824071351573413,53.64825761437539],[-2.2258238062214755,53.67076784388283],[-2.2698661130429376,53.64613658877622],[-2.2567690429244447,53.62039792772472],[-2.2717870280185304,53.61451423964627],[-2.2957373317788003,53.64149600979627],[-2.2989592304168824,53.666690515984214],[-2.31555963175062,53.655077598157824],[-2.3712361598890435,53.66708068336204]]],[[[-2.942145197132327,53.85123016012626],[-2.942210969840814,53.85118181659319],[-2.942245163231274,53.85120400163126],[-2.942145197132327,53.85123016012626]]],[[[-2.8006450643233105,54.12245522354989],[-2.804517764654051,54.120249846710145],[-2.8038740941428517,54.12253703344499],[-2.8006450643233105,54.12245522354989]]],[[[-2.893328252959916,53.98957695605744],[-2.898290757379242,53.98778642729398],[-2.9000602488461085,53.990558537592385],[-2.893328252959916,53.98957695605744]]]]}},{"type":"Feature","properties":{"county":"East Riding of Yorkshire"},"geometry":{"type":"MultiPolygon","coordinates":[[[[-0.34747441126924045,53.7804927960028],[-0.3484050745087692,53.77544956663339],[-0.3282342739490542,53.76494892072855],[-0.33661099196633304,53.75977602078546],[-0.32892660221322045,53.75390265905916],[-0.3331961237953989,53.751773127875275],[-0.331089342188815,53.739763002220364],[-0.4341759788944453,53.716194492758284],[-0.5425525019524845,53.70844272857572],[-0.5853543555097932,53.72717621330781],[-0.6280981249132469,53.73214368953174],[-0.6372489307698599,53.728893451798],[-0.6185344513957024,53.7305102232374],[-0.6729963096675591,53.721340345378835],[-0.7001235266876552,53.70375978590074],[-0.7425986360120879,53.706981481190866],[-0.7790521039430499,53.69746629048],[-0.813162324146253,53.70675986817897],[-0.8516928779213057,53.686452321310135],[-0.8627214048459148,53.69626703123954],[-0.8427454073306088,53.70840732826705],[-0.8455869667493551,53.72835354134689],[-0.8582507322705116,53.73211431454659],[-0.8722786715282231,53.72401081921201],[-0.9111994066735917,53.73339340150612],[-0.9610657409707739,53.736714890326276],[-0.9625505029569752,53.74673739230869],[-0.9727852676188337,53.75002202078415],[-0.9320932811899069,53.762190122729926],[-0.9283540903137543,53.77029589917946],[-0.9366863351426367,53.779871813885904],[-0.9280466073173744,53.79715802757835],[-0.9344989971167152,53.80177714666587],[-0.9200862973949548,53.81597682201386],[-0.9405580297656788,53.82345144860026],[-0.9481323021696733,53.862115647728004],[-0.9196787416063266,53.889303150439694],[-0.9495152723597595,53.89384641287871],[-0.921678191211909,53.92123463392116],[-0.9276570169464838,53.952666628943646],[-0.9212122085866217,53.960422236735624],[-0.9341112210617295,53.96867221159956],[-0.9203135449297163,53.99009413079773],[-0.9252949668719996,53.991518379165214],[-0.8935348746828776,53.9997681248866],[-0.8787184700618487,54.01686261834163],[-0.7989880783189368,54.024090653286024],[-0.7991910093007313,54.01905479816701],[-0.7342573024044853,54.03025880523176],[-0.7304892582311059,54.01270079536569],[-0.7049023940020319,54.00607241424782],[-0.6817984382847719,54.0103552610274],[-0.6784159197150276,54.01823875607316],[-0.6884836410434668,54.02401070773869],[-0.6798686979146624,54.036673497954126],[-0.6594843012346392,54.037169819949625],[-0.644653958844812,54.055113062683425],[-0.6603169111450762,54.06310009667115],[-0.6155234721612599,54.0704936776581],[-0.5910045741772865,54.08706199533544],[-0.5631371835130013,54.09399956702865],[-0.5246123867992685,54.085474729267965],[-0.4659424147061408,54.107632949362454],[-0.45435108023297255,54.11676253327197],[-0.4585396670074705,54.12597364520501],[-0.42709379069182646,54.137442580858355],[-0.43316859393054674,54.164072695157756],[-0.4182501608038121,54.174063436668845],[-0.3907472513199685,54.1765207243882],[-0.3745260319460507,54.162564089535564],[-0.3749274513635386,54.154113110699704],[-0.3463971977848598,54.146872916056694],[-0.32384197399693,54.1502968982495],[-0.30408303586676433,54.13627045877858],[-0.26541973581639333,54.14055852802432],[-0.22974659572238065,54.132440357214385],[-0.21260600838814728,54.15760732083665],[-0.09375158823017841,54.12840067587975],[-0.07616194654443376,54.11461317339977],[-0.10472627115529656,54.10412590333897],[-0.16480622317048707,54.09957996253632],[-0.20851527558973004,54.0638704940997],[-0.21505679807587844,54.015834931778066],[-0.1539650389274138,53.899320689467025],[-0.04433335820153163,53.795434084687805],[0.1169993800821535,53.662259109767426],[0.14825087623940825,53.602918022307946],[0.14378163275605232,53.59615168228021],[0.10834663064402085,53.57147195084053],[0.1466706827943562,53.60344977141142],[0.12456402032302467,53.623415461044615],[0.08923921519265544,53.63791275277232],[0.03448354144644867,53.649211996193245],[-0.054091215380529356,53.629011665707566],[-0.10354674930055517,53.63534188728298],[-0.22725497241045037,53.70849382588981],[-0.23533645042271806,53.72837702701988],[-0.24319464188177592,53.72957647366706],[-0.2427701575636927,53.73880849735133],[-0.24730786209296127,53.74115010510386],[-0.2502708316777542,53.73332360597172],[-0.27324377549663315,53.74091071328253],[-0.32976786081044535,53.738553574880314],[-0.32853670786950867,53.75376320687703],[-0.33562633598016584,53.759289845584505],[-0.3278115293221859,53.764992489781335],[-0.34747441126924045,53.7804927960028]]],[[[-0.9051417475559755,53.72708576713793],[-0.8607420469561328,53.72215884189567],[-0.8545872472003875,53.7302318209904],[-0.8440424580545735,53.713318653712896],[-0.8677583948636995,53.69747155715197],[-0.886154157214198,53.69464262847081],[-0.9460082529137637,53.67986198044777],[-0.9902409061248351,53.67370239716299],[-0.9457789088746125,53.67940606266985],[-0.8674814711886131,53.696391201957034],[-0.8550062096080432,53.68460539572183],[-0.8484617317144062,53.68489054546432],[-0.8118850750739934,53.70434544080926],[-0.7750428436947737,53.69470269167272],[-0.7305873363678103,53.70432812653598],[-0.699975900295384,53.69886647866056],[-0.6981883387789979,53.68420766813466],[-0.7744996088402573,53.656209213589335],[-0.7721360139811307,53.66407527120225],[-0.7889054718656339,53.6591547368538],[-0.8482640505372526,53.63303663286602],[-0.9468446974223408,53.659141762570066],[-1.0486626142836821,53.65605751576763],[-1.1035704393483887,53.6695567575888],[-1.0810674437597667,53.684592332205725],[-1.0749252413843877,53.70399377635848],[-1.0624666555621929,53.706876625420925],[-1.0390743227061443,53.693892675246914],[-0.9801790573657307,53.69696190806861],[-0.980477541035638,53.7050370391526],[-0.9626410917619214,53.700793333888406],[-0.9573677533193451,53.71471380641854],[-0.9054417743486943,53.71669045845959],[-0.9051417475559755,53.72708576713793]]],[[[-0.8607018067760108,53.7237602304083],[-0.8643092808818807,53.7235203080296],[-0.8617361292201977,53.72626080326702],[-0.8607018067760108,53.7237602304083]]]]}},{"type":"Feature","properties":{"county":"Lincolnshire"},"geometry":{"type":"MultiPolygon","coordinates":[[[[-0.06184615970719576,53.582537198857274],[0.0219796948644043,53.51990358367728],[0.04812048344617349,53.50760966952594],[0.04541807069847234,53.51375569763654],[0.05231736571021409,53.5136661255228],[0.05203041137437554,53.50491390849069],[0.06243789247245614,53.51099354738011],[0.052377827324346975,53.51391860437604],[0.061246588453903385,53.51432332036055],[0.04738340560395382,53.514659653967016],[0.05088935139158389,53.51942175047812],[0.03776420991652124,53.52671957819478],[0.07780544311227522,53.51125321490536],[0.08499967205161686,53.51635739171461],[0.08967480786830086,53.51060570765988],[0.07828070521818292,53.50731001625981],[0.0931288273745101,53.4940161269103],[0.08727968736608034,53.49165788898158],[0.10177097013872233,53.492778388872495],[0.09637299894469803,53.48948757527329],[0.10144424567192042,53.492329238498485],[0.10158498485407029,53.48471597695155],[0.10528288907799058,53.48253436245377],[0.11148442573972159,53.48234128841443],[0.10192601848868986,53.48475754920121],[0.10567505327349606,53.488598465652174],[0.11877956032534255,53.48383122815718],[0.10419000023209521,53.49176127791405],[0.12150301303267029,53.48382873745305],[0.11011845167959847,53.48941007697889],[0.11784650202840194,53.49469525143285],[0.1081662905154863,53.50406333316809],[0.1364424008847927,53.495432148903156],[0.12857554032665888,53.484592936255886],[0.1438368253593987,53.48196547557159],[0.14747587818271715,53.49412761358436],[0.16357179854977402,53.48213814500056],[0.16803076307964177,53.47656245670514],[0.15735915246461565,53.47893048186106],[0.1914201666823134,53.449394057249435],[0.18463938045200892,53.44439383770576],[0.2006463331701964,53.436136286093124],[0.1878046165230129,53.43770823844516],[0.2125113471062503,53.42128342606526],[0.1910441682608272,53.418233745995714],[0.2223494946919688,53.41157537853808],[0.32217994350903895,53.26647103052526],[0.3556273163506039,53.192058416187656],[0.34821073374432604,53.1091842977374],[0.33862909396897584,53.1015595704801],[0.34309491638883294,53.11213084242539],[0.33785894033932645,53.101268083639226],[0.3374341819845675,53.09447756555467],[0.3323728896537506,53.08669754559968],[0.3165118714276776,53.09376609765388],[0.31996956595840054,53.098262232722476],[0.30375435526859473,53.11142803930035],[0.3189907429726856,53.098165544241795],[0.315582699767075,53.09390136119675],[0.318864374254778,53.09107145783344],[0.311634957166869,53.09490304999312],[0.30172154099981124,53.091511395596946],[0.31567152304225166,53.08871139818711],[0.1514250457777249,53.00810712214735],[0.09343715332775607,52.959444223735474],[0.07829395210146839,52.9336761570284],[0.02537591985606817,52.93949965989154],[-0.013011723084443965,52.96837457484153],[-0.024957863695781513,52.967205127909075],[-0.02172469852276948,52.973243690020034],[-0.02406688799211018,52.97448079529561],[-0.025492687770642283,52.96695944044365],[-0.012289966736511802,52.967291670093786],[0.023049296831313206,52.93958423669635],[0.07651144711334508,52.931454599403814],[0.051675059533709274,52.91719524125436],[0.042643324740487216,52.92782261481283],[0.049758765539846664,52.916915118233774],[0.041706802022696554,52.92240946096057],[0.03724092056459441,52.9243019333836],[0.03313336783356823,52.92396401309173],[0.03242147358667402,52.926669036818815],[0.03231435195401644,52.923993222692104],[0.03790400352461808,52.923228768310096],[0.029615760700419897,52.921424089897364],[0.05317169396695227,52.91587915783371],[-0.042363165448122096,52.87164419497592],[0.06855086852466233,52.91873489060179],[0.069157776232728,52.9082155539652],[0.05637630692425832,52.90339264058034],[0.0733777606195645,52.90608481197298],[0.08255822982393175,52.899956820939565],[0.0769905666085461,52.89807446788817],[0.14501432497402372,52.88509246473132],[0.13587618633860946,52.8746236967263],[0.15034988794174758,52.882239174113536],[0.1763314882859095,52.87411620305555],[0.18524668411795356,52.85570183634243],[0.2142680661311054,52.82895138489233],[0.1975103581556278,52.82969973075732],[0.2150798855138644,52.82848037210236],[0.209444596446657,52.81951821152895],[0.21490564134139165,52.82262919552962],[0.20585370324416574,52.78756819544726],[0.1950973610364164,52.76676759008233],[0.2074073511984456,52.78834095757091],[0.2168131673299654,52.820883370704315],[0.23433812887980718,52.82333145146805],[0.2688153572880232,52.81583811763818],[0.25317862024670656,52.797355181574105],[0.2609051850967586,52.796056417402404],[0.2450845121559444,52.78452377166036],[0.27220857185936836,52.77280635760529],[0.1863232384687344,52.73534859192002],[0.1329752726705756,52.73930448416108],[0.08901169550536998,52.723630137227005],[0.06390422667722484,52.72743615124509],[0.04414952819429621,52.7143823262525],[0.048012882282787044,52.68104977558219],[0.021500403898366396,52.66488728219187],[-0.03127066823143831,52.66153278239773],[-0.06378521620838741,52.67522440160005],[-0.08783705010944884,52.66678028310781],[-0.10219596521401333,52.67220617032242],[-0.14106194955691573,52.651507411484715],[-0.18002007779422496,52.66056113655133],[-0.19286780111136315,52.65243853603138],[-0.20603761243496488,52.66807335015296],[-0.2586647859222459,52.65164533808441],[-0.2790833755617099,52.666004205687784],[-0.3350370869791653,52.674865977267594],[-0.3399513770406177,52.66606645718749],[-0.4174996530179871,52.64677311690691],[-0.4504779137048943,52.654124661115375],[-0.49502586128214776,52.640236384200435],[-0.523586038762868,52.665233759370075],[-0.5066743391742924,52.65952591522672],[-0.461628758270115,52.66906155326552],[-0.4328936801940545,52.68625656764854],[-0.43044326854254394,52.70542196508439],[-0.4945308670985626,52.70965328106736],[-0.5424335967981705,52.723281403941215],[-0.5399742812982268,52.738401731460876],[-0.5726364220932715,52.75310906451077],[-0.6054438359467526,52.750492920066094],[-0.6085935521484203,52.75971343280951],[-0.6641014065691924,52.756710494569866],[-0.6831066392211682,52.794682838984826],[-0.6820412044630914,52.81179560510156],[-0.7427224852511599,52.88315720023328],[-0.7665920487149429,52.88679836786569],[-0.7584683310760113,52.90049004233143],[-0.7745428646833625,52.90734268830807],[-0.7553130217232239,52.951378680152615],[-0.778437354009554,52.959313780129264],[-0.7775541416740467,52.98380663074533],[-0.8042736869723596,53.01224570366339],[-0.7958248648664071,53.01059810281332],[-0.7884137627984982,53.02585336420311],[-0.7608264994014229,53.02941036926506],[-0.7495517752989899,53.05511561381597],[-0.6951442444031097,53.066530381997374],[-0.7103582244927116,53.07937782943655],[-0.7061493166749623,53.0833784280419],[-0.7296178065318354,53.09790206315314],[-0.716882564032133,53.11944400824821],[-0.7324074103451137,53.12780155050585],[-0.7153753407390917,53.13688287021523],[-0.7232322291731559,53.155103855565386],[-0.7181602923742011,53.17728775788834],[-0.7641379857146465,53.181543771889665],[-0.7305690679044964,53.210756431888626],[-0.7147529737950513,53.20760779711835],[-0.6976164241012834,53.220237300540994],[-0.6758721327988633,53.217644322161895],[-0.6665770464011613,53.23970251406003],[-0.6880273269475436,53.258391235822415],[-0.7341508083749493,53.254004080115074],[-0.735083387990626,53.24387399176077],[-0.7770744098525678,53.24690820150302],[-0.764279729044669,53.27273924109443],[-0.7782056193188485,53.28360881291578],[-0.762983360921369,53.29957963888743],[-0.7501792373481687,53.294541582267556],[-0.747152945822913,53.304444838034506],[-0.7532948827143537,53.310440341299376],[-0.7500514914516604,53.32431734922981],[-0.7664736083801678,53.33010746600321],[-0.7586163187686483,53.353837628414524],[-0.7734426144131635,53.36398782210493],[-0.7910982726466284,53.36347931146597],[-0.7755693883622929,53.37740263602138],[-0.7902196036785174,53.386292091580415],[-0.7763447053676095,53.39148221191847],[-0.7774428782193916,53.39740830129208],[-0.7884213380704354,53.41435762136464],[-0.8170029782152521,53.425664649615186],[-0.8201630467775566,53.44112915186824],[-0.7974833175822774,53.45506440524024],[-0.8719192903730396,53.46631080763486],[-0.9162489795201267,53.4602956515884],[-0.9202467865802727,53.46550765589454],[-0.900470569005061,53.47515589910517],[-0.935564655862589,53.50251657280954],[-0.9320941628923828,53.510671783162216],[-0.9500090310052725,53.513657393525115],[-0.9437158755183492,53.53064300293136],[-0.8922678916217589,53.53759435370392],[-0.899833401834542,53.544477708742036],[-0.8909951861152974,53.56655895602102],[-0.9011177890422151,53.56872425430593],[-0.897926391277078,53.583277414672395],[-0.8653387032232553,53.63770823732106],[-0.8482640505372526,53.63303663286602],[-0.7889054718656339,53.6591547368538],[-0.7721360139811307,53.66407527120225],[-0.7744996088402573,53.656209213589335],[-0.6981883387789979,53.68420766813466],[-0.6897460330873688,53.67304447741711],[-0.6988521575020763,53.654041775020815],[-0.7129074125770969,53.645093426007286],[-0.7150441390708372,53.63321795126988],[-0.7125400534559925,53.62370968251266],[-0.7008350369944879,53.61307884222427],[-0.7085340476573838,53.60816249675419],[-0.7251318618026605,53.60925458779849],[-0.7331916816811203,53.60483938634473],[-0.7397565014156178,53.59265493929943],[-0.7316142681843741,53.58411659699004],[-0.7463306316421561,53.57277570531538],[-0.7489805247460094,53.56322122134635],[-0.745227554051222,53.556925260934584],[-0.7451183661419457,53.57117914447467],[-0.7293584379470702,53.58362883602647],[-0.7352501342098969,53.59845742195474],[-0.7262811853714999,53.60737464983149],[-0.7057587126923316,53.60688485227398],[-0.698107196433298,53.614188108371245],[-0.7103067488201087,53.62564700909065],[-0.7116428122864872,53.640868598054524],[-0.695035682471524,53.65307441482303],[-0.6851131011731803,53.67223958103815],[-0.6913962862878967,53.69677668414868],[-0.6114231032820368,53.71460289827076],[-0.5862544155825121,53.69333872164638],[-0.5255387566702272,53.677980516771065],[-0.4704915073563043,53.698218650796385],[-0.39353506076837497,53.696874832276634],[-0.28936400492030684,53.71319882379927],[-0.20442282772839757,53.6379000827739],[-0.09321447092891808,53.5810722166004],[-0.06184615970719576,53.582537198857274]]],[[[-0.558599763058266,53.68948710426719],[-0.5206044294919293,53.68567701305638],[-0.5358305125186739,53.68127182884257],[-0.558599763058266,53.68948710426719]]],[[[0.21541064190471454,52.82774498890888],[0.21536185401517008,52.825121273872696],[0.21341761398963963,52.82521418358832],[0.21541064190471454,52.82774498890888]]]]}},{"type":"Feature","properties":{"county":"Derbyshire"},"geometry":{"type":"Polygon","coordinates":[[[-1.3438345905744047,53.06872954011282],[-1.3331103759325629,53.03388230405995],[-1.287749289497409,52.96966248267156],[-1.2925011438696434,52.95557371069404],[-1.2824136936491484,52.951235182234946],[-1.2781320060346308,52.93362761014209],[-1.2857770174385708,52.926065034174925],[-1.2819361114913355,52.91075617824735],[-1.2466159931436023,52.90309991061902],[-1.2400555389902237,52.88010886654126],[-1.3448626630917775,52.867532891561154],[-1.3510000771351365,52.85341522958369],[-1.3580563295257426,52.85608835892739],[-1.39432284639388,52.83677289871024],[-1.387936164979346,52.833097628474874],[-1.4177044603148725,52.80161549850568],[-1.4435615313622563,52.802744183913],[-1.441890170463938,52.79353289564213],[-1.4628077246720155,52.78679260272687],[-1.4558820808644208,52.77709469149787],[-1.4664519151884492,52.767972311377214],[-1.4924275641745433,52.75945248605796],[-1.503943125054414,52.767462341487814],[-1.5548425824732095,52.76202101940384],[-1.5624926756528144,52.750586793128505],[-1.5453174778632148,52.72823693341142],[-1.5669300469408494,52.71007050472904],[-1.6054945010222146,52.69653888142582],[-1.6550415133210634,52.69879854638501],[-1.6566077464482871,52.7217484459962],[-1.7041580439035162,52.73207879441728],[-1.69223519932875,52.74412250765524],[-1.6967639105552839,52.75286124319127],[-1.6656037917158892,52.785162709624096],[-1.6124624391712636,52.7812182508303],[-1.6117245029044405,52.78986204791998],[-1.5889464024494688,52.799822211578075],[-1.5918268280527743,52.80949056769395],[-1.6103397978979725,52.815617173886544],[-1.5879764850730733,52.83153674022952],[-1.6265665557644287,52.85436471226754],[-1.7006087157164953,52.86058355943969],[-1.7034609562177658,52.86639430843048],[-1.7253220218185026,52.85966320981221],[-1.7772206047196155,52.88381472638288],[-1.8110527713939764,52.88065314644914],[-1.8329564530501337,52.88744860816891],[-1.8333863704904105,52.90212527056304],[-1.8565756306993961,52.92339100218317],[-1.8529523955315432,52.93170535099428],[-1.8287554159390067,52.94776569560663],[-1.8344772829931368,52.954918428702236],[-1.8255452708283597,52.96182202011072],[-1.826112200371247,52.97748746449299],[-1.762569577777868,52.99966927836801],[-1.7590375150466846,53.03755237992904],[-1.7787340673944774,53.04301369564833],[-1.784145141473963,53.05470765280811],[-1.7756527881159951,53.05935462647325],[-1.7856431202913046,53.06311155818583],[-1.7942389780090473,53.088394074021856],[-1.782971371651563,53.093334231522896],[-1.7837259272621664,53.102828000984424],[-1.822157766079733,53.13806270999884],[-1.8120251342619114,53.15274408047318],[-1.8371759181072387,53.17575901799967],[-1.8739736768709903,53.19536079630252],[-1.956707226851868,53.21374759407561],[-1.9623646400577057,53.22624170059508],[-1.9874077496786242,53.21358587478065],[-1.9902645581924603,53.22299892247509],[-1.974858766196481,53.23106104897673],[-1.9997312400665757,53.24504889938366],[-2.0094818167727246,53.260652471170246],[-2.009329112065082,53.302314141215504],[-2.0015510109768355,53.31892178935367],[-2.0136499217924357,53.332420131501145],[-2.0046597747356705,53.34600966023767],[-2.00899814329903,53.362010991524606],[-2.0340863735084307,53.36775285482823],[-2.0337754055919186,53.37554157517926],[-2.0046428326645387,53.386327312558116],[-1.9923294750670664,53.41519316180114],[-2.023709671683628,53.42055174854687],[-2.019724319483637,53.425118673079716],[-2.027316626423994,53.4324059930133],[-2.0136555100474562,53.43988323015767],[-2.0042160339144597,53.435921815519045],[-2.0083055583766405,53.441452240607276],[-1.9869010720914824,53.454316332073134],[-1.9815324821701013,53.464505089541575],[-1.9870749680297781,53.481658644011766],[-1.974630734192459,53.487935106637515],[-1.9633860405498043,53.50982723371936],[-1.9513326612108894,53.50419882000912],[-1.9219728351921728,53.50995470016524],[-1.9167664436776213,53.514495728562395],[-1.926780673681459,53.52094876587976],[-1.9224447224362275,53.53081502703922],[-1.8734926210813936,53.540429683171],[-1.8418208146165358,53.51990879193221],[-1.827151000188885,53.523507885930336],[-1.8195238053704452,53.513428055125125],[-1.8007787043922847,53.51137854370427],[-1.8103989093416566,53.506340154770676],[-1.7962882792917931,53.50315298977622],[-1.8014706699605345,53.480991794968325],[-1.7684373852029875,53.46476692388276],[-1.7468247426676584,53.46340997324021],[-1.746719107822199,53.42616494042138],[-1.7299511881628933,53.415985622439216],[-1.7039450339864823,53.41490854310367],[-1.7049653734103627,53.40505599116603],[-1.6945212164356518,53.401161151220684],[-1.6538177859538579,53.391910806332774],[-1.663950466982666,53.366892926220736],[-1.5905480099819118,53.3459209809401],[-1.6123030690251738,53.34321867969992],[-1.6327269360157632,53.32083918044993],[-1.6254937778108844,53.31642394745523],[-1.60920154871842,53.322663933080804],[-1.5990932267300602,53.311318168950805],[-1.5849020526423554,53.32158790936916],[-1.5805339287220115,53.3117381073218],[-1.5613648863997063,53.315821226618844],[-1.5557518582475365,53.311548835030706],[-1.56182698567451,53.30660227539564],[-1.53676880923937,53.30474871557085],[-1.51048805058708,53.3160462290824],[-1.4678657999063067,53.31715847732617],[-1.4552235802425701,53.321869147485785],[-1.4617013649562929,53.328448608890305],[-1.4421357721545816,53.33738449044627],[-1.4208664375323399,53.33456795486937],[-1.4087468904600464,53.341965038157696],[-1.3865732877231345,53.33488450544282],[-1.3920039435034193,53.322648671214374],[-1.3850764311937112,53.317780889584235],[-1.3402595626653753,53.3155346616122],[-1.3122993081655143,53.334164788224086],[-1.2885890164207885,53.32622803147327],[-1.295678135746409,53.31503696959191],[-1.2542941365956168,53.301754870482945],[-1.2306879831013189,53.30855970123421],[-1.2032390222346778,53.30422327457647],[-1.199742830852957,53.31144022494518],[-1.1794272184036743,53.306405805063925],[-1.1715629027347352,53.2946379317339],[-1.1801170557182474,53.28713478752787],[-1.166487564673865,53.2776553306697],[-1.181541543021055,53.270032061211325],[-1.1747972556320496,53.26511328366869],[-1.2026170292108662,53.26111911621416],[-1.212459318543451,53.2455859159713],[-1.2019968149357134,53.235555295351155],[-1.20942444228574,53.217696739073645],[-1.1950553789397833,53.18935914749411],[-1.1988014967047222,53.1830892803426],[-1.2416890612353875,53.17814881880474],[-1.2599253726179627,53.16447946373703],[-1.2887577041234684,53.17145528071569],[-1.3167366718813436,53.16529740112477],[-1.3256165045971038,53.15760773044176],[-1.315138698959681,53.1360802532789],[-1.3217802636927347,53.130650336257006],[-1.3007289676105391,53.101620308659264],[-1.3092513676190118,53.096770144355524],[-1.3032357217476878,53.088083764618624],[-1.3316355111119795,53.08098788875827],[-1.3438345905744047,53.06872954011282]]]}},{"type":"Feature","properties":{"county":"Rutland"},"geometry":{"type":"Polygon","coordinates":[[[-0.7647907975238394,52.58119489132973],[-0.792435482402895,52.597614209794216],[-0.820950319290447,52.596454846101594],[-0.8193520370021804,52.609679035861376],[-0.8058246473178368,52.62068792036462],[-0.8109579701087285,52.62598446382592],[-0.8017516416105767,52.638839591897295],[-0.8086932799060929,52.6461261006322],[-0.7821945719434158,52.669139542265185],[-0.785803960111421,52.69424860679994],[-0.8217528501848193,52.71567522036664],[-0.8011913380790497,52.73674260089667],[-0.7764843907414767,52.74393417743708],[-0.7533191815504443,52.73657457461937],[-0.696243612069909,52.7464929747642],[-0.6844288294870834,52.756480091207756],[-0.6085935521484203,52.75971343280951],[-0.6054438359467526,52.750492920066094],[-0.5726364220932715,52.75310906451077],[-0.5399742812982268,52.738401731460876],[-0.5424335967981705,52.723281403941215],[-0.4945308670985626,52.70965328106736],[-0.43044326854254394,52.70542196508439],[-0.4328936801940545,52.68625656764854],[-0.461628758270115,52.66906155326552],[-0.5066743391742924,52.65952591522672],[-0.523586038762868,52.665233759370075],[-0.49502586128214776,52.640236384200435],[-0.5173972070256084,52.64237951869765],[-0.5402607043413107,52.625965747310424],[-0.5529388916850316,52.60134894035628],[-0.5441735656800728,52.592888306599065],[-0.571903784870865,52.58580333905371],[-0.581472681221931,52.59588355013577],[-0.5869723459062487,52.58742889292801],[-0.603019188160652,52.588591163441926],[-0.6609127311506333,52.568945674801185],[-0.6978333015945918,52.54570222178306],[-0.6964303903211775,52.53854639860909],[-0.713658284046201,52.524963947093234],[-0.7422064795348976,52.539485979609545],[-0.738864443712881,52.54888334360468],[-0.7617895060014589,52.56910552520333],[-0.7647907975238394,52.58119489132973]]]}},{"type":"Feature","properties":{"county":"Nottinghamshire"},"geometry":{"type":"Polygon","coordinates":[[[-0.8194027614611634,53.43716287641772],[-0.8170029782152521,53.425664649615186],[-0.7884213380704354,53.41435762136464],[-0.7774428782193916,53.39740830129208],[-0.7763447053676095,53.39148221191847],[-0.7902196036785174,53.386292091580415],[-0.7755693883622929,53.37740263602138],[-0.7910982726466284,53.36347931146597],[-0.7734426144131635,53.36398782210493],[-0.7586163187686483,53.353837628414524],[-0.7664736083801678,53.33010746600321],[-0.7500514914516604,53.32431734922981],[-0.7501792373481687,53.294541582267556],[-0.762983360921369,53.29957963888743],[-0.7782056193188485,53.28360881291578],[-0.764279729044669,53.27273924109443],[-0.7770744098525678,53.24690820150302],[-0.735083387990626,53.24387399176077],[-0.7341508083749493,53.254004080115074],[-0.6880273269475436,53.258391235822415],[-0.6665770464011613,53.23970251406003],[-0.6758721327988633,53.217644322161895],[-0.6976164241012834,53.220237300540994],[-0.7147529737950513,53.20760779711835],[-0.7305690679044964,53.210756431888626],[-0.7641379857146465,53.181543771889665],[-0.7181602923742011,53.17728775788834],[-0.7232322291731559,53.155103855565386],[-0.7153753407390917,53.13688287021523],[-0.7324074103451137,53.12780155050585],[-0.716882564032133,53.11944400824821],[-0.7296178065318354,53.09790206315314],[-0.7061493166749623,53.0833784280419],[-0.7103582244927116,53.07937782943655],[-0.6951442444031097,53.066530381997374],[-0.7495517752989899,53.05511561381597],[-0.7608264994014229,53.02941036926506],[-0.7884137627984982,53.02585336420311],[-0.7958248648664071,53.01059810281332],[-0.8042736869723596,53.01224570366339],[-0.7782786839254255,52.9769233466241],[-0.7961500898977373,52.97673154289169],[-0.812850882890395,52.957464171687676],[-0.8200219419746371,52.96046441918888],[-0.8339086224072794,52.94588050410901],[-0.8228116220295031,52.94370712010528],[-0.8628934034811494,52.91311382526905],[-0.8576336285640501,52.90564233408952],[-0.9169249225937505,52.87893161279097],[-0.9405739521081086,52.87685613531054],[-0.9281214436452747,52.866083318185225],[-0.9608517549320577,52.84335664782006],[-0.9770745656929719,52.840737664962106],[-0.9750512610077898,52.82922846647033],[-0.9890037267154941,52.81825014529251],[-1.0219332112262902,52.82205191758117],[-1.0717382547054755,52.814011251618766],[-1.074435248563176,52.82472667804495],[-1.119163090572088,52.81915050268016],[-1.1308931097912054,52.80582690830657],[-1.161877813686473,52.80639375446131],[-1.1961377919031615,52.790164923915796],[-1.255364273968033,52.80415200646976],[-1.2743635041285608,52.8361295526319],[-1.2669336420629393,52.83747018426854],[-1.272205499053137,52.849439808070315],[-1.2645664590076282,52.858368899776224],[-1.275282788126683,52.86038000219639],[-1.2678890866779158,52.873368658696236],[-1.2400555389902237,52.88010886654126],[-1.2463986298480727,52.88913783755418],[-1.2397059411967095,52.89228922727636],[-1.2466159931436023,52.90309991061902],[-1.2819361114913355,52.91075617824735],[-1.2857770174385708,52.926065034174925],[-1.2781320060346308,52.93362761014209],[-1.2824136936491484,52.951235182234946],[-1.2925011438696434,52.95557371069404],[-1.287749289497409,52.96966248267156],[-1.3331103759325629,53.03388230405995],[-1.3441122520258248,53.0623316008411],[-1.3316355111119795,53.08098788875827],[-1.3032357217476878,53.088083764618624],[-1.3092513676190118,53.096770144355524],[-1.3007289676105391,53.101620308659264],[-1.3217802636927347,53.130650336257006],[-1.315138698959681,53.1360802532789],[-1.3256165045971038,53.15760773044176],[-1.2960971164089845,53.17118251632067],[-1.2599253726179627,53.16447946373703],[-1.2416890612353875,53.17814881880474],[-1.1988014967047222,53.1830892803426],[-1.1950553789397833,53.18935914749411],[-1.20942444228574,53.217696739073645],[-1.2019968149357134,53.235555295351155],[-1.212459318543451,53.2455859159713],[-1.2026170292108662,53.26111911621416],[-1.1747972556320496,53.26511328366869],[-1.181541543021055,53.270032061211325],[-1.166487564673865,53.2776553306697],[-1.1801170557182474,53.28713478752787],[-1.1715629027347352,53.2946379317339],[-1.174175838131009,53.302533079658836],[-1.199742830852957,53.31144022494518],[-1.1387180973453048,53.34138282432971],[-1.1568434430039851,53.34496951411053],[-1.1619493233977627,53.357908845400985],[-1.1385396482582595,53.35590754992826],[-1.146440164598836,53.365733445545416],[-1.1299958640274512,53.377565530635295],[-1.1334925735986687,53.39148059227782],[-1.115579318085153,53.39718578359672],[-1.116040998991902,53.40734933037365],[-1.1082268572654381,53.405881798120824],[-1.0870460839900022,53.425544083156716],[-1.0143467614500516,53.42629546079122],[-0.9956698170602312,53.436926679989035],[-0.9859780326689668,53.47167335896596],[-0.9532592198587572,53.48442356177405],[-0.935564655862589,53.50251657280954],[-0.900470569005061,53.47515589910517],[-0.9202467865802727,53.46550765589454],[-0.9162489795201267,53.4602956515884],[-0.8719192903730396,53.46631080763486],[-0.7974833175822774,53.45506440524024],[-0.8194027614611634,53.43716287641772]]]}},{"type":"Feature","properties":{"county":"Somerset"},"geometry":{"type":"MultiPolygon","coordinates":[[[[-2.2946157971806254,51.42880151911958],[-2.278540696859957,51.41588216389493],[-2.290861651850969,51.405712128216635],[-2.2818125167583148,51.397228093640145],[-2.2967881953929226,51.39488726358821],[-2.2902885597266955,51.372620959532604],[-2.344279713720519,51.34540116694231],[-2.296409014701268,51.342661949200064],[-2.300926974477342,51.3332224950153],[-2.273094846882524,51.32287908654477],[-2.2719545408250648,51.31425405205546],[-2.285067537619616,51.30945713594076],[-2.2799942332889462,51.29224524494579],[-2.2649687735824617,51.29616573408603],[-2.253497200293177,51.28983475092654],[-2.2453412676466677,51.25387610016709],[-2.298464669248329,51.17532243709414],[-2.332174079543266,51.13798360662704],[-2.3458587238459767,51.1333687741218],[-2.3445392074613585,51.12467816933],[-2.364527611217434,51.11887882572632],[-2.3625294809268365,51.101623662652344],[-2.3258527767577983,51.07967555928311],[-2.349978079668233,51.06880082199033],[-2.3300144567164605,51.041344547546075],[-2.360674128776997,51.025174920114395],[-2.381755784152344,51.00194649647187],[-2.3777597205950696,50.991413171465354],[-2.3549498923729355,50.99089656778105],[-2.3445565182374217,50.978829287691696],[-2.414927655316655,50.96058348133734],[-2.424949094042238,50.97027018918514],[-2.4471777421418635,50.967850221985536],[-2.4434783165254377,50.95846265780813],[-2.45866343374816,50.949747040855144],[-2.4903452864529037,50.97277242535752],[-2.502231843697236,50.993762253798664],[-2.54743516132396,50.999541707778185],[-2.551924387455647,50.993697959394545],[-2.5454234804604052,50.98508051523873],[-2.5562070052734898,50.97953512800279],[-2.5746304152210313,50.9866936577473],[-2.603387137219768,50.97634449301828],[-2.5949086697949797,50.9621097779579],[-2.598200293573546,50.94857446788212],[-2.6160354131717765,50.94144843400728],[-2.6040399727068095,50.926724732280505],[-2.624064992659522,50.90786685945997],[-2.6097590222891327,50.8919077945131],[-2.6241293602126,50.879259020603456],[-2.6279609762737777,50.88630580245757],[-2.6606115130107137,50.887104816862504],[-2.7143898155055264,50.87114364977926],[-2.7145559490139237,50.86389448849737],[-2.754988747538194,50.86677853450923],[-2.788977677510429,50.85344320537457],[-2.811425136305661,50.863409799737575],[-2.828956943192574,50.84865966296942],[-2.886180147719016,50.85059836806798],[-2.930071034262623,50.84095867210389],[-2.954321203153165,50.82117249993931],[-2.9698269789404224,50.83418044186966],[-2.973589783523337,50.85565736594091],[-3.036806099329158,50.85106518899896],[-3.0326315699619513,50.86163921351642],[-3.054785733406234,50.874618391483914],[-3.0524230855608177,50.90826398826605],[-3.152875028188698,50.893798422111715],[-3.187870835226641,50.91042073999656],[-3.1639455340802036,50.94597254160532],[-3.2548304265411554,50.941845745783326],[-3.2938473702992273,50.95513867092331],[-3.333720050615316,50.982797611746],[-3.3786636100039127,50.977508498237015],[-3.380487752195196,51.01848589746525],[-3.4141740664988363,51.01970266534616],[-3.426815196702751,51.03140527085498],[-3.4636889053807223,51.02526201381925],[-3.4836907915684123,51.03383356815411],[-3.5204283480298058,51.02587098955835],[-3.518881424567891,51.014795531079216],[-3.5350495036660847,51.00334729709714],[-3.609745474033929,51.00798326389847],[-3.614654539723775,51.015490481883326],[-3.594471143428074,51.0551947164772],[-3.6523309359021803,51.059641737803915],[-3.692407342396713,51.08059224954784],[-3.719954702791922,51.08081488123724],[-3.8042887804430063,51.11568529680691],[-3.834737499612543,51.14138266964129],[-3.839820710794259,51.17667372670864],[-3.786303486058063,51.17192694975846],[-3.725294330367744,51.17935994187687],[-3.7332012696919636,51.222725117072216],[-3.720543600793511,51.23306696187571],[-3.633264514693029,51.22386627833906],[-3.621714087339367,51.21677436188531],[-3.5787964741910394,51.2321433055794],[-3.5432652976082557,51.232396825104544],[-3.496898260784242,51.22398627188331],[-3.4692189799680797,51.20774860062176],[-3.442008824027583,51.206506090339346],[-3.411644007295067,51.18386319648758],[-3.3132165982966337,51.17955976561211],[-3.275848192764512,51.17977550316203],[-3.202182969785362,51.20146071894064],[-3.1314413777384016,51.210838177837076],[-3.0763788808297408,51.201374481649],[-3.0191520932581573,51.21825791498511],[-3.032709437218904,51.19442546722032],[-3.0564198947595327,51.1865355673569],[-3.06138214787901,51.17357698740139],[-3.03686285672693,51.16239375384136],[-3.029083373013868,51.166077124475265],[-3.027410408657213,51.17503621090767],[-3.010242466131336,51.173448138811835],[-3.0044448057320268,51.16129099876818],[-2.990839311371754,51.1615259653656],[-2.9994891475269747,51.151681218867175],[-2.9991963120512435,51.14494599765534],[-2.992771320006397,51.14399249568304],[-3.0008846687909325,51.1379426558123],[-2.9920120682075453,51.144078196725026],[-2.9986627955487126,51.15161811726282],[-2.9899178031413296,51.153933983989404],[-2.990754024393337,51.162920076638734],[-3.0015883831104984,51.1622530199671],[-3.0093193615942604,51.174538765137235],[-3.023327456509514,51.17721834415087],[-3.031216798530563,51.174449800995674],[-3.0320271183174796,51.165769819679525],[-3.0389642664876635,51.1641348845646],[-3.054528918823033,51.17572154576335],[-3.051040041956363,51.187115422335204],[-3.027083872141704,51.19269357465001],[-3.000983440872568,51.22608003940645],[-2.9982590547931953,51.2221103728302],[-2.9849598984232224,51.220226844764014],[-3.0000039830857506,51.22677685294063],[-3.004192887154581,51.225527043928786],[-3.0018231105236217,51.244877071219044],[-3.021896689469534,51.26902670654582],[-3.011236131463157,51.320291959147376],[-3.035929882541298,51.328545175869145],[-3.002971415148543,51.32515218224961],[-2.986410371931806,51.31250785965701],[-2.9945954151713976,51.30557857819314],[-2.985935818867611,51.30768014057108],[-2.985179481799888,51.32141121952477],[-2.986517513552146,51.31514322463057],[-2.9924371193896007,51.32049935651046],[-2.9834042629872766,51.350676652686445],[-2.994132064150832,51.35715317663456],[-2.96832568893444,51.36331395127042],[-2.962501002077514,51.38234716095952],[-2.9807970812688853,51.388416271369394],[-2.9391727746892564,51.397818364922536],[-2.9391758495010802,51.39104299587653],[-2.9173418357812553,51.39588732196957],[-2.8904130373117574,51.388167002867476],[-2.9130229575976485,51.39598490449428],[-2.8865994236497046,51.41255361401229],[-2.8742893831317162,51.42876741680925],[-2.8793523185122023,51.43167079785943],[-2.797462073616007,51.48600520372895],[-2.7730265024288316,51.494643590152435],[-2.7342433572813394,51.49386744450978],[-2.73023719322458,51.50191832737185],[-2.684807254683194,51.48055088002478],[-2.6628488591316493,51.48671677636194],[-2.6343463559428995,51.46674994879131],[-2.6266031634720273,51.44992216953469],[-2.639895392251909,51.44135826934775],[-2.630293048896112,51.43948159863],[-2.637086381946012,51.42319958950449],[-2.628738343020694,51.41601366417017],[-2.635465023906041,51.40697633865741],[-2.6304674868177704,51.40211090038994],[-2.5901323296191325,51.3975451945306],[-2.5707543025528423,51.39936919369276],[-2.5588110739194114,51.41123378736264],[-2.5433448057462695,51.407408356639216],[-2.523210728923617,51.42613724985293],[-2.5260398569075537,51.43449779181608],[-2.5079853791648685,51.424641396208074],[-2.494251320338092,51.42941353230952],[-2.4884345882765393,51.426479568722684],[-2.4928961125718403,51.41834493523176],[-2.4696449652536723,51.41593246583496],[-2.3432896717919602,51.43953352794669],[-2.325028417712827,51.43699064236605],[-2.312615767984485,51.42244615661103],[-2.2946157971806254,51.42880151911958]]],[[[-3.015823889861058,51.22851464505573],[-3.0148210697650364,51.22309201495943],[-3.01868320725461,51.228418762826],[-3.015823889861058,51.22851464505573]]],[[[-3.0188063983656135,51.234260860205254],[-3.0155335848714593,51.23165905797755],[-3.0188127826377187,51.23273302037749],[-3.0188063983656135,51.234260860205254]]],[[[-3.1060191511906097,51.341429152173454],[-3.1041874527634996,51.33881170857931],[-3.1150603528148775,51.33961612964437],[-3.1060191511906097,51.341429152173454]]]]}},{"type":"Feature","properties":{"county":"Bristol"},"geometry":{"type":"MultiPolygon","coordinates":[[[[-2.673813493106995,51.54443105311345],[-2.651973711169232,51.51296643264555],[-2.5809884455588032,51.51740885073262],[-2.5912228964362396,51.50968216068738],[-2.588149904871265,51.50123469317742],[-2.551601688941713,51.49223288513923],[-2.5158650452509184,51.493867380432036],[-2.5121491696513982,51.46305754993367],[-2.5380459773625725,51.44479367901895],[-2.5267514097695916,51.44386484587856],[-2.523210728923617,51.42613724985293],[-2.5433448057462695,51.407408356639216],[-2.5588110739194114,51.41123378736264],[-2.5707543025528423,51.39936919369276],[-2.6304674868177704,51.40211090038994],[-2.635465023906041,51.40697633865741],[-2.628738343020694,51.41601366417017],[-2.637086381946012,51.42319958950449],[-2.630293048896112,51.43948159863],[-2.639895392251909,51.44135826934775],[-2.62365441111051,51.44738047055634],[-2.6322406482836156,51.466459392545744],[-2.659532593843596,51.487049280308746],[-2.6628793213978006,51.487920552643786],[-2.6662581356458808,51.48683951489375],[-2.6771413926158614,51.48070426095093],[-2.7183571153738564,51.506222942732634],[-2.673813493106995,51.54443105311345]]],[[[-2.6628488591316493,51.48671677636194],[-2.6681246054220114,51.48143851930243],[-2.6759094135131716,51.47968184585257],[-2.684807254683194,51.48055088002478],[-2.7186209303470337,51.50029102554683],[-2.6789875603586117,51.48012710215484],[-2.6681791934403787,51.482510002681536],[-2.6628488911963677,51.48701618984728],[-2.6523684510004917,51.47943738154303],[-2.6628488591316493,51.48671677636194]]]]}},{"type":"Feature","properties":{"county":"Gloucestershire"},"geometry":{"type":"MultiPolygon","coordinates":[[[[-2.5809884455588032,51.51740885073262],[-2.651973711169232,51.51296643264555],[-2.673813493106995,51.54443105311345],[-2.6638952223338537,51.5731525475397],[-2.6278047845037,51.60563503738063],[-2.5962142875085106,51.61652781416925],[-2.5807511601104793,51.63309788268369],[-2.5667069661390105,51.629062799808004],[-2.58018884224383,51.63421113352393],[-2.55827028530003,51.666420195700525],[-2.48458063229531,51.69702519392396],[-2.481855296160614,51.725650814000105],[-2.4494551287371125,51.73982104654574],[-2.432622394828812,51.73622468922707],[-2.3826680125357815,51.75838809492843],[-2.3837355513953327,51.77576580081434],[-2.4455214437064026,51.790539807200254],[-2.4342728582538538,51.81040688106396],[-2.4243394030364542,51.81500802454936],[-2.41260933516652,51.80531766355555],[-2.374883204776366,51.79280146413449],[-2.354112043486872,51.79404465612035],[-2.345805145711581,51.8039165791717],[-2.3593479756381823,51.811176838160804],[-2.3616760169592403,51.82221542590989],[-2.34857879619293,51.829371529565485],[-2.355835373030961,51.83519137707697],[-2.3514525488134765,51.84601735393231],[-2.3079727755758133,51.84652493255976],[-2.301335380495573,51.83450054805256],[-2.3075496420336927,51.84727500539891],[-2.352172010448006,51.846688641937845],[-2.3571546388046505,51.835926453632005],[-2.3503870315211635,51.829760868947126],[-2.363230619187293,51.821578550506516],[-2.3603797395337573,51.80686597734344],[-2.3480099932920258,51.80283382103137],[-2.3692548078611377,51.79444310693674],[-2.401754372932599,51.804280820891314],[-2.4145536944169335,51.81711542986569],[-2.4405566475115754,51.812653785326944],[-2.45179435226082,51.79887421650622],[-2.448432070705444,51.78491989969545],[-2.4046399937051817,51.77281219641883],[-2.477575411890672,51.74004552199077],[-2.5053348252463903,51.71038363999342],[-2.6099900800338474,51.67240917850912],[-2.648757749565853,51.631383756147585],[-2.647697145206103,51.61328942136867],[-2.6561348104828917,51.61021049882709],[-2.6657922268558885,51.64323992169796],[-2.6788769051843517,51.648650675603484],[-2.664945307482205,51.66323485156817],[-2.6855045803231596,51.66251493567756],[-2.6564209666162215,51.673388510656494],[-2.6722095896201217,51.68185724953068],[-2.6686813454165006,51.69373636028424],[-2.683533042489053,51.701051645860964],[-2.6693254643479185,51.701219862053065],[-2.6689700719287917,51.70705277039254],[-2.6874552037686277,51.730895232382125],[-2.6722251212805936,51.736362939401786],[-2.6626920102270755,51.75389470082299],[-2.680452186478724,51.768929388401844],[-2.669810554817864,51.79427346885848],[-2.678302687958527,51.80331857094369],[-2.6595388028968863,51.81068239631189],[-2.6608714268892957,51.82275383853809],[-2.6501643300156843,51.82411466851028],[-2.6367100665308083,51.84309526481403],[-2.625466969396256,51.838963975420775],[-2.5983686152736616,51.85649337652072],[-2.5821103399583265,51.84972829580146],[-2.5849118237884454,51.86022150405301],[-2.561814095621378,51.86428498718538],[-2.534051816242464,51.86039636240374],[-2.5222334203066774,51.864696000046585],[-2.5086243749429262,51.88516905705852],[-2.487794751908159,51.88041750879951],[-2.439314744015457,51.899514167567496],[-2.445388523058003,51.90055583923886],[-2.440154333178015,51.90244207728257],[-2.446449603089652,51.91508834992197],[-2.466043054239953,51.927974478150425],[-2.465486976806526,51.951696428986246],[-2.50090647888365,51.96060915047426],[-2.4922448696830557,51.9641287916014],[-2.4949129625913864,51.98107522018978],[-2.4709799155296586,51.99477751123066],[-2.491252343990533,52.01049081577017],[-2.4789323241618173,52.02253040375237],[-2.4625540589767,52.02190995503065],[-2.4635419660384024,52.014411047302765],[-2.436115404281369,52.014574408497445],[-2.4372937592592407,51.997167012725576],[-2.421012985677014,51.994241478700204],[-2.3990184986113596,51.99614594515261],[-2.392892200004582,52.012958809708046],[-2.351378478552819,52.0213590075925],[-2.352542630321909,52.01353529871057],[-2.324709679556408,52.00356726663927],[-2.3265651933930607,51.97581069515507],[-2.312619747036126,51.97650493938799],[-2.3004329923307965,51.96677522243015],[-2.2513599232693773,51.96656497929467],[-2.220613267006055,51.995496681666886],[-2.185084037143271,51.99056093389857],[-2.181106373173628,51.99948338136803],[-2.164297716560631,51.99645212211592],[-2.164723731543781,52.00419532019351],[-2.187683281281386,52.01908018557725],[-2.176906122172415,52.022559260497516],[-2.180679387800857,52.04172815799132],[-2.158133984946429,52.050205681159945],[-2.118383706905362,52.042108645519924],[-2.1171559328341285,52.0336837476179],[-2.1395703007044546,52.02776219047523],[-2.1507819859150983,52.00662808660803],[-2.141857739760823,51.9998151959055],[-2.1180541476609864,52.014385071860936],[-2.0607836998384728,52.01468054955422],[-2.049514184763222,52.00379623745743],[-2.038356208328509,52.004600601046896],[-1.9841357695163102,52.035879303198094],[-1.9513876451779264,52.03772529422546],[-1.9317302208209939,52.02995924117203],[-1.9134460061684635,52.044461217228715],[-1.8390502896509922,52.00678313116523],[-1.8250228977088423,52.030933411782264],[-1.8345888637575904,52.0437329889158],[-1.863449176870399,52.05341775992092],[-1.872005093199607,52.07191689038052],[-1.846619635480722,52.0794211190765],[-1.8317533620987767,52.07276936778354],[-1.818943373203171,52.08540415372113],[-1.8127366374410783,52.078744024816615],[-1.802288741902446,52.09694149198586],[-1.7676486964545253,52.112592585180025],[-1.7424046435284477,52.09199035420193],[-1.7285605354991624,52.10012029118533],[-1.7306714481982548,52.07339927883843],[-1.712952922837178,52.06658492083775],[-1.701731383257636,52.07280931138408],[-1.7051410332633044,52.05970665445398],[-1.6901797905528604,52.054735958776654],[-1.6939807024446178,52.03952791584776],[-1.6610652862271513,52.031613890872265],[-1.6244177886689801,52.038981360316164],[-1.6177161592520266,52.0319190105112],[-1.6698881145015452,51.99309016817788],[-1.662529100260324,51.964004949348976],[-1.6324907044169923,51.955651432929464],[-1.615188981743593,51.93768160128097],[-1.6455298970227117,51.92229429207031],[-1.6332526759502939,51.89958304908942],[-1.6586519233704937,51.896551221270926],[-1.6671118464778512,51.877000056702606],[-1.686351186050475,51.8662923292018],[-1.6763849874065366,51.85030968001261],[-1.6864615760738597,51.83445582503226],[-1.6768596166086358,51.817024671374824],[-1.6837529053849418,51.80133752131962],[-1.7194886794388444,51.783211825122294],[-1.7007046783718405,51.770584222916874],[-1.6855077739424782,51.73063415559066],[-1.6958183897011165,51.72377290903543],[-1.6861662599599379,51.71017591924931],[-1.6482537607777838,51.68408706681503],[-1.6684586417626006,51.680437587079005],[-1.6968309986928114,51.69204200243483],[-1.7110552952534646,51.671792976122504],[-1.7663196819840716,51.662684153106255],[-1.7886168377276472,51.66700185612769],[-1.811942337076799,51.70314575611118],[-1.8184879101996112,51.70230995998226],[-1.8124716232318177,51.68599996812441],[-1.823170927261,51.6734843276868],[-1.8151982251623753,51.663529295057394],[-1.8504841086506116,51.65628481521274],[-1.8738836520051247,51.682589810428745],[-1.8990131561012507,51.67968654964786],[-1.8763256288688648,51.65308521311682],[-1.8883972783901217,51.64885879237139],[-1.9209050118648745,51.657243770013736],[-1.9420595113904486,51.6704168580603],[-1.9630569119889478,51.658656428435485],[-1.9505192016247939,51.63696282133806],[-2.0155923499540918,51.650515540715915],[-2.057173782390788,51.67244315919754],[-2.1525378592005784,51.59034164203673],[-2.1827754892132423,51.5992295697878],[-2.1900123827552895,51.59250317297918],[-2.2065523294951226,51.595949474080925],[-2.2108133035527455,51.60295975609339],[-2.241866908114761,51.592107194675734],[-2.245116456570671,51.58140949840894],[-2.2674533109569874,51.58271743329206],[-2.273992359953449,51.57235930767348],[-2.2602995160333355,51.5699008004417],[-2.268623722375847,51.55970891144562],[-2.2617219070103785,51.544740951815164],[-2.2665017271418386,51.53626184961677],[-2.252388217240433,51.52687352898633],[-2.3243244412593236,51.4975094540484],[-2.3114229633181207,51.487373107361314],[-2.290557850771319,51.48685757845507],[-2.2957429604837576,51.45859000783719],[-2.2852633897258774,51.45792815435932],[-2.2946157971806254,51.42880151911958],[-2.312615767984485,51.42244615661103],[-2.325028417712827,51.43699064236605],[-2.3432896717919602,51.43953352794669],[-2.4459098579367975,51.418479054054586],[-2.4928961125718403,51.41834493523176],[-2.4884345882765393,51.426479568722684],[-2.5079853791648685,51.424641396208074],[-2.5260398569075537,51.43449779181608],[-2.5267514097695916,51.44386484587856],[-2.5380459773625725,51.44479367901895],[-2.5121491696513982,51.46305754993367],[-2.5158650452509184,51.493867380432036],[-2.551601688941713,51.49223288513923],[-2.588149904871265,51.50123469317742],[-2.5912228964362396,51.50968216068738],[-2.5809884455588032,51.51740885073262]]],[[[-2.6952957482193685,51.52245903991246],[-2.673813493106995,51.54443105311345],[-2.69521449719384,51.52245637717507],[-2.6952957482193685,51.52245903991246]]]]}},{"type":"Feature","properties":{"county":"Devon"},"geometry":{"type":"MultiPolygon","coordinates":[[[[-4.165912164896814,50.41991235989098],[-4.162890324378277,50.427364448248966],[-4.176408421780139,50.42263199048129],[-4.1898603488500505,50.4284530680367],[-4.1626892965283435,50.44935844414277],[-4.156488981444174,50.44649367800205],[-4.162101482172157,50.450431624757165],[-4.1505208381334,50.46513548096207],[-4.185099846985445,50.434270365199296],[-4.198970526154051,50.44559306483351],[-4.20046151723857,50.4535322184424],[-4.193738303247921,50.4550182841615],[-4.215703806689538,50.4682753945458],[-4.2356477407981235,50.45868339736409],[-4.235531245145496,50.46630877077027],[-4.216169507793243,50.475490905804286],[-4.220816164459302,50.4977284168409],[-4.199357130345972,50.49236875631906],[-4.1803044677302665,50.50293952139061],[-4.185616164846164,50.50835612866831],[-4.202792984042797,50.50317978692841],[-4.212118438495997,50.52883658283571],[-4.207140040594965,50.53349034643319],[-4.226013623781357,50.52968246837519],[-4.253419347247462,50.54364439048633],[-4.2687701420022375,50.535270899131255],[-4.259596073263477,50.55114293991283],[-4.279515947830768,50.56917335883998],[-4.271149615276421,50.58221422452066],[-4.2865544469387835,50.58398498276365],[-4.285211479109027,50.57503579688755],[-4.29306347313625,50.584287787431734],[-4.308062619155485,50.57894367999334],[-4.312173074168619,50.58949717527407],[-4.300107044229469,50.63340856090564],[-4.331114235306137,50.640420137983746],[-4.348940854527475,50.68953823031545],[-4.3667386630527725,50.697859431712295],[-4.361505337608491,50.71878929934205],[-4.38493345266946,50.74771831419997],[-4.380817803682375,50.75648823327243],[-4.387884281192073,50.75787001444937],[-4.380209448545594,50.76947938800388],[-4.393215795811422,50.7779852106508],[-4.414418414759064,50.77440991303555],[-4.408844828018653,50.762422482460636],[-4.4237666987741315,50.76456861567554],[-4.451329884786928,50.785654224656135],[-4.492956262385963,50.79224859468634],[-4.445216220909696,50.810338899732706],[-4.438547325194653,50.82315250788651],[-4.442270460295019,50.84698061338894],[-4.433656905050658,50.86551349436529],[-4.420959185741248,50.866086189522264],[-4.462683271033765,50.913489775367054],[-4.456194248406607,50.92899317812081],[-4.530644895798568,50.92665528527689],[-4.545924722823282,50.92855182543744],[-4.551012381338768,50.939357853381146],[-4.533031177574833,50.9653767445697],[-4.534849425134226,51.00852757207144],[-4.525969074825781,51.02217774131332],[-4.469539767471318,51.02157721300665],[-4.427632239052086,51.01323774559603],[-4.374954213123489,50.99010354491564],[-4.345273132654636,50.98886301760126],[-4.303585431584351,50.99734535522745],[-4.256700955864926,51.03840243987796],[-4.23882254299061,51.04115570524261],[-4.216929508029606,51.06505396563731],[-4.208779231396427,51.06139867417569],[-4.210358119776395,51.051936076379675],[-4.1905476551101195,51.05482213094558],[-4.203413608670539,51.03159745488382],[-4.206188604227274,51.010749128995656],[-4.205310727901941,51.00504675166571],[-4.192928594508188,51.000314545531324],[-4.203244502155386,51.00569192973152],[-4.198302895272085,51.03300503725489],[-4.179696832195081,51.048536145802345],[-4.180897377449456,51.06630605159002],[-4.151615151730021,51.07353050901417],[-4.152950252684678,51.08020799926079],[-4.11421902728288,51.07347493367711],[-4.1223093121733445,51.07890788286735],[-4.117964867668955,51.08981679811807],[-4.075682722586258,51.07677317002345],[-4.065013764322319,51.07895068986028],[-4.053023868086563,51.06437136825285],[-4.061929482217739,51.08266551742019],[-4.075799493071259,51.07989184911914],[-4.118690523063301,51.09453785270766],[-4.133970785260642,51.08578783281127],[-4.163759772273376,51.08390525100298],[-4.167607756624457,51.09335390882719],[-4.166951204125287,51.08057869100364],[-4.181870818637344,51.07722603841112],[-4.1905471983426885,51.06487535390686],[-4.2158378862163515,51.07572238040752],[-4.222559834938773,51.11779600257683],[-4.240088184169726,51.121127334428934],[-4.2392359061883385,51.13333627663897],[-4.261921869036149,51.142884326351755],[-4.219963541997267,51.146697938268304],[-4.209734573259498,51.17252890254351],[-4.214292764864674,51.182384094260094],[-4.230531918958822,51.18787981307356],[-4.211558022995182,51.19015139797079],[-4.201544639607038,51.20037971815791],[-4.177601777802697,51.19741068212953],[-4.088117916637726,51.21745417485626],[-4.0386720171440444,51.2066956374187],[-4.0278336746630155,51.21641013545841],[-3.958232581563212,51.219215411957315],[-3.9256592117840508,51.23196679416712],[-3.8919790332413617,51.22381006736689],[-3.8456439481044966,51.23529035625217],[-3.8085544507069935,51.23181262505834],[-3.7854244483301533,51.246393582516234],[-3.7697535302040874,51.23766656215056],[-3.720543600793511,51.23306696187571],[-3.7332012696919636,51.222725117072216],[-3.725294330367744,51.17935994187687],[-3.786303486058063,51.17192694975846],[-3.839820710794259,51.17667372670864],[-3.834737499612543,51.14138266964129],[-3.8042887804430063,51.11568529680691],[-3.719954702791922,51.08081488123724],[-3.692407342396713,51.08059224954784],[-3.6523309359021803,51.059641737803915],[-3.594471143428074,51.0551947164772],[-3.614654539723775,51.015490481883326],[-3.609745474033929,51.00798326389847],[-3.5350495036660847,51.00334729709714],[-3.518881424567891,51.014795531079216],[-3.5204283480298058,51.02587098955835],[-3.4836907915684123,51.03383356815411],[-3.4636889053807223,51.02526201381925],[-3.426815196702751,51.03140527085498],[-3.4141740664988363,51.01970266534616],[-3.380487752195196,51.01848589746525],[-3.3786636100039127,50.977508498237015],[-3.333720050615316,50.982797611746],[-3.2938473702992273,50.95513867092331],[-3.2548304265411554,50.941845745783326],[-3.1639455340802036,50.94597254160532],[-3.187870835226641,50.91042073999656],[-3.144177906702242,50.891394781357235],[-3.126341174459516,50.9017177094103],[-3.0524230855608177,50.90826398826605],[-3.054785733406234,50.874618391483914],[-3.0326315699619513,50.86163921351642],[-3.036806099329158,50.85106518899896],[-2.973589783523337,50.85565736594091],[-2.9698269789404224,50.83418044186966],[-2.954321203153165,50.82117249993931],[-2.961346139074106,50.81572080518442],[-2.890258228657192,50.80346616242495],[-2.887039484957011,50.79252281070006],[-2.9296528489657607,50.7824325014554],[-2.9543335943919145,50.7677101904192],[-2.9350630923515872,50.75426611464324],[-2.9530673391447695,50.72849704893993],[-2.947451301816081,50.71831485395898],[-3.0202443015581415,50.698716959214906],[-3.079702618727829,50.70198548636583],[-3.096004787114848,50.68522577724644],[-3.184712135850879,50.684952479239655],[-3.2618312531255467,50.671870105998565],[-3.2895207952858287,50.640447689821386],[-3.306093072954276,50.62948300757622],[-3.309635136063488,50.639511372444545],[-3.306984933721719,50.62957283567614],[-3.349200968695263,50.620086512642345],[-3.3589727759837515,50.60686675244441],[-3.426483888892698,50.61797778516416],[-3.415880973677119,50.62957072646264],[-3.432793938727534,50.64610072101817],[-3.4515644794677143,50.68387305766924],[-3.4587051954930828,50.684339486208586],[-3.45217407979406,50.6832372797367],[-3.4563281810410666,50.674893257289924],[-3.473157165102532,50.68735323468433],[-3.4907137681394844,50.69378685021052],[-3.4968108472766923,50.69411235614949],[-3.49971152160851,50.69586713374456],[-3.4968628276047253,50.6936443490684],[-3.4909628805261517,50.69314828649155],[-3.4698514939321594,50.68223282945113],[-3.4436729471352057,50.60158928606717],[-3.4245419173222227,50.61102355812537],[-3.4964399530757073,50.54169283588325],[-3.50092907029344,50.54639532770813],[-3.5590073230137116,50.545518896071066],[-3.5875370588554554,50.53614020215799],[-3.509783283832778,50.542863388087156],[-3.4967010182695284,50.53802904275211],[-3.5091857671139297,50.516578889857406],[-3.514801982320701,50.481690022590385],[-3.4808245267377633,50.464028673948064],[-3.5159762184632335,50.453800923022534],[-3.5401831095434786,50.460498374118124],[-3.5531689792968826,50.44930285090137],[-3.559070217214434,50.43307438211814],[-3.55332134023898,50.42932793607649],[-3.559088270598138,50.42766423842167],[-3.5538323591285077,50.40576576910198],[-3.5447456405405435,50.40210036784586],[-3.4823673916993405,50.40006270278368],[-3.501363944778832,50.389700011051275],[-3.495967961893264,50.38144853514945],[-3.5155900028577602,50.372410157103],[-3.5179280622021216,50.346505252459096],[-3.5441330602932535,50.335447699165556],[-3.573581072935238,50.347877117416346],[-3.5641035894304216,50.35276919434792],[-3.5702771885403783,50.35143579658771],[-3.5762901794514037,50.363096360219885],[-3.5703672399318336,50.36852978532482],[-3.5916527890870147,50.38233942388238],[-3.5772309324862017,50.392851930003836],[-3.632443865537524,50.399973134772985],[-3.634244952662594,50.40880515416137],[-3.6476210195128558,50.40621057684351],[-3.643476969184444,50.41188058605689],[-3.6582199096221073,50.411299035449595],[-3.6811252930955303,50.4328170515806],[-3.6658990779663343,50.413023222281936],[-3.6584694622761,50.410545372869954],[-3.644992886383911,50.410540633217565],[-3.648212008232222,50.40602527041147],[-3.64785521887312,50.40464499011144],[-3.6339538420273563,50.40496609274393],[-3.6632112054388952,50.39241485641186],[-3.635367617634487,50.39800285339295],[-3.6075833205572123,50.38875424094701],[-3.614339142291872,50.383755369845154],[-3.594071472090373,50.389737090621814],[-3.5945888651519233,50.38059305213304],[-3.5805881592285087,50.372060010837416],[-3.6022519698918263,50.35618037244045],[-3.578264716161129,50.35882703863521],[-3.5771321582922404,50.34674791520062],[-3.563528008997088,50.33544978181958],[-3.5717612564394727,50.326831943309486],[-3.6121471472328555,50.31853494654019],[-3.6461797119051713,50.28300902253581],[-3.6590043664066285,50.23635638536668],[-3.6404297250575968,50.22177738569604],[-3.6810140436953107,50.222444287520005],[-3.721748936038394,50.20231173172318],[-3.737394234811113,50.21479144880534],[-3.773154545471739,50.223785493888215],[-3.761610313387451,50.236200525389435],[-3.72631725697292,50.236691354487505],[-3.739134256369411,50.24107130282215],[-3.7202397210372338,50.248152117497554],[-3.7558119956564724,50.2401783561261],[-3.7557074397011214,50.25164593336063],[-3.719970848559377,50.270643777201286],[-3.756586105341198,50.254673637654726],[-3.7544582232572936,50.26052514151403],[-3.7620002918537354,50.261530764886324],[-3.758032248605791,50.28362969451285],[-3.7651489933418993,50.271745495881184],[-3.774478233493401,50.280003835223035],[-3.7780399949830987,50.27922824231659],[-3.7674699178289623,50.262867866337324],[-3.785817434723736,50.26572537596629],[-3.774100673884793,50.25704099194617],[-3.787572990598912,50.25516153306929],[-3.76489036002201,50.25396761205853],[-3.758830685648356,50.24061388645845],[-3.768070683239461,50.24434207265155],[-3.7752501004323005,50.24372890859245],[-3.7661081528043048,50.236329212362264],[-3.7819010757469473,50.22959869382631],[-3.7847310251199335,50.21081542690474],[-3.8229634043436107,50.21707828398849],[-3.8682217291768284,50.238749275204064],[-3.859027404857952,50.242640981020145],[-3.8591386524082387,50.26211474834231],[-3.8817845793375056,50.27649231399373],[-3.8798528225116384,50.28185990149207],[-3.8681041618644443,50.279319391942096],[-3.8523291869269984,50.29103600521439],[-3.858939646017003,50.29796948836146],[-3.837054327263808,50.31012104354628],[-3.8543416380942994,50.30899881725512],[-3.8694606259100257,50.28202109112569],[-3.894685431099702,50.28167861662525],[-3.9100461063148937,50.29437480884078],[-3.9454417796196464,50.297867148737524],[-3.9348576960977057,50.32317393665738],[-3.928524618377564,50.3248467862323],[-3.9199920662473255,50.33202320345586],[-3.9357934443367055,50.32469729495915],[-3.9268420821849626,50.33670750132289],[-3.948508152135038,50.309816209129124],[-3.9638925503100992,50.30383169739265],[-3.9918690454361765,50.30716967441198],[-4.03621271104439,50.29292183248457],[-4.075249737794837,50.30341451148423],[-4.031948273738495,50.31426113739123],[-4.053197436720703,50.31773466975711],[-4.017503078183023,50.341542028306826],[-4.045487805584686,50.33075289515694],[-4.051933035249008,50.3441551617203],[-4.058282132886643,50.338076622923595],[-4.047121757926356,50.32790266396341],[-4.054325606829326,50.31790091916968],[-4.0564793831714105,50.31139601440023],[-4.118998251080893,50.31934116854135],[-4.119534052104722,50.33571655183391],[-4.1287356825896655,50.33737515534574],[-4.125870515866983,50.35698925377139],[-4.135168665453523,50.35938649758249],[-4.101154581549145,50.35482984807737],[-4.111973656202397,50.35719371624158],[-4.1088337284448535,50.366570537722694],[-4.101563361269918,50.36599901533534],[-4.1081541926140845,50.36789604858551],[-4.083179770167358,50.38668056844557],[-4.104320670526013,50.37988504311722],[-4.113902665595943,50.36252425639388],[-4.131683159069001,50.369538337417794],[-4.1334790757787,50.36328446758555],[-4.1532127857879475,50.366027528241084],[-4.1642447666412865,50.358953697236366],[-4.166288853300015,50.36675037773942],[-4.185419411551392,50.367162486470754],[-4.18431303869464,50.38440943683435],[-4.192766977564537,50.390108126029624],[-4.1829945997075315,50.39612523534271],[-4.194543195007246,50.39208605282727],[-4.204875056229912,50.39881960385982],[-4.192233558254684,50.42468458869973],[-4.165912164896814,50.41991235989098]]],[[[-4.137525233506491,50.33356924034606],[-4.141617667494909,50.33307122723719],[-4.155053295731384,50.33422633521146],[-4.137525233506491,50.33356924034606]]],[[[-4.154722375446079,50.35609655389902],[-4.151738596028186,50.35476056964695],[-4.154848978265989,50.35520351574841],[-4.154722375446079,50.35609655389902]]],[[[-4.653406731804239,51.16229805908519],[-4.6709248809165915,51.15846356521276],[-4.680572506987474,51.172424852979695],[-4.673289108411157,51.1801997658103],[-4.676880703094114,51.202342203251135],[-4.670308420761895,51.20104077323749],[-4.661672624435197,51.16709219904438],[-4.653406731804239,51.16229805908519]]],[[[-3.896901307816804,50.278804780195706],[-3.901238529515121,50.27771490813757],[-3.899536102126355,50.2809968859926],[-3.896901307816804,50.278804780195706]]],[[[-4.104665133376888,50.306971646285334],[-4.108382860878634,50.30662452188103],[-4.105998202276859,50.30847114937061],[-4.104665133376888,50.306971646285334]]],[[[-4.229461714118848,50.45596301276965],[-4.229537835634355,50.45582617962053],[-4.229612563932804,50.45585460994038],[-4.229461714118848,50.45596301276965]]]]}},{"type":"Feature","properties":{"county":"Dorset"},"geometry":{"type":"MultiPolygon","coordinates":[[[[-1.816294979565024,50.72078710651806],[-1.9009138130767502,50.709419034133354],[-1.9469245995470692,50.682788864181106],[-1.9512774575025618,50.68661551173463],[-1.9321675692038456,50.69385003284822],[-1.9383149341184343,50.700849484061244],[-1.952203657044179,50.70404027459192],[-1.9485685991423152,50.71027059262588],[-1.95759447870216,50.71524835463957],[-1.9924739291733757,50.712737934099096],[-1.984552676800563,50.72030611660374],[-1.9923279913909524,50.72943167528499],[-2.0050622382686045,50.7296316639008],[-1.9919530437881088,50.72978698026579],[-1.997194790706663,50.73556767522831],[-2.010331101014835,50.73324094890995],[-2.005525558049508,50.72960106519514],[-2.0114006215847358,50.72658445364401],[-1.9865039357676686,50.708197663526114],[-2.040227105995929,50.71906331104148],[-2.0268693681735863,50.72932630415966],[-2.051502874574327,50.728078533149464],[-2.048148055038249,50.72279762965313],[-2.041721587804036,50.72380107174155],[-2.046944217012347,50.71751126474534],[-2.0416263643002335,50.71403133468938],[-2.0629024950160106,50.71654139497937],[-2.0713451408280186,50.70764707759968],[-2.057632493323707,50.70561967781772],[-2.0721639244171586,50.70504404246768],[-2.0710541802520273,50.69791790279568],[-2.0834897517020208,50.69317962976215],[-2.08119725308048,50.68628075604173],[-2.0657231240040272,50.68672046845341],[-2.0545200947496043,50.69980284081224],[-2.0261341460386832,50.70742007955175],[-2.0180834244643586,50.70157464374094],[-2.0332028645003186,50.702114207803525],[-2.0244565593312513,50.68763627162427],[-2.052671559825601,50.677978983713444],[-2.04731335946222,50.674048782146926],[-2.0247210409005816,50.68460651622491],[-2.0326982384024608,50.67342241138507],[-2.0272590079348953,50.667963623872474],[-2.022065697187063,50.68209536291835],[-2.011448569536258,50.68277054973529],[-2.0039955839636048,50.67779979627677],[-2.012966250141863,50.674200107509286],[-1.9985735546788426,50.6766325931373],[-1.9957323826508233,50.66715485380818],[-1.9783664082541634,50.67694530398765],[-1.98524945485168,50.669901369449896],[-1.9807760280410789,50.66385653148068],[-1.974708483308476,50.66514582894579],[-1.9782058640374198,50.65926336400201],[-1.949827838873845,50.680117577809945],[-1.9417334795907057,50.67305155784739],[-1.9523235558432408,50.656328207799014],[-1.9493937365637979,50.645844820149456],[-1.9237594506698221,50.64203400086983],[-1.956317109344378,50.617901393821455],[-1.9565470987224411,50.60922422182292],[-1.944090017956049,50.60745815301823],[-1.9512873602074279,50.59432142229849],[-2.0266835979386264,50.58888029622545],[-2.0552623551238636,50.57649204012838],[-2.0633727298282376,50.593194136427684],[-2.1030435155895546,50.597188288422636],[-2.1344158089162075,50.612615352756045],[-2.1460348692549167,50.60849333444302],[-2.2072061581836695,50.622347482286216],[-2.2459494979804333,50.61656072758558],[-2.39361566146529,50.63667737632177],[-2.4233663998510018,50.63589671844977],[-2.4409707507097536,50.62663421028487],[-2.4525704731947644,50.61293823340187],[-2.443782006738828,50.60902678818155],[-2.4507442488612856,50.60422199871757],[-2.4335058142714368,50.596549132464],[-2.4499850692982528,50.601232021558296],[-2.4724016282123786,50.58452391540073],[-2.497964796136928,50.59655183861406],[-2.495698088092627,50.60285584851408],[-2.5174916704071237,50.617857791768245],[-2.5316860814521984,50.61746546575073],[-2.551866446574926,50.62742940984399],[-2.5452841299677846,50.63088772069434],[-2.558055486416711,50.63083433356432],[-2.5604958416280152,50.63914658333102],[-2.6114857419832602,50.6540960951179],[-2.516198925496045,50.60517316327562],[-2.4699437998871,50.578132696038836],[-2.4695260565412163,50.58242760045367],[-2.4604357282870457,50.57099526420061],[-2.4221072266482677,50.56929697932824],[-2.428635900590096,50.56703930231156],[-2.418209636926859,50.54273167843289],[-2.456587037733615,50.513098759608845],[-2.451498570867777,50.56227300185739],[-2.517347548792116,50.604249841607164],[-2.6525510778803243,50.67002543340331],[-2.793109801201403,50.7180289413232],[-2.8944558010651296,50.732753813823976],[-2.920040143796149,50.731655434318625],[-2.947451301816081,50.71831485395898],[-2.9530673391447695,50.72849704893993],[-2.9350630923515872,50.75426611464324],[-2.9543335943919145,50.7677101904192],[-2.9296528489657607,50.7824325014554],[-2.887039484957011,50.79252281070006],[-2.890258228657192,50.80346616242495],[-2.961346139074106,50.81572080518442],[-2.9416824092103147,50.8358959681487],[-2.886180147719016,50.85059836806798],[-2.828956943192574,50.84865966296942],[-2.811425136305661,50.863409799737575],[-2.788977677510429,50.85344320537457],[-2.754988747538194,50.86677853450923],[-2.7145559490139237,50.86389448849737],[-2.7143898155055264,50.87114364977926],[-2.6606115130107137,50.887104816862504],[-2.6279609762737777,50.88630580245757],[-2.6241293602126,50.879259020603456],[-2.6097590222891327,50.8919077945131],[-2.624064992659522,50.90786685945997],[-2.6040399727068095,50.926724732280505],[-2.6160354131717765,50.94144843400728],[-2.598200293573546,50.94857446788212],[-2.5949086697949797,50.9621097779579],[-2.603387137219768,50.97634449301828],[-2.5746304152210313,50.9866936577473],[-2.5562070052734898,50.97953512800279],[-2.5454234804604052,50.98508051523873],[-2.551924387455647,50.993697959394545],[-2.54743516132396,50.999541707778185],[-2.502231843697236,50.993762253798664],[-2.4903452864529037,50.97277242535752],[-2.45866343374816,50.949747040855144],[-2.4434783165254377,50.95846265780813],[-2.4471777421418635,50.967850221985536],[-2.424949094042238,50.97027018918514],[-2.414927655316655,50.96058348133734],[-2.3445565182374217,50.978829287691696],[-2.3549498923729355,50.99089656778105],[-2.3777597205950696,50.991413171465354],[-2.381755784152344,51.00194649647187],[-2.360674128776997,51.025174920114395],[-2.3300144567164605,51.041344547546075],[-2.349978079668233,51.06880082199033],[-2.3258527767577983,51.07967555928311],[-2.2912693215562423,51.077075485135964],[-2.2686201617111905,51.06874094515403],[-2.2446890397310213,51.07231037326365],[-2.2179933357802786,51.055178323334324],[-2.1932086022443347,51.03771238544074],[-2.1886037360729116,51.01853231515998],[-2.1717985638335433,51.001000902094866],[-2.119764319152637,50.97819068195144],[-2.1194615634625142,50.959680232743395],[-2.102860917951227,50.94560771174422],[-2.0672830742738886,50.95182051624516],[-2.037208206905365,50.97196987394426],[-1.9940362849356463,50.97572818417038],[-1.9653579465580202,50.99203680092237],[-1.873644374003693,50.91722591951899],[-1.8403195433797124,50.93188337774207],[-1.810658048275495,50.92720341569072],[-1.8204071280052962,50.91210594214987],[-1.8165418868853376,50.903948173626354],[-1.8485554865733334,50.889887392940835],[-1.8440432739654158,50.88682937326815],[-1.8535393035322223,50.866505008654265],[-1.8509437860730351,50.85872497580297],[-1.8295184697142315,50.855318972022786],[-1.811373508604088,50.864593885903176],[-1.8055657568135297,50.859218476662775],[-1.803358598073733,50.8444766310904],[-1.7906149331606176,50.83631413384157],[-1.8036349653593804,50.83002396514897],[-1.8028736562539864,50.813511959289784],[-1.8118321040305279,50.80873007877222],[-1.8013735080954218,50.79971446843491],[-1.8059672530770277,50.79202080322385],[-1.7878682610007521,50.778855141903925],[-1.7882768597669612,50.76686953475528],[-1.7490589697809529,50.779510088053],[-1.7389596433134775,50.7632705326003],[-1.7441687574373688,50.747455353778],[-1.6818187606034976,50.7518500527911],[-1.6917482419756467,50.73728265624479],[-1.7222154145401818,50.734655467333546],[-1.7423129419503587,50.72353243963631],[-1.7570872353440468,50.730179989740456],[-1.7643334783971554,50.72332889238297],[-1.7717745605785977,50.72958909305441],[-1.7689191569100093,50.73065523267217],[-1.7715657759362506,50.736681131697004],[-1.7740530751064818,50.73778305542661],[-1.7740276716892625,50.73452237972416],[-1.7707658066716254,50.730509448827036],[-1.7924338778776234,50.73050823233242],[-1.7933058815135987,50.7364714305385],[-1.794240375912238,50.730770950221405],[-1.7925801671830044,50.730179127424215],[-1.7740003671033733,50.7295988057928],[-1.763429296569448,50.71860497642905],[-1.7460071742191263,50.71547040661927],[-1.740788208935536,50.72360101088639],[-1.74884544493779,50.71100173048769],[-1.816294979565024,50.72078710651806]]],[[[-1.7715786784593581,50.73596216815725],[-1.7696915048370803,50.73109579517801],[-1.7738822857485599,50.73470014393144],[-1.7715786784593581,50.73596216815725]]],[[[-2.0421401222850797,50.72447267823496],[-2.045931450803279,50.726127679923025],[-2.041970147548098,50.726067162589],[-2.0421401222850797,50.72447267823496]]],[[[-2.073393195075714,50.69248475609047],[-2.072379388426397,50.69056542118182],[-2.0744113285358248,50.691735899083355],[-2.073393195075714,50.69248475609047]]],[[[-2.000429040221209,50.73176393052037],[-2.003465514122347,50.73092037478176],[-1.999802761495294,50.73407772026027],[-2.000429040221209,50.73176393052037]]],[[[-1.9567642674829324,50.6882194407828],[-1.9835457346740466,50.68707491871334],[-1.9880884685144888,50.6924532500037],[-1.9741688771005794,50.69722771577884],[-1.958155433893033,50.69493038216077],[-1.9567642674829324,50.6882194407828]]],[[[-2.012234198035092,50.68796567227309],[-2.017380043980923,50.684426272321524],[-2.022004958719762,50.6939488838541],[-2.0186764413732656,50.69406912543153],[-2.012234198035092,50.68796567227309]]],[[[-1.9800464533320137,50.683523024103195],[-1.9889897788239828,50.68167353337119],[-1.9911407841661377,50.684150366700344],[-1.9861807908195188,50.6846705770527],[-1.9800464533320137,50.683523024103195]]],[[[-1.9938572350498678,50.682874443163584],[-1.9906296428615584,50.67705850249364],[-1.9967038360244722,50.679970737387116],[-1.9938572350498678,50.682874443163584]]],[[[-1.99977097496008,50.683830548996035],[-2.0027531310249698,50.68033764887191],[-2.0029487516130837,50.6838916519389],[-1.99977097496008,50.683830548996035]]],[[[-2.0045894208843253,50.684721635431465],[-2.005155442210909,50.68325126324479],[-2.0096455577228993,50.68410077967742],[-2.0045894208843253,50.684721635431465]]],[[[-2.0070789031630643,50.68216570193467],[-2.0052143123023063,50.67883123073042],[-2.00833014130481,50.68204780334608],[-2.0070789031630643,50.68216570193467]]],[[[-1.9911732348014737,50.67628695015668],[-1.9946278712754972,50.6760713245898],[-1.9936328167432111,50.67730330873134],[-1.9911732348014737,50.67628695015668]]],[[[-1.9778195512151346,50.665753503418216],[-1.9802065898258825,50.66553182061122],[-1.9791916658457194,50.666575719719916],[-1.9778195512151346,50.665753503418216]]]]}},{"type":"Feature","properties":{"county":"Cambridgeshire"},"geometry":{"type":"Polygon","coordinates":[[[-0.47096127687605543,52.61795331319103],[-0.47350351193989293,52.62823446901982],[-0.4947734241445185,52.640314093899356],[-0.4504779137048943,52.654124661115375],[-0.4174996530179871,52.64677311690691],[-0.3399513770406177,52.66606645718749],[-0.3350370869791653,52.674865977267594],[-0.2790833755617099,52.666004205687784],[-0.2586647859222459,52.65164533808441],[-0.20603761243496488,52.66807335015296],[-0.19286780111136315,52.65243853603138],[-0.18002007779422496,52.66056113655133],[-0.14106194955691573,52.651507411484715],[-0.10219596521401333,52.67220617032242],[-0.08783705010944884,52.66678028310781],[-0.06378521620838741,52.67522440160005],[-0.03127066823143831,52.66153278239773],[0.021500403898366396,52.66488728219187],[0.048012882282787044,52.68104977558219],[0.04414952819429621,52.7143823262525],[0.06390422667722484,52.72743615124509],[0.08901169550536998,52.723630137227005],[0.1329752726705756,52.73930448416108],[0.17018095195803068,52.73989415744661],[0.1536438809796367,52.6821777526741],[0.18471662709430275,52.67789462760527],[0.18384182201909277,52.65566204961416],[0.17205960823404615,52.648694311774015],[0.21930011208376185,52.62181242917529],[0.1915995351960236,52.601516842278265],[0.20261120212384479,52.5800954570349],[0.21578027046248252,52.57944606121035],[0.21848609388264428,52.57222642073614],[0.2056315703300428,52.56556915439134],[0.2172384270517264,52.56059400800906],[0.20470830682292832,52.55465620440658],[0.2051398298553459,52.54790087878801],[0.21462559204155876,52.549106692960976],[0.20387174950051992,52.54540505020174],[0.21314507089025084,52.53817173904085],[0.20584732082714663,52.533850838688366],[0.23059117101302376,52.52790992857464],[0.20612329699060483,52.51963512326436],[0.23879083888246877,52.50918510083667],[0.24604094847177774,52.49989125953858],[0.256476415824398,52.50771429884822],[0.30936065434921134,52.51362228627672],[0.3670621726708489,52.50117379805355],[0.38070635893610527,52.479539473261845],[0.42852907300049226,52.45465261688023],[0.42531338712696903,52.43032727795176],[0.37477742873738584,52.40972882382432],[0.40769157650534704,52.361512063552375],[0.4425012015137646,52.3488315586357],[0.43632407369770676,52.333533707346156],[0.4242215776399105,52.329216405120576],[0.43078190062227156,52.3171289939923],[0.45750008791572866,52.316295681593125],[0.5047005266843895,52.286366302654116],[0.4958457146430024,52.280372355918466],[0.4988028987167878,52.273021348682896],[0.4242063371924722,52.255871571334914],[0.3853627415626018,52.28299774759187],[0.38272307686364404,52.29326627878932],[0.3607364352032613,52.297813738106214],[0.35065028209332993,52.282960160855225],[0.3552254549809055,52.27932154863688],[0.3400024732864423,52.26768788150617],[0.36030749021946706,52.250232621389664],[0.34268407441894966,52.24234331608591],[0.371248865441632,52.22655618020615],[0.4213350927088345,52.23969134403832],[0.41451776092750847,52.2478611244161],[0.4269647626403235,52.25360276258353],[0.48033720623077397,52.232681915069705],[0.4949314394489384,52.23925800215279],[0.5144840823925747,52.22677944086241],[0.48746497872763145,52.16979697886015],[0.4913328416210873,52.165102076396785],[0.47073031963822154,52.16325887318353],[0.4525549721979069,52.173220032284334],[0.4359158288529134,52.15949508879105],[0.4172764599120889,52.1593066950549],[0.4182829543278268,52.134355615025605],[0.38958983556766535,52.11747059607831],[0.38180379338301484,52.102701263166296],[0.39499683075564945,52.09596813500101],[0.39084997794673115,52.088483189856646],[0.4070924892188008,52.0707939061482],[0.379612833953232,52.04956274788641],[0.3896953379915051,52.03646662472534],[0.34385690637532107,52.05101332139989],[0.3219480113659191,52.07430191073062],[0.2762289195840561,52.092638302614],[0.25201029066484804,52.0770934271141],[0.23520797255216863,52.08900004198798],[0.2034593580497249,52.09267412830344],[0.1857874620037328,52.07389978353975],[0.18992211358640254,52.06020135237879],[0.1675702910802426,52.05499977980718],[0.1663961124097029,52.04819077265875],[0.15111696342088474,52.052851788365544],[0.12813519650596072,52.047322564538625],[0.11907755810348027,52.05996255451753],[0.1057362360903217,52.06026109142162],[0.10115573622534452,52.038856898424704],[0.0790625425874305,52.007722048031276],[0.06812736340978318,52.005788768013275],[0.05209839892966871,52.024630817758954],[0.04030634730578386,52.053327300544055],[0.007186322062604045,52.04953312886348],[-0.024412339623048986,52.06331602541465],[-0.12656744763334557,52.02092188501222],[-0.1223386560768803,52.029636121659614],[-0.13372983494599827,52.04623288100769],[-0.15512103122808718,52.0530610989458],[-0.14750545704547627,52.069403146457475],[-0.15728084798263192,52.08054723423343],[-0.1491110505465716,52.091130340604906],[-0.14439258850326725,52.13746197289969],[-0.15435233340930032,52.144407909952065],[-0.23480403666853975,52.14472675011004],[-0.21662433178769877,52.158735578186274],[-0.2606941217919255,52.17640138008836],[-0.24072297372773174,52.19019317656922],[-0.2619275104725964,52.20963255749116],[-0.29435641104843546,52.20835350771847],[-0.29996508926149523,52.21805782106036],[-0.28569378548539964,52.237401429939354],[-0.33449368748270203,52.24292057275079],[-0.3434688709409536,52.241874436426926],[-0.341010816070323,52.23064745206869],[-0.3743756357974025,52.23299824648935],[-0.38196753210461437,52.268707240703804],[-0.37217501447143325,52.27349981460431],[-0.3750100119560877,52.280469346603894],[-0.4217674398471014,52.28494748772015],[-0.43576115899251655,52.29665684205426],[-0.4360886557890314,52.314470870278086],[-0.465365697722141,52.32295328496823],[-0.46665672341348635,52.338927562728784],[-0.4832305058907704,52.34094516488116],[-0.477338772001231,52.34840937971586],[-0.49869985454800514,52.36009583274189],[-0.488518822670407,52.37402351415021],[-0.4959462594009023,52.3795155184842],[-0.44376133371256377,52.38385721269978],[-0.4161570015369284,52.40358932033283],[-0.4170728708874662,52.41159913754352],[-0.362408009970747,52.43353132165501],[-0.37186473568243744,52.43705959057841],[-0.34159051675876306,52.466942607910326],[-0.3594518809474234,52.49007557397345],[-0.3543452042663426,52.506495084920005],[-0.41184646576674494,52.524753354952864],[-0.4012833457510779,52.53868464451707],[-0.4020604179017814,52.548321645720094],[-0.41959379947242437,52.55896198667285],[-0.4072908839548168,52.5640548624086],[-0.4153814337688286,52.578742596109706],[-0.4788148354482714,52.57364511337839],[-0.49765142633728177,52.5868509683855],[-0.47096127687605543,52.61795331319103]]]}},{"type":"Feature","properties":{"county":"Bedfordshire"},"geometry":{"type":"Polygon","coordinates":[[[-0.3892136782928744,51.9257808824173],[-0.37390926492693505,51.895313936989346],[-0.34989887752221766,51.878708196450546],[-0.35287168216184395,51.86354319852629],[-0.3394859163786651,51.84960551271375],[-0.36330766688740534,51.842104708167135],[-0.37405481017979486,51.82919469522003],[-0.421500842373884,51.85020521659225],[-0.44752451323663506,51.84760157877132],[-0.4704200522672615,51.85571020199256],[-0.4782984521814597,51.8531364871058],[-0.4711957226768253,51.845467844237966],[-0.5018182636112086,51.83679480900882],[-0.5111929046299621,51.825893589528356],[-0.5022828020591564,51.815458686556504],[-0.5197288690057658,51.805095381178454],[-0.543179758482052,51.81546354331973],[-0.5536286473629357,51.82671264693076],[-0.5376285277064373,51.83141087481988],[-0.5640528908110544,51.84709611005719],[-0.5835635397303487,51.87032387257801],[-0.620089200668163,51.88548554078059],[-0.6548270607041623,51.88789039546469],[-0.673236145156623,51.901817773518694],[-0.6922198188627154,51.90016242828219],[-0.7021567275208473,51.909119069120315],[-0.680318520815374,51.93550199890571],[-0.6823456016442541,51.942736645163855],[-0.6703459062249669,51.943819993964304],[-0.6719308006637719,51.955989638227166],[-0.6621025235033743,51.9555726344433],[-0.6456807466780184,51.97222835109194],[-0.6616896088608101,51.99973642426706],[-0.6434768813748757,52.010854658665345],[-0.6510239308812885,52.0184860330709],[-0.6403292000636628,52.0236608294164],[-0.6430757700251337,52.036890969449296],[-0.6689760060389061,52.04871685099286],[-0.6313578616814275,52.08097493957125],[-0.605787557718057,52.09212209397413],[-0.591810283644433,52.11069191180987],[-0.6072494312131548,52.13386879462929],[-0.6354516223604472,52.13925358185124],[-0.6407815701275333,52.15277231197206],[-0.6306708086763849,52.15492394194698],[-0.634906814995997,52.16813301858915],[-0.6274466731778274,52.181545423600134],[-0.6681356962700096,52.19503410884094],[-0.637331646832823,52.227317619423644],[-0.6536554996324467,52.268289280524655],[-0.6106170332944457,52.279497945405424],[-0.5883486847176198,52.27381744711456],[-0.5656930746930066,52.253468210497495],[-0.540903659480012,52.25652620498804],[-0.5311901319521238,52.27040243690376],[-0.5420393209320434,52.289732005183254],[-0.5140511920182156,52.3146970563403],[-0.5198298491029811,52.31769257579269],[-0.465365697722141,52.32295328496823],[-0.4360886557890314,52.314470870278086],[-0.43576115899251655,52.29665684205426],[-0.4217674398471014,52.28494748772015],[-0.3750100119560877,52.280469346603894],[-0.37217501447143325,52.27349981460431],[-0.38196753210461437,52.268707240703804],[-0.3743756357974025,52.23299824648935],[-0.341010816070323,52.23064745206869],[-0.3434688709409536,52.241874436426926],[-0.33449368748270203,52.24292057275079],[-0.28569378548539964,52.237401429939354],[-0.29996508926149523,52.21805782106036],[-0.29435641104843546,52.20835350771847],[-0.2619275104725964,52.20963255749116],[-0.24072297372773174,52.19019317656922],[-0.2606941217919255,52.17640138008836],[-0.21662433178769877,52.158735578186274],[-0.23480403666853975,52.14472675011004],[-0.15435233340930032,52.144407909952065],[-0.14439258850326725,52.13746197289969],[-0.1491110505465716,52.091130340604906],[-0.17261941069316947,52.0602099269134],[-0.1949826550203782,52.062415063919616],[-0.21949343050888237,52.036741248298476],[-0.20125598539046993,52.00982469543063],[-0.24407870248335894,51.99902325740714],[-0.24788907064947302,51.98517300941687],[-0.26025508349241055,51.979704852706796],[-0.27390055245206474,51.98120949237388],[-0.2838934455841461,52.00182023758618],[-0.3000542128638422,52.000780500392715],[-0.2953254820382909,51.99540422977387],[-0.31155546744467794,51.98210988369344],[-0.36715750034926975,51.9837610082731],[-0.3491736581554948,51.96373698873599],[-0.3725823689169476,51.94801890424471],[-0.38291203007376273,51.95141368512394],[-0.38068637812102996,51.97943232114315],[-0.39026604782642593,51.97772849032456],[-0.39943951310151515,51.96767138027588],[-0.405607163492048,51.93245438904585],[-0.3892136782928744,51.9257808824173]]]}},{"type":"Feature","properties":{"county":"Essex"},"geometry":{"type":"MultiPolygon","coordinates":[[[[0.7877706447407145,51.52183128084927],[0.6402036276245961,51.540162857686624],[0.6084702975850614,51.534951199021265],[0.5454933116000373,51.547902939863995],[0.5352167310241309,51.53117010408123],[0.5241630529278092,51.53325983545241],[0.5079784172960543,51.531226751925836],[0.5092384143829438,51.53555093399331],[0.5061415095417797,51.54354161664241],[0.496527087048219,51.548705380224696],[0.5030472703666639,51.5531288815599],[0.49596106001323786,51.54882623813562],[0.4998969296071824,51.545283932240565],[0.4929646641097203,51.54887012624287],[0.49930435426603814,51.55665582332051],[0.4904035937562609,51.556013934489776],[0.49275416979339226,51.54715810151281],[0.5038545854201264,51.54359044177004],[0.5071352947517354,51.53750794697681],[0.5062195808715559,51.5382434064061],[0.4977723323603008,51.53849100448605],[0.5074725515498151,51.53663824854898],[0.5068687720702625,51.53126395959872],[0.522193875161438,51.51596648220655],[0.5412713863702329,51.51256074465793],[0.508165368315147,51.50519705877712],[0.45588949915170274,51.506850968418895],[0.447625011888749,51.50015803801891],[0.43107020786655714,51.50627322635715],[0.44560266055163245,51.49817938914119],[0.4339797516227274,51.46149861807184],[0.39840154302903086,51.45366159865964],[0.3408453129292732,51.452327734916345],[0.31873540785702237,51.474115461435936],[0.28140212589989105,51.46139845797914],[0.21182988788922774,51.48985191082485],[0.22996529797922183,51.49936589633518],[0.22659728539775517,51.50656328322229],[0.24191930248663837,51.507960111045875],[0.23717604867843725,51.51933440938106],[0.2508519909820781,51.52881860568597],[0.2538343662863247,51.5178858832684],[0.26230794017645587,51.51793047171251],[0.26534732497302344,51.53215028654095],[0.33390254418939164,51.542493743827244],[0.3130351176660074,51.56581816533413],[0.29020155306796425,51.56449717521941],[0.26987890775457624,51.599574804549036],[0.2539163798012393,51.601920089297835],[0.2632576647494952,51.60919202660667],[0.2240877710021804,51.63173773551831],[0.16890125564526706,51.62142013439153],[0.13818425815240773,51.62354535699273],[0.09228492500278658,51.61357428070013],[0.0871452565248574,51.60446703354712],[0.06299877638202758,51.60691180669479],[0.04809409753652553,51.61332286454839],[0.053711305652799066,51.61827955784114],[0.0407877905375224,51.61572883499927],[0.021818995682470976,51.62883277242344],[0.02271955894716668,51.641115491707026],[-0.012259694345201461,51.646228728787726],[-0.010328384837895796,51.6766647006889],[-0.01973044484857572,51.70327425759678],[-0.01298015840506792,51.742751236187814],[0.00125737832854403,51.74513649078752],[0.026799418767174468,51.774179879224114],[0.1507668162002368,51.797049474505364],[0.15830882059100684,51.813517035173454],[0.17258304757046947,51.81630440108554],[0.16120893022357408,51.825947315267435],[0.16316605239269888,51.844776907782155],[0.1733983869610178,51.84976976202813],[0.1704676833445664,51.86162216722149],[0.19559423921317529,51.86808634914013],[0.17670724015729847,51.88158453340295],[0.17934902808443703,51.89555405698468],[0.12476146866768481,51.88458550363542],[0.12486012491604893,51.92353892600371],[0.10701201984205412,51.9718178877814],[0.09646064868943689,51.98432593068384],[0.0690610440005004,51.98404257290505],[0.07432182764856186,52.000860900886565],[0.06812736340978318,52.005788768013275],[0.09225431087528758,52.02165400475217],[0.1057362360903217,52.06026109142162],[0.11907755810348027,52.05996255451753],[0.12813519650596072,52.047322564538625],[0.15111696342088474,52.052851788365544],[0.1663961124097029,52.04819077265875],[0.1675702910802426,52.05499977980718],[0.18992211358640254,52.06020135237879],[0.1857874620037328,52.07389978353975],[0.2034593580497249,52.09267412830344],[0.23520797255216863,52.08900004198798],[0.25201029066484804,52.0770934271141],[0.2762289195840561,52.092638302614],[0.3219480113659191,52.07430191073062],[0.34385690637532107,52.05101332139989],[0.3896953379915051,52.03646662472534],[0.379612833953232,52.04956274788641],[0.390419984949962,52.060288113960574],[0.4381256481460273,52.072312427553335],[0.4536226363292879,52.06814731738755],[0.46666683261496117,52.07845586335444],[0.5004881239947503,52.053846471435186],[0.542730139117932,52.05792012154638],[0.5513717164255061,52.068753262259136],[0.6054888965156723,52.08022790932133],[0.6193481283614454,52.07656984841856],[0.6345735525531925,52.08628294488824],[0.683116621438092,52.087040203985204],[0.7121183071471601,52.072242505274005],[0.7031776143186885,52.065273211335615],[0.7162634029000146,52.04868717439896],[0.6994000905377958,52.048438063709874],[0.6986931742620396,52.03675479898224],[0.7125078248930925,52.03486903924041],[0.7065288529185446,52.029525102051686],[0.7143965726328726,52.02731873256776],[0.7391764392380926,52.03227779624001],[0.7385269491016323,52.010698685735285],[0.7611492329795528,51.997483300714],[0.7596677896561128,51.98542907705435],[0.7746333201664054,51.98259159514782],[0.7722610199710668,51.970424495080195],[0.7871614445248131,51.96313422135923],[0.8125201162943302,51.96103634848093],[0.8216424095765176,51.96871885248147],[0.8502401744183437,51.96076664528029],[0.8896879671197677,51.973386877960614],[0.9432938360945099,51.97073197218976],[0.9619056419809061,51.97693032106398],[0.9714850460695751,51.96227543389695],[1.0012640064838922,51.963404862136755],[1.0115615196551009,51.955069783162024],[1.0483313113462582,51.95932036957719],[1.061876833485442,51.94594548548867],[1.119438520073757,51.94003980107267],[1.1706247204910156,51.94799855589825],[1.2274129573889592,51.93947409913605],[1.2611164526036394,51.947322443597926],[1.274608019872338,51.93940772549767],[1.2916999603870993,51.94934363113939],[1.2901314539927515,51.938166870989406],[1.296622298575839,51.93558000292565],[1.285325378836438,51.93691784147278],[1.2540351028955177,51.91812115588031],[1.2589113645146677,51.9152815077617],[1.2467298354238148,51.896111243495305],[1.2297564784250476,51.904550468857884],[1.2121680662248553,51.896928346140136],[1.2283091199479417,51.890538262594966],[1.1990162782609846,51.884787468776494],[1.209786449370738,51.878494660850535],[1.1782144322238444,51.87143114412775],[1.2077805284099872,51.87087720910971],[1.2244242011079216,51.880581033711785],[1.2127575041864451,51.869948882400095],[1.2284943556070258,51.872608203430815],[1.23240772797028,51.85507404543075],[1.2356212192365843,51.86149931917188],[1.2492937436824163,51.86230672005146],[1.2493699583616855,51.85655270674406],[1.252531140390728,51.86374713170252],[1.2714586019549772,51.86230350310552],[1.2662362441284936,51.861943265192345],[1.2690661724805103,51.851752054278194],[1.274932271625464,51.85487173766325],[1.2677886338699322,51.877099004628036],[1.2769487408063995,51.87886600126966],[1.2660428315477872,51.88546653600283],[1.292249360431381,51.87039014573485],[1.2872266266784702,51.8592632409303],[1.2318865352596824,51.817169480698446],[1.1243930902639534,51.77544094220714],[1.0426824260492122,51.769909602708175],[1.0292438399588546,51.78869111003672],[1.0322071265008326,51.78621058376517],[1.0411806544503732,51.783876818073686],[1.037151991587401,51.790606928751906],[1.017611417847808,51.800661904895726],[1.0465339942308662,51.80245757205833],[1.0621827622152171,51.81038227554229],[1.0677972418417845,51.82108820935491],[1.048919866164676,51.82322065964075],[1.0632832143753634,51.817918557133375],[1.060231264433431,51.81160412200655],[1.0396735104225585,51.80560053623902],[1.010602171994149,51.805630054085874],[0.9826896739628252,51.83119207939044],[0.9876705106077842,51.83669464741541],[1.0103808360199524,51.831956922699526],[1.0208974350450681,51.834734088941744],[0.9854943841448909,51.83874059281162],[0.980418559233971,51.84715465664558],[0.9504191991516211,51.85611840584732],[0.9523359717194507,51.85968197904204],[0.9487395484013814,51.86479822773362],[0.9355630231913824,51.87680915104064],[0.9276404781348088,51.88023659351659],[0.9508525465274095,51.85992898148914],[0.9490908695594196,51.856158869370645],[0.9519012896358995,51.848722270203425],[0.9553441509650606,51.85392632212447],[0.9760160258818007,51.84639017943045],[0.9744228196936713,51.82881669661889],[0.9823226438026442,51.81735872107506],[0.9663725297583592,51.82228095636011],[0.9640564091345019,51.829002123920525],[0.9525544532078095,51.833285821769465],[0.9641664515426943,51.82199304470776],[0.9492391995235145,51.82465302367824],[0.9435397444742559,51.822164270568436],[0.9912550741319129,51.80722307273274],[0.9695889321963279,51.812732666364035],[0.919892824055721,51.80791052623513],[0.937152446771216,51.805859759421644],[0.9180427149804553,51.7991046624611],[0.9042237491130147,51.791305216870064],[0.8961624234309924,51.78238839444336],[0.9098730981727358,51.800501614135385],[0.9042061621969062,51.804099037676714],[0.9082460440859987,51.800340491577515],[0.8947534459243764,51.7910203849437],[0.8934276775280403,51.77443859201892],[0.8785278620776956,51.78574739769515],[0.8349145248284733,51.78437566355258],[0.8772333114482875,51.779353876847594],[0.8946087936561838,51.76630238166798],[0.8367247654787496,51.7738721885435],[0.8562023218257282,51.767724345316125],[0.8409646105485673,51.77021629955988],[0.8422715781369873,51.76483336493897],[0.8607339765289829,51.76429266732568],[0.8503566536690322,51.75712854116876],[0.8618332024269549,51.763110186544644],[0.8827105467774625,51.75765226197907],[0.8562483039729032,51.74380133831859],[0.850637063056073,51.744398119761506],[0.8499899989066538,51.747489722321745],[0.8474360446138891,51.74740505211721],[0.8469027231263146,51.74510025835791],[0.8524304166998086,51.74161235633788],[0.8112154247116513,51.738850958432394],[0.792287544086981,51.74516362336621],[0.7890449876388231,51.73763821807394],[0.7966773678828747,51.74059019750012],[0.7886323164525493,51.7366533038137],[0.7604389532553211,51.74248420478476],[0.7355166192000511,51.72947846397502],[0.7128901502067672,51.73750022923718],[0.7053757402378823,51.72385656218854],[0.6904013807616338,51.7361952513797],[0.6623111901114482,51.74342865787636],[0.7101837657308868,51.71391566539953],[0.746999032831195,51.711459230407975],[0.7460336723841456,51.70486369280063],[0.7691854741560719,51.708359287211216],[0.7498376731367061,51.70032908676049],[0.7542384116222844,51.695359466805776],[0.7482830085840246,51.6909571342673],[0.7382679706400879,51.69373899171493],[0.738328548255498,51.68697341948147],[0.751229508617671,51.68850390968961],[0.7592141056595867,51.69986277617403],[0.7721771123131559,51.70174573773349],[0.7734009743578437,51.68753004005732],[0.7781336777655431,51.685162538605034],[0.7715819377633044,51.704061295520916],[0.7975605284550165,51.70794504875181],[0.7908092263886041,51.71030104032678],[0.7943173147502534,51.717257652366314],[0.8197260470678434,51.72108113548083],[0.8341675075983392,51.71499456618198],[0.8512934067957084,51.715985183635446],[0.875264303373707,51.72515261139928],[0.890704077390403,51.741336011420294],[0.9277478081672496,51.74811567076901],[0.9505722989895038,51.73083196525659],[0.939517465354239,51.69861718192383],[0.9500577675012336,51.68349644376513],[0.9422275609146176,51.66058792930413],[0.9356553141148599,51.66108882323599],[0.9418497107757198,51.66029159749898],[0.934239074913095,51.65383180179138],[0.9394443708969069,51.65434377014146],[0.9371288020774097,51.63622369222784],[0.90903478947806,51.623804720786225],[0.7951228290729772,51.62551603204527],[0.7619178637469769,51.644152307261855],[0.7462398004885241,51.645649032891406],[0.7169332811162173,51.64300423230901],[0.7090371888144453,51.6366925193814],[0.6621079076926856,51.636996245103646],[0.6599176986605224,51.643058889446046],[0.6666501033215219,51.64257700323359],[0.6503806050397323,51.64844129029207],[0.6578745631680101,51.637861102942146],[0.6289680898970137,51.64161559473806],[0.6467039337873424,51.63670364812965],[0.6077582161283626,51.62981623792857],[0.6026911337250149,51.63785335237227],[0.6064795862161502,51.62974479584985],[0.5869684418362797,51.63116272763638],[0.5859816858879452,51.62356822184669],[0.5776588004523883,51.62523070647946],[0.5710270061794517,51.6227491453168],[0.5865552215934616,51.6226326741627],[0.5881382441977258,51.63036353108222],[0.605044772205268,51.62894025269657],[0.637196892948604,51.631677714518936],[0.6473783625370412,51.62993669207467],[0.6515961572769883,51.63590851494776],[0.7376564361884237,51.630500166337164],[0.7640947414464193,51.63687812961885],[0.7844188375450565,51.62429637485957],[0.7794435516071034,51.61883095450715],[0.8657470758941698,51.61556976857335],[0.862526487670398,51.59605222876443],[0.821170511619741,51.598738455538545],[0.8167894253882391,51.603233213376704],[0.7988928066793504,51.61474235875861],[0.7853528765097751,51.6134797916936],[0.7771948220452284,51.6091915514461],[0.7981464418857298,51.61376453489194],[0.8191105658343036,51.59760975909745],[0.7646432427638437,51.58322425850136],[0.754261682180509,51.58811303681041],[0.7586553935406233,51.58117523656525],[0.7218344775317008,51.57983960024652],[0.7142930365030986,51.573556733077645],[0.8058795965925806,51.58613047135446],[0.806779132987303,51.579715167841194],[0.7934745995744403,51.576334419377275],[0.8011708695821341,51.56887030996539],[0.7857279646730106,51.56668559244043],[0.8047569688226336,51.569124595775506],[0.8018833051439757,51.57207672368616],[0.8082207176880358,51.56713591059152],[0.8099139158850138,51.56980974142709],[0.7956688562700968,51.57459848433088],[0.808062433768385,51.5787320006128],[0.8180073869440291,51.56283235192381],[0.8507551638591229,51.55594233157862],[0.7877706447407145,51.52183128084927]]],[[[0.6242467021268071,51.53650592946856],[0.646533489754826,51.53765008443381],[0.6090360114078471,51.53483248718102],[0.6242467021268071,51.53650592946856]]],[[[0.5395558675814902,51.51724221488923],[0.5319433650179772,51.51625019504418],[0.5396903646217615,51.518545179406615],[0.5395558675814902,51.51724221488923]]],[[[0.6175662494015689,51.5211493202224],[0.6368575708866755,51.52195373885981],[0.5733303602534929,51.50782899915577],[0.5535672151256327,51.50993556554962],[0.5413380680402947,51.52012565102075],[0.526703641104299,51.5192141547127],[0.5179953365723884,51.52987088336298],[0.5344977065083826,51.530425675276895],[0.543109526799608,51.53450680650148],[0.5459307164610324,51.547392047864925],[0.6319148278814805,51.52459107915517],[0.6175662494015689,51.5211493202224]]],[[[0.5213633926732517,51.52138859678884],[0.5243696554319011,51.517360456288245],[0.5217308216131076,51.51872488579766],[0.5213633926732517,51.52138859678884]]],[[[0.594004051452656,51.53630030953115],[0.5965116402075519,51.534123834048316],[0.5872767586880964,51.53709975150717],[0.594004051452656,51.53630030953115]]],[[[0.5833022936412379,51.53829895317495],[0.5899458597082733,51.53739880292297],[0.5874106037070889,51.537476332326584],[0.5833022936412379,51.53829895317495]]],[[[0.6139532001771127,51.53075139626235],[0.6090605856621574,51.53074972762477],[0.6062571779111467,51.53392474386082],[0.6139532001771127,51.53075139626235]]],[[[0.8906945455810329,51.776043820293864],[0.8922243986474035,51.77181051460797],[0.8855581611375875,51.77818469978586],[0.8906945455810329,51.776043820293864]]],[[[0.9543362097589175,51.80774178382166],[1.0059354236657032,51.79927292446486],[0.989406374960069,51.78751126084295],[0.9357498174357739,51.773631644785354],[0.8980989609085649,51.77973151536205],[0.9234251714977479,51.80002246496692],[0.9543362097589175,51.80774178382166]]],[[[0.9768554733098562,51.81741637953511],[0.9845695035204446,51.813282278602124],[0.9783875636937553,51.814947388903605],[0.9768554733098562,51.81741637953511]]],[[[0.9746607164406664,51.81018412524654],[0.9774624052525236,51.80796002217303],[0.9708681159853718,51.81117945517234],[0.9746607164406664,51.81018412524654]]],[[[0.8960675102493405,51.77395983761099],[0.8953578327872211,51.77211468635782],[0.8955839162140432,51.774965583662585],[0.8960675102493405,51.77395983761099]]],[[[0.7492779606923456,51.64251017708331],[0.7455548185698958,51.63969688301295],[0.7333394244660976,51.6405844437284],[0.733785890626718,51.63654779273883],[0.7383277268354361,51.634326596261324],[0.7123208513635645,51.63743999022925],[0.7168703393304009,51.64163777978884],[0.7492779606923456,51.64251017708331]]],[[[0.7627211794892023,51.640293951665235],[0.7496883391371595,51.6363209735143],[0.7584690256824708,51.640706099922],[0.7518743891604912,51.642156103040115],[0.7627211794892023,51.640293951665235]]],[[[0.74768974607957,51.634605038267466],[0.7389933537086066,51.634483734025466],[0.751788295011311,51.63608015757311],[0.74768974607957,51.634605038267466]]],[[[0.7373664409964662,51.63626736104502],[0.7389939325795851,51.63504492108855],[0.7370359877984584,51.63553220152312],[0.7373664409964662,51.63626736104502]]],[[[0.7877453152042792,51.72234005856747],[0.7723286338857552,51.71866128214651],[0.754509016574377,51.724545052309416],[0.7779607977449667,51.726567785725045],[0.7877453152042792,51.72234005856747]]],[[[0.7218978014143315,51.730525055831265],[0.7290674610396478,51.71834764639412],[0.7104618511519889,51.718564365942214],[0.7218978014143315,51.730525055831265]]],[[[0.8511870404908604,51.71623480364408],[0.8481256609388421,51.71585848980383],[0.8512394386855099,51.71729751160126],[0.8511870404908604,51.71623480364408]]],[[[0.8860462733495104,51.73676649127176],[0.8779751867020714,51.730642676613606],[0.8859225851074904,51.738302999730216],[0.8860462733495104,51.73676649127176]]],[[[0.8835868906938528,51.761168961723406],[0.8805178937418874,51.760793650103764],[0.8725368015881351,51.76372139485583],[0.8835868906938528,51.761168961723406]]],[[[0.8499373443836752,51.7459404569652],[0.8475853101530444,51.74524110823969],[0.847877784121218,51.74733318621147],[0.8499373443836752,51.7459404569652]]],[[[0.8451942456596793,51.73866516888836],[0.8417615558978246,51.73848923689097],[0.842791614942,51.739690177266084],[0.8451942456596793,51.73866516888836]]],[[[0.8245637136230466,51.567135572559565],[0.808066098425741,51.58562666457302],[0.8363534669724115,51.59490344325933],[0.8374914597023094,51.585176821462014],[0.8245637136230466,51.567135572559565]]],[[[0.9575166608488354,51.62053226950753],[0.8663700692561682,51.55894087316792],[0.8401463665551713,51.561636493267784],[0.8327251691856605,51.57576917399668],[0.8455463908058846,51.58211174733012],[0.8478540864980418,51.57762350439659],[0.8634003791627326,51.57186218478978],[0.8464764590457055,51.582671996357384],[0.8400782044822119,51.5820229974005],[0.8389259748455019,51.59356849071511],[0.8668258035775047,51.59518636448659],[0.8743746440821966,51.614150863201345],[0.9575166608488354,51.62053226950753]]],[[[0.8402833127160808,51.56087049072538],[0.8257797260743946,51.56446666350366],[0.8289245163872223,51.57225789625077],[0.8321852287898898,51.57428201379105],[0.8402833127160808,51.56087049072538]]],[[[1.2570353865683077,51.88373224290527],[1.2590146866467884,51.87631990248198],[1.2502613758599894,51.876969703742475],[1.2445575623862744,51.86883798244866],[1.2259111947006707,51.875067137940356],[1.2294245793691678,51.88142776557333],[1.2570353865683077,51.88373224290527]]],[[[1.2646106678339717,51.87224932097099],[1.263335041511563,51.86396665256798],[1.2518579457974972,51.86947632926002],[1.2646106678339717,51.87224932097099]]],[[[1.2622145789967498,51.88069421058488],[1.2635353236986415,51.87298974640104],[1.2546454254492962,51.87562065926839],[1.259642588252861,51.87559912376579],[1.2622145789967498,51.88069421058488]]],[[[1.2273096034623805,51.88831039757222],[1.2297585580995432,51.8849291116585],[1.2120003582853935,51.88096970793805],[1.2295425005978755,51.88512337133262],[1.2209084418116856,51.88827678025016],[1.2273096034623805,51.88831039757222]]],[[[1.2063973088332132,51.883695051857416],[1.2078248767890212,51.8817825802631],[1.205116483914338,51.88326047212115],[1.2063973088332132,51.883695051857416]]],[[[1.2125426667826937,51.88225637673438],[1.2121463042174718,51.88150808151611],[1.2098629684172213,51.882259417152866],[1.2125426667826937,51.88225637673438]]],[[[1.2238611087055413,51.89654665973611],[1.2186504085180345,51.897495807321626],[1.2288967027250877,51.89562915167826],[1.2238611087055413,51.89654665973611]]],[[[1.0396307741663753,51.80425432819809],[1.0312970850646173,51.8020456068125],[1.0255457141249797,51.8033342341077],[1.0396307741663753,51.80425432819809]]],[[[1.2318311030270097,51.901752870577916],[1.2446180432004281,51.8955138467157],[1.2446420039018276,51.888062190191775],[1.2308654568287698,51.88826260938641],[1.2318311030270097,51.901752870577916]]]]}},{"type":"Feature","properties":{"county":"Kent"},"geometry":{"type":"MultiPolygon","coordinates":[[[[0.47453112890070887,51.37779487410477],[0.48897412587720374,51.37888074233474],[0.5086436822685801,51.394338533350165],[0.5110201916369408,51.385832349670856],[0.5225443689270256,51.38507105045604],[0.5370099062099013,51.41022237054085],[0.5609692067783153,51.394814032682056],[0.5946379756052839,51.386448781878784],[0.5969949969926166,51.38819444988707],[0.6021443999495528,51.390634515031316],[0.5988076725427592,51.38472223724772],[0.6162973267213141,51.37792682476221],[0.6192315795657446,51.38848762551396],[0.6346396671975978,51.389089392664566],[0.6269270926330415,51.374731046528915],[0.6480182489203308,51.39760094730485],[0.670065402630417,51.373300939046935],[0.6864886984732004,51.391551977533766],[0.7031456072221948,51.391768811238194],[0.6952856583874149,51.379822324644984],[0.7191875621269199,51.38818226466246],[0.7017803522120395,51.39572799535185],[0.6989373329028735,51.421400362212],[0.7279774767246592,51.4235899550564],[0.7147034405648182,51.41977529417624],[0.7287202694542876,51.42024216827623],[0.7322678150636929,51.4150140196319],[0.7237232037111979,51.41736698454827],[0.7168589803077042,51.41408878717048],[0.7267792721996688,51.39892105556705],[0.7628260616983555,51.384394008840275],[0.7647942714859772,51.36308207726096],[0.7570308752544973,51.36094271094616],[0.754362149736988,51.350371967713066],[0.7601693020583905,51.36071595429857],[0.8143258529395503,51.358296913920015],[0.8091842087932106,51.35153803762964],[0.8164061546745637,51.34629640176356],[0.8111671145656758,51.3521362411934],[0.8171719972936469,51.35638469637508],[0.8627593396199961,51.35631000506749],[0.8976300578550284,51.344408294089256],[0.8801155545569459,51.32872803546935],[0.8945222043652075,51.33638576851754],[0.91495106932757,51.32702491143942],[0.8967319929496096,51.34146328501055],[0.9977639302911256,51.34756223471394],[1.0262034849738566,51.36452939958219],[1.0989134271626901,51.37306850042503],[1.280156742898267,51.37819526838708],[1.4249248326199175,51.393788769978],[1.4495851712522214,51.37749673054107],[1.436386371119844,51.34267966091086],[1.424681830827688,51.325993098035205],[1.4231947210566331,51.33137253327543],[1.4145833924637123,51.32748453107251],[1.422497485849491,51.32378752017153],[1.3768961869271628,51.3296017135334],[1.3483268973321199,51.301782266388315],[1.3460737965462186,51.30197558643897],[1.345469786079156,51.30799326376912],[1.3399980629594797,51.31270015401954],[1.3353452680873872,51.31382772391191],[1.3330177438440602,51.31332286719877],[1.3455943215673198,51.30201672048939],[1.3281372626441195,51.28694616891937],[1.3307655883638017,51.282096773734146],[1.3357916445979767,51.28199350970608],[1.3385739669427876,51.277899260129836],[1.3481091804204104,51.274196390178844],[1.351325289734768,51.274968278116376],[1.356945485386358,51.27805912243794],[1.3541400877588452,51.28972520506153],[1.3470172692163502,51.292955112306295],[1.3561342086464616,51.297238240619734],[1.3491479725341409,51.30129371678261],[1.367600277914086,51.31339316442973],[1.402567621314553,51.23874197602385],[1.401054599325717,51.165170861856],[1.3795786198977746,51.142178848519166],[1.3436035858798352,51.131375656624385],[1.343338187940179,51.1221853672544],[1.3269316604240076,51.12585155143117],[1.3101111873702103,51.11679586905531],[1.327841550486035,51.111374462774904],[1.3016798067231032,51.11331924835857],[1.2676939020393754,51.10169433857664],[1.2211370783789768,51.09811056390659],[1.1857195742012654,51.0795714812086],[1.1949521172531603,51.075955201515676],[1.0936472623517668,51.067022480824534],[1.0346318070427594,51.04710750960078],[0.9973480267203888,51.02507924921362],[0.977006353018254,51.002611300358815],[0.9641406502955917,50.968080488983716],[0.981030770022262,50.9181558795551],[0.9711195569885188,50.9109807343608],[0.8549863912743155,50.92369027458415],[0.8678913887869281,50.933262317058016],[0.8559679661675492,50.953128565327866],[0.8414013959929582,50.95760879859973],[0.8129417401248256,50.941999557411286],[0.7843278281120658,50.97722966364482],[0.7771349155136366,50.97542839169874],[0.7789567509677662,50.989492055523776],[0.7406114021871097,51.00067671348344],[0.7067706491748423,50.99360182568344],[0.6769558594567677,51.003298761209955],[0.6621056064226974,51.01747245097752],[0.6371632497117329,51.01187654929298],[0.6276619113487957,51.017851581580096],[0.572013334426812,51.00345499470549],[0.5419066479664794,51.01100640847972],[0.537600342789975,51.021673603701466],[0.4773329040934551,51.02915346804501],[0.4673782581387358,51.033007595804754],[0.47140138239783214,51.04907763653053],[0.41131131952885625,51.06588702830583],[0.40091285532641197,51.07118083700334],[0.4066133925486659,51.07968604171175],[0.3739035944536421,51.088464714390085],[0.3508199759027758,51.084068372924726],[0.3507714097454571,51.098988238464074],[0.358900779930112,51.104549002322685],[0.3347034595966029,51.10556455332628],[0.3245715232149274,51.11213136389993],[0.3300791466730644,51.117802865297456],[0.32526562922640806,51.12288033178618],[0.2759404128646665,51.12040754673045],[0.27567058900121416,51.11235540944948],[0.22744533565420497,51.12424077731159],[0.1625983572508607,51.11639783045564],[0.15006271345208017,51.131175899605395],[0.16096705669387723,51.140634705744915],[0.13601592307642352,51.14701430158206],[0.05001653674735302,51.142650004944784],[0.054805358904334994,51.14952859574198],[0.046175910975833505,51.171831368517324],[0.05260034925807601,51.180624007888056],[0.033598897708674594,51.214337985385434],[0.05760769215868487,51.24491436016023],[0.04239644850127726,51.29267304399856],[0.0911847440866025,51.296827360576124],[0.08281629042727538,51.3056337094608],[0.08502934161886005,51.316023173970144],[0.1179039465144889,51.329663223610275],[0.11845630381386894,51.34414779133464],[0.13695813963035008,51.3441746277144],[0.1516197424707261,51.36837890973149],[0.14774097897391852,51.392800972202856],[0.16131326911508265,51.39236973614457],[0.14890271353007803,51.40848294516923],[0.1558749862513476,51.430876613025596],[0.16432817740758168,51.42858491802515],[0.1709027309703679,51.44120753248597],[0.21128827118321986,51.458965283893846],[0.20924668189942594,51.47088104646819],[0.21808678115285518,51.47965689789003],[0.27651912452905486,51.45356848355615],[0.309946508815538,51.46695937800978],[0.32516385394010233,51.450335326742305],[0.3558946902324539,51.44559961460758],[0.44329875996811746,51.44950880968459],[0.45930150358634747,51.45554053243797],[0.4543108343012456,51.46345333933814],[0.46761842412479016,51.46420191001212],[0.457874872710333,51.46694729123434],[0.4814913975618756,51.487162993661116],[0.659983864343915,51.47767698489157],[0.6696935492843237,51.475002805270876],[0.6713286217126693,51.46909526491141],[0.6906014646240778,51.45930273600239],[0.6712362603090475,51.47219755884555],[0.6860394109461777,51.47509538643344],[0.7031749123204903,51.471271294829236],[0.7227083119934331,51.45376413129809],[0.7232459171732384,51.44349671261767],[0.7102856374129791,51.434816567919114],[0.6755018724494565,51.43355152346659],[0.6720951201981558,51.4479322567053],[0.663515004751124,51.4436251526215],[0.6622215126196318,51.44771347976333],[0.6560107040571627,51.449224116331465],[0.6358147417509245,51.446222663364935],[0.6124489462271141,51.42964295038262],[0.6051847452672516,51.42056246212764],[0.618267505043992,51.42861647557402],[0.6244582715080573,51.42389657165042],[0.6108664046518586,51.41740428127077],[0.5323854184491567,51.4126527169865],[0.5163201489170639,51.40103294325247],[0.5229862345606615,51.398008998858955],[0.5189578915702789,51.38697505391765],[0.5071167002872249,51.396855967329316],[0.47453112890070887,51.37779487410477]]],[[[0.5615204685617503,51.402233434982286],[0.5794648663513011,51.40688291006628],[0.5825725623921946,51.40313422994632],[0.5615204685617503,51.402233434982286]]],[[[0.6338509961682948,51.42382711065447],[0.6384920420450956,51.41648894880738],[0.6298837481136244,51.421051633622575],[0.6338509961682948,51.42382711065447]]],[[[0.6581447551323343,51.43962513736086],[0.6502798499410336,51.439046818394964],[0.6540864384324275,51.44232801083419],[0.6581447551323343,51.43962513736086]]],[[[0.6585626626636167,51.447935012222416],[0.661211636561423,51.44373772030803],[0.6555291149233796,51.445439605259374],[0.6585626626636167,51.447935012222416]]],[[[0.6383163959308682,51.42759945543446],[0.6331519473077464,51.42695649516724],[0.6366219447085105,51.42942915926429],[0.6383163959308682,51.42759945543446]]],[[[0.6146438523374286,51.400446688573936],[0.6033883490762212,51.39383299440817],[0.5951283830817735,51.40021644857646],[0.6081139025692307,51.40154365901344],[0.6146438523374286,51.400446688573936]]],[[[0.6178367643962316,51.40751299488774],[0.6127761551338703,51.406097818080816],[0.6084343302419064,51.407174807874135],[0.6178367643962316,51.40751299488774]]],[[[0.6032402017601213,51.40689629123113],[0.5968953109490714,51.40597568663154],[0.5964446107653973,51.407564091496035],[0.6032402017601213,51.40689629123113]]],[[[0.6085714122950678,51.40675354251669],[0.6148500857061395,51.40486889357686],[0.6093673490669402,51.40535167396393],[0.6085714122950678,51.40675354251669]]],[[[0.5888092026106769,51.393622478632516],[0.589056185280422,51.39188662074307],[0.5858451630141133,51.39222651770751],[0.5888092026106769,51.393622478632516]]],[[[0.6165943501343155,51.40633015576565],[0.6156861526403906,51.4053835803895],[0.614100283222449,51.40626977259],[0.6165943501343155,51.40633015576565]]],[[[1.3464366027337087,51.29294024108836],[1.3564468750783583,51.27836125121144],[1.3483738868650326,51.27449374598864],[1.3284416610951078,51.28689073884674],[1.3458571930368386,51.30172968496755],[1.3553095899030667,51.29732215955879],[1.3464366027337087,51.29294024108836]]],[[[0.691199234449866,51.411674114023604],[0.694536879787645,51.39662689232552],[0.6726391306227588,51.39840550780268],[0.6659285271741753,51.40628237467766],[0.691199234449866,51.411674114023604]]],[[[0.6869699386993325,51.42227521636485],[0.6878280999275062,51.41434623985092],[0.6601136914127878,51.417587664074446],[0.6670018724281266,51.42390856672986],[0.6869699386993325,51.42227521636485]]],[[[0.6765071016126961,51.392551178514935],[0.6705334904942543,51.39437024290926],[0.6820596986738834,51.396321323401374],[0.6765071016126961,51.392551178514935]]],[[[0.7436877934293367,51.44694142245022],[0.8165974203677018,51.42759956112099],[0.9009512072181517,51.4167705860718],[0.9503913360398931,51.372207592249794],[0.8971677682825965,51.35433597599353],[0.857701192261521,51.36461105764164],[0.859653810109733,51.36961636287558],[0.8403652097185079,51.37145009025277],[0.8509326739185284,51.36664408815287],[0.8437849079484324,51.36356376013606],[0.7881067641760231,51.373391780159054],[0.7735887952401733,51.36774538344834],[0.7650145957349023,51.37079189598116],[0.7702984608728813,51.379241160701824],[0.7642648334857066,51.388232056883666],[0.7310332759766779,51.40137450907624],[0.7215043283181553,51.41447118257324],[0.7405951057897919,51.41123005415761],[0.7365387959309628,51.4297095994496],[0.7436877934293367,51.44694142245022]]],[[[0.8522028645116346,51.366776277051635],[0.8569821324030431,51.363238096515865],[0.8517495098739761,51.36526878208819],[0.8522028645116346,51.366776277051635]]],[[[0.8343244467555244,51.35637651004227],[0.8276436891075829,51.35647413386301],[0.8230626192763706,51.358596628482175],[0.8343244467555244,51.35637651004227]]]]}},{"type":"Feature","properties":{"county":"Berkshire"},"geometry":{"type":"Polygon","coordinates":[[[-0.6676342510487131,51.38457133714714],[-0.7353353486938329,51.36500960651973],[-0.7754662421455992,51.33195887573552],[-0.814080175254631,51.34156519982712],[-0.8281244652791528,51.352863875548536],[-0.8778561718890459,51.352591278029095],[-0.9359893585379887,51.36631707263059],[-1.050015982621658,51.35814793165949],[-1.0866191008940222,51.38391558257007],[-1.1137529268712167,51.374825221922016],[-1.1157908862111228,51.36046613681602],[-1.1440145777509205,51.357255049534345],[-1.2511394931576978,51.37204048679681],[-1.4156300313112635,51.371883469570975],[-1.428438567215987,51.356690120250306],[-1.4441097269831582,51.35492837030695],[-1.4296928604875268,51.336530312404356],[-1.4982989511277731,51.329376051072344],[-1.4857109130653536,51.34772330276952],[-1.5006084957992252,51.356267970927654],[-1.4954491182106684,51.36966443246024],[-1.555602808893964,51.39558408604312],[-1.5530121396709433,51.41007364250936],[-1.5711653414132354,51.41646462311638],[-1.525288449200349,51.425017901488474],[-1.5320625233026632,51.4295554923204],[-1.523985693876609,51.441338223895606],[-1.5290283889046887,51.45551175637824],[-1.5595259555830938,51.46973856668851],[-1.582290926091176,51.49411178780616],[-1.5880641169632264,51.513502861551174],[-1.5811868727047218,51.536995001639816],[-1.556370433116768,51.55300564728085],[-1.5309586165472366,51.54606945932304],[-1.5129388732832703,51.55075981787777],[-1.4707444078888432,51.52860685263951],[-1.4629876893055618,51.53019102489981],[-1.464422575771965,51.538516680008044],[-1.4478318337938967,51.53642657697015],[-1.4265912375621719,51.54559885109376],[-1.422768638978981,51.5357648969331],[-1.4048577217652527,51.54723525990632],[-1.3865608367009457,51.53995881168486],[-1.3673210032863654,51.55246669309323],[-1.342604200499292,51.54363977034473],[-1.3287208050442467,51.56371243333279],[-1.2567720491435352,51.53703346929258],[-1.2046441981460236,51.53760385647981],[-1.2046502471016252,51.52839453755291],[-1.1403747194263474,51.54291129246648],[-1.1344462757239377,51.53372211378877],[-1.1420531954278774,51.5161954245743],[-1.1148775831842532,51.51050873516779],[-1.1027765250692605,51.49017091524251],[-1.0437170985536748,51.48938186396842],[-1.036557480467536,51.47522675381046],[-1.0182045226563605,51.466584521559405],[-1.0072957768509454,51.46821112309364],[-0.9983989470413719,51.48430481308811],[-0.9618050817988162,51.493091899784865],[-0.9411368971934284,51.47497763439999],[-0.9551839423435894,51.46533381715619],[-0.9491678721993896,51.45951335874621],[-0.9106081880483035,51.47683088791483],[-0.8897390520688068,51.49878075742953],[-0.8700561695335878,51.50412201260506],[-0.880237029489958,51.51175853665413],[-0.8782181980199466,51.523017948075],[-0.8998051398874682,51.536198851839046],[-0.8873702332385695,51.559471285898084],[-0.828885914402031,51.545630021821374],[-0.7944705423772918,51.551157820549875],[-0.7732281460522419,51.567310430603825],[-0.7574611428356091,51.56481759696962],[-0.7169058233226595,51.5771946573896],[-0.7112016431929392,51.56432409024935],[-0.6941769981894392,51.56217554495283],[-0.7031647153990581,51.511106775996346],[-0.662284163195472,51.4879263522823],[-0.6338280008424366,51.49269499777676],[-0.6444469858392431,51.496485251670634],[-0.6429704080293982,51.50269345778175],[-0.6592712747833802,51.50490238034842],[-0.6538996475630052,51.51219289164173],[-0.6600785956220495,51.527527736463874],[-0.6247702071049306,51.53800584635806],[-0.594983091139208,51.52423717371047],[-0.5809916974999202,51.52307413289175],[-0.5759787232946154,51.53391012436826],[-0.5672081255743583,51.53294449209575],[-0.5750946687753078,51.5292998804489],[-0.5650444012909035,51.52069224303165],[-0.5686454026417058,51.51136448383079],[-0.5269810032837516,51.509505599111606],[-0.531819487914086,51.49339450571933],[-0.49002476282704144,51.4947476797645],[-0.5097013654557779,51.46917597333165],[-0.5299602526351372,51.47016815775168],[-0.5406131366307944,51.45785212723794],[-0.5227650308735368,51.435300400073885],[-0.5716752263931795,51.451007631841264],[-0.6051246065369184,51.43131212034792],[-0.6145206215556659,51.39739404469795],[-0.623494694957599,51.38954339925685],[-0.6163442327124692,51.383539548811996],[-0.6676342510487131,51.38457133714714]]]}},{"type":"Feature","properties":{"county":"East Sussex"},"geometry":{"type":"Polygon","coordinates":[[[-0.15690871586833796,50.821916510380234],[-0.21661812313525353,50.827595207471326],[-0.24497091092937212,50.86380891044963],[-0.22671928559826945,50.87818060922095],[-0.18773440884295292,50.868570469224665],[-0.18242283686263003,50.88832478894563],[-0.16586490816071428,50.89233236469324],[-0.16642827583097364,50.88090683369671],[-0.1371406972865402,50.884579347701],[-0.11997580729916202,50.94169862684829],[-0.10468863108371633,50.945605465414715],[-0.1152149170486633,50.976077122314756],[-0.07052519216415858,50.99134539202036],[-0.06344408132285295,50.97906358022717],[-0.024604299683245803,50.98002518930213],[-0.01640976007329948,51.002513849868585],[-0.021913679383957767,51.02651246818274],[-0.0015654518189373021,51.035754968214675],[-0.007903791168019154,51.038988351078196],[-0.003001698017015198,51.04756435002537],[0.01372550771313475,51.05701262979001],[-0.008211048070889114,51.056331762350716],[-0.013256606818851862,51.07396708309498],[-0.026852090379420268,51.075112844175734],[-0.03619652019244625,51.093457163304464],[0.010473136362978003,51.102182472772164],[0.005029796151020261,51.10525809201323],[0.00950509745357183,51.11039195202787],[0.018618529860130198,51.10357549265243],[0.044560907950765616,51.11064405627033],[0.028152613245064597,51.11771968801695],[0.02736124786897347,51.13985047971918],[0.05001653674735302,51.142650004944784],[0.13601592307642352,51.14701430158206],[0.16096705669387723,51.140634705744915],[0.15006271345208017,51.131175899605395],[0.1625983572508607,51.11639783045564],[0.22744533565420497,51.12424077731159],[0.27567058900121416,51.11235540944948],[0.2759404128646665,51.12040754673045],[0.32526562922640806,51.12288033178618],[0.3300791466730644,51.117802865297456],[0.3245715232149274,51.11213136389993],[0.3347034595966029,51.10556455332628],[0.358900779930112,51.104549002322685],[0.3507714097454571,51.098988238464074],[0.3508199759027758,51.084068372924726],[0.3739035944536421,51.088464714390085],[0.4066133925486659,51.07968604171175],[0.40091285532641197,51.07118083700334],[0.41131131952885625,51.06588702830583],[0.47140138239783214,51.04907763653053],[0.4673782581387358,51.033007595804754],[0.4773329040934551,51.02915346804501],[0.537600342789975,51.021673603701466],[0.5419066479664794,51.01100640847972],[0.572013334426812,51.00345499470549],[0.6276619113487957,51.017851581580096],[0.6371632497117329,51.01187654929298],[0.6621056064226974,51.01747245097752],[0.6769558594567677,51.003298761209955],[0.7067706491748423,50.99360182568344],[0.7406114021871097,51.00067671348344],[0.7789567509677662,50.989492055523776],[0.7771349155136366,50.97542839169874],[0.7843278281120658,50.97722966364482],[0.8129417401248256,50.941999557411286],[0.8414013959929582,50.95760879859973],[0.8559679661675492,50.953128565327866],[0.8678913887869281,50.933262317058016],[0.8549863912743155,50.92369027458415],[0.7720166269313323,50.931261960083276],[0.7638771603966127,50.94013086054764],[0.7391010562337028,50.95307812119098],[0.7315730474185307,50.94677148836455],[0.7633947162282974,50.93955763794828],[0.7746083651736794,50.927599107716674],[0.7098028972281357,50.90198866428628],[0.6695319851768444,50.87349307044783],[0.5973888705110856,50.85475075602064],[0.37751237052734093,50.820298935907566],[0.3499637618463663,50.80982237164357],[0.32874983907759997,50.784889224076665],[0.25822265324502036,50.73765097413981],[0.2417059393745749,50.73506896287737],[0.1489427221587861,50.759084148798074],[0.15032875128956233,50.76592263508177],[0.1467289594051703,50.772803595869235],[0.14847916875080375,50.758839064214996],[0.13783759895861317,50.75576180890065],[0.05823961900445153,50.78230886340049],[0.04816926032005778,50.80341429658653],[0.043336972035234914,50.809563509030454],[0.02716878779449094,50.81515004050486],[0.02619766896455737,50.831025435917084],[0.03868995028436136,50.846469389159644],[0.020449272229862394,50.86427952082606],[0.03756995385860352,50.84718794201663],[0.02576939905612166,50.83261184777228],[0.026345917963197168,50.81535859922312],[0.04310610500694115,50.809119665092446],[0.05798991260765811,50.77614019500233],[-0.15690871586833796,50.821916510380234]]]}},{"type":"Feature","properties":{"county":"Hampshire"},"geometry":{"type":"MultiPolygon","coordinates":[[[[-1.044172086855216,50.83166757908233],[-1.038305223599503,50.79465167751089],[-1.0440028698165633,50.79016429870173],[-1.030388142214681,50.79655471349417],[-1.0320970193475096,50.786784624308794],[-1.0892225855777589,50.777700703424514],[-1.1096723892866078,50.79154220846882],[-1.1115264035817674,50.806964629794955],[-1.090490540801752,50.81162725225575],[-1.0968587920880237,50.8112927655962],[-1.090654661228978,50.81684625328977],[-1.100215179148753,50.826910080603675],[-1.0856107164133284,50.82493126014495],[-1.0766078665076502,50.83679709833613],[-1.044172086855216,50.83166757908233]]],[[[-1.0206252988719025,50.83905885231156],[-1.0102297718269644,50.835001591972926],[-1.0220621146997895,50.835817224253816],[-1.0241289474752506,50.826322559790086],[-1.0362856891786059,50.83537446613457],[-1.0787922978523206,50.83721722980177],[-1.0891684652493236,50.82859512070616],[-1.106275814209702,50.83786195648808],[-1.1032797526674798,50.84640017837528],[-1.1177045796753635,50.84443911387656],[-1.1127039002647139,50.836572849788865],[-1.121567811373761,50.83562281393446],[-1.1538023725951028,50.84482105215938],[-1.1726710004201566,50.8406498404227],[-1.1767206484712278,50.847961009253915],[-1.1692590254276807,50.84826327467004],[-1.167147155343256,50.85261495572675],[-1.1788730260367593,50.84884227971648],[-1.179501446543983,50.83731762897104],[-1.1585190356235742,50.83869866267287],[-1.1238152799285044,50.80617188064671],[-1.1344560844338054,50.802137146030034],[-1.1237385870326486,50.80412633531267],[-1.1167734415484287,50.79591098358134],[-1.1451473515811268,50.78527176179635],[-1.1130982789644668,50.79134439873708],[-1.1400037728035297,50.7736145967369],[-1.190753855133222,50.790279236480345],[-1.2141011834274957,50.80935657446873],[-1.3064085665694254,50.840679670859245],[-1.3057629446112222,50.874387579274135],[-1.2963454613058516,50.879256557140344],[-1.3025537894751609,50.885495748184745],[-1.3002101485295572,50.87946413545879],[-1.3162675501289065,50.87329648723868],[-1.309402735491889,50.86870320179718],[-1.3177382408545866,50.85418678342961],[-1.3107119629641446,50.8489667389355],[-1.3831255154844933,50.88938445340743],[-1.3848353843223515,50.903991071262084],[-1.371787641838649,50.91196077628375],[-1.376747718526336,50.91632185111792],[-1.3865158597636382,50.91416027567033],[-1.3775159611692656,50.91130629267499],[-1.3882827634633588,50.90507850945084],[-1.3926639740245383,50.888403190233696],[-1.3963905640221543,50.89256009641332],[-1.3932708714057158,50.883055757345865],[-1.399022404995027,50.89454851932838],[-1.4409643195780486,50.908082979558785],[-1.4508831820220196,50.904122805217256],[-1.4749923330853434,50.921343022627475],[-1.4740698038163014,50.91170650902942],[-1.4790392002482253,50.916447476717785],[-1.4820503066608601,50.911056184836546],[-1.421849834561342,50.895026098167925],[-1.3767837940829781,50.85389066280312],[-1.3527069004203356,50.84814324938179],[-1.360512735541589,50.842912352911625],[-1.3421410846534787,50.84433764821054],[-1.3345676470308945,50.83745751243313],[-1.3392468712722847,50.826496213828314],[-1.319302909682331,50.8244504648394],[-1.3275137373911903,50.823920911961245],[-1.3209938402115415,50.82111869610531],[-1.3259749705017894,50.816506602772364],[-1.3155190415863898,50.82116673371381],[-1.3085837401658027,50.81484544566042],[-1.3420126118681395,50.785998557796326],[-1.4035166664543914,50.78342937546271],[-1.4121392902910797,50.804869581416455],[-1.4200707239275543,50.800299726844],[-1.419139780615377,50.807064773890296],[-1.4359840104869794,50.80994159898118],[-1.4381549572372594,50.81543937972786],[-1.4486548953537073,50.82013774383106],[-1.45123020286571,50.81915709471254],[-1.4399420101571732,50.810335653177],[-1.4203643736937637,50.805703091570734],[-1.4228448750551337,50.799956505561944],[-1.4123338462411437,50.80010264116692],[-1.4129716189637094,50.78395048025202],[-1.3923846486634164,50.77692938590625],[-1.418815815344479,50.76662386417839],[-1.5137862823718844,50.753230486606405],[-1.5356318802663798,50.76374695288391],[-1.5259250608742183,50.74452153951709],[-1.5414000521533109,50.739916338735675],[-1.5311246167558488,50.73705431491629],[-1.5771629659551194,50.71668636146306],[-1.54793669479919,50.7075156998901],[-1.5545788958068592,50.70625088145395],[-1.5836982030273288,50.71896889308762],[-1.6917482419756467,50.73728265624479],[-1.6818187606034976,50.7518500527911],[-1.7441687574373688,50.747455353778],[-1.7389596433134775,50.7632705326003],[-1.7490589697809529,50.779510088053],[-1.7882768597669612,50.76686953475528],[-1.7878682610007521,50.778855141903925],[-1.8059672530770277,50.79202080322385],[-1.8013735080954218,50.79971446843491],[-1.8118321040305279,50.80873007877222],[-1.8028736562539864,50.813511959289784],[-1.8036349653593804,50.83002396514897],[-1.7906149331606176,50.83631413384157],[-1.803358598073733,50.8444766310904],[-1.8055657568135297,50.859218476662775],[-1.811373508604088,50.864593885903176],[-1.8295184697142315,50.855318972022786],[-1.8509437860730351,50.85872497580297],[-1.8535393035322223,50.866505008654265],[-1.8440432739654158,50.88682937326815],[-1.8485554865733334,50.889887392940835],[-1.8165418868853376,50.903948173626354],[-1.8204071280052962,50.91210594214987],[-1.810658048275495,50.92720341569072],[-1.8403195433797124,50.93188337774207],[-1.873644374003693,50.91722591951899],[-1.920986051716609,50.961495518963616],[-1.9554655906480378,50.9782663722748],[-1.9568209291546343,50.98982995580676],[-1.9499359443363191,50.98231061588816],[-1.9278759476606764,50.99769726595918],[-1.8744815937455348,51.00633057030291],[-1.8732640502315046,50.985012193702275],[-1.8528042661690352,51.00502770353991],[-1.83581263468453,51.00942225932294],[-1.8154217429306319,50.985922673113365],[-1.8003139146403284,50.991394777911125],[-1.7196173587347336,50.976780438832265],[-1.661660033211617,50.94527788996036],[-1.6349649607873724,50.95924217356388],[-1.6233991976602866,50.954637283812275],[-1.602922905058774,50.9785219615242],[-1.6196421229404754,50.982996468204135],[-1.6288046634759805,50.9990944932539],[-1.5975235930753107,51.0080554487471],[-1.6053673918859654,51.01725807157782],[-1.5993966758079097,51.02372940460607],[-1.6323757115994404,51.03277968903726],[-1.627728486231053,51.078011330745476],[-1.6363073742154313,51.09284214579858],[-1.626249825120022,51.11733838003211],[-1.662975417732942,51.12719199695862],[-1.6539864007431688,51.15596943788452],[-1.6723677787409608,51.1785439441189],[-1.6688353527765538,51.19077230034368],[-1.6940651318807511,51.20386964443486],[-1.6897880997242434,51.21476854953289],[-1.633540816017443,51.21751594300019],[-1.6074260549721948,51.25277009410635],[-1.5359552018938767,51.24861871546746],[-1.5298201729184804,51.260514110767154],[-1.540512671037795,51.26083345992918],[-1.5359164533396192,51.27730400616515],[-1.5425839347496428,51.2812507136033],[-1.5228073524983212,51.28705805210357],[-1.5195110345625846,51.295938563520934],[-1.5335618063921541,51.31622359724423],[-1.5275072823648959,51.33846596503465],[-1.4982989511277731,51.329376051072344],[-1.4296928604875268,51.336530312404356],[-1.4441097269831582,51.35492837030695],[-1.428438567215987,51.356690120250306],[-1.4156300313112635,51.371883469570975],[-1.2511394931576978,51.37204048679681],[-1.1440145777509205,51.357255049534345],[-1.1157908862111228,51.36046613681602],[-1.1137529268712167,51.374825221922016],[-1.0866191008940222,51.38391558257007],[-1.050015982621658,51.35814793165949],[-0.9359893585379887,51.36631707263059],[-0.8778561718890459,51.352591278029095],[-0.8281244652791528,51.352863875548536],[-0.814080175254631,51.34156519982712],[-0.7846509595155376,51.33823211182361],[-0.7394005456619,51.29893934446317],[-0.7310938923026027,51.28036208751924],[-0.7357860755724108,51.237680158435815],[-0.7455404035518569,51.23045635441959],[-0.7758566747557495,51.2419100905104],[-0.8017400726665537,51.23903876725838],[-0.8047495941643523,51.245064758605075],[-0.8207781916987581,51.23927084126764],[-0.8489122156304972,51.21071576340511],[-0.8271809851627051,51.18465710241044],[-0.8342038801018475,51.147581657611816],[-0.8047296240470688,51.1553639059521],[-0.7944540010278784,51.14948963791486],[-0.7692805852059902,51.117142386784195],[-0.7455255536692217,51.112188478812406],[-0.7492727083796946,51.10324586546659],[-0.75922423824464,51.10483840485249],[-0.7688866669807242,51.103249953562596],[-0.7594437970680512,51.103572772858065],[-0.7534806400853152,51.08645570539976],[-0.7807869090038076,51.0793751687612],[-0.7969348850504401,51.063889025259336],[-0.8263686001832019,51.06132507586252],[-0.8372908898937185,51.06920298121895],[-0.8501125527031136,51.05933635041697],[-0.8528106772847716,51.044843343449145],[-0.8945053088077322,51.023495595124466],[-0.8933893605768779,51.00310489857363],[-0.9056218876121994,50.996817216947875],[-0.9318470603540343,50.94558042080837],[-0.9421101318188526,50.94289409190816],[-0.9240132640370374,50.92419904640394],[-0.9394002661216799,50.9188027580831],[-0.9575814597850234,50.890629711813396],[-0.9264502018362047,50.86409169298596],[-0.9321827615925473,50.84342080012175],[-0.974458248394307,50.842303487033384],[-0.9814207640847946,50.83492811157373],[-1.0028001024132167,50.8481940073698],[-1.0206252988719025,50.83905885231156]]],[[[-1.0926777554316245,50.81503552489809],[-1.10164341895148,50.81367065506956],[-1.098036643237442,50.82030040955093],[-1.0926777554316245,50.81503552489809]]],[[[-1.0053163963588354,50.83379341237633],[-1.0023799415885755,50.829323971720434],[-1.0089703527440912,50.83331639776215],[-1.0053163963588354,50.83379341237633]]],[[[-1.0084789532688823,50.82548286949959],[-1.0075875857399819,50.82190639196525],[-1.0107381559146615,50.823923765995616],[-1.0084789532688823,50.82548286949959]]],[[[-1.0147978067668446,50.8287496200038],[-1.014197652594995,50.82556101091955],[-1.0170348820304234,50.82790335875618],[-1.0147978067668446,50.8287496200038]]],[[[-0.9778261822362663,50.83298197410317],[-0.9510261922235985,50.82397888993494],[-0.9570570123970171,50.80734293965504],[-0.9612090109486443,50.811351213691424],[-0.9710524485599666,50.81064246747695],[-0.9617234486307227,50.80927212764693],[-0.9713137253755787,50.80804941171986],[-0.9689707958673205,50.80274091549761],[-0.9527448807682336,50.801067756614344],[-0.9673385630229401,50.78715253119238],[-0.9368081304923561,50.786811117310826],[-0.9364695035509255,50.77815409851873],[-1.020185879626116,50.785635808898576],[-1.0253309516780413,50.795398363086534],[-0.9948962770878622,50.79813589819572],[-0.9867949789511687,50.82690183185375],[-0.9778261822362663,50.83298197410317]]],[[[-1.3776380867758833,50.78091257036682],[-1.3886135741078995,50.77765993438139],[-1.3907515666326065,50.77806831768644],[-1.3776380867758833,50.78091257036682]]]]}},{"type":"Feature","properties":{"county":"Buckinghamshire"},"geometry":{"type":"Polygon","coordinates":[[[-0.5863797343572208,51.752115945987676],[-0.5500828228875675,51.7305750455658],[-0.5632096875420742,51.71187984210077],[-0.5440171001825335,51.69681743257634],[-0.548696103272659,51.6826713132351],[-0.5108972569371891,51.679817197389866],[-0.5051079140339154,51.673076853827475],[-0.520994817790512,51.668045369125736],[-0.5242543867153705,51.65793685342489],[-0.5368915483686337,51.66062444010372],[-0.530927822312942,51.64913350120714],[-0.539260851513532,51.638039359330534],[-0.5225017954963526,51.60506161157326],[-0.5005959397837428,51.59968991103155],[-0.4769868796729763,51.559625237229035],[-0.4954897491926227,51.53842923403093],[-0.48317392390856645,51.50664769851712],[-0.49002476282704144,51.4947476797645],[-0.531819487914086,51.49339450571933],[-0.5269810032837516,51.509505599111606],[-0.5686454026417058,51.51136448383079],[-0.5650444012909035,51.52069224303165],[-0.5750946687753078,51.5292998804489],[-0.5672081255743583,51.53294449209575],[-0.5759787232946154,51.53391012436826],[-0.5809916974999202,51.52307413289175],[-0.594983091139208,51.52423717371047],[-0.6247702071049306,51.53800584635806],[-0.6600785956220495,51.527527736463874],[-0.6538996475630052,51.51219289164173],[-0.6592712747833802,51.50490238034842],[-0.6429704080293982,51.50269345778175],[-0.6444469858392431,51.496485251670634],[-0.6338280008424366,51.49269499777676],[-0.662284163195472,51.4879263522823],[-0.7031647153990581,51.511106775996346],[-0.6941769981894392,51.56217554495283],[-0.7112016431929392,51.56432409024935],[-0.7169058233226595,51.5771946573896],[-0.7574611428356091,51.56481759696962],[-0.7732281460522419,51.567310430603825],[-0.7944705423772918,51.551157820549875],[-0.8427436740044306,51.54475861259897],[-0.879723003031975,51.562127584087364],[-0.9031957272732646,51.5458788814202],[-0.9017011259892186,51.55608593857743],[-0.9393396356573402,51.57401373417596],[-0.9415297411645386,51.58546117400635],[-0.9168684017351326,51.59931303265403],[-0.9431555989092394,51.605033942972106],[-0.9385658124009717,51.61794316325954],[-0.9497934200461849,51.620677755290984],[-0.9500294779377289,51.62890712753709],[-0.93539944319036,51.635657520070524],[-0.9507258982078054,51.6507412050301],[-0.927251272312465,51.651443620378735],[-0.9230982473685356,51.65699665395661],[-0.9322128291553657,51.66486842932603],[-0.9177289666488833,51.67240040642277],[-0.8777067861549425,51.66838511203389],[-0.8978964073857139,51.67640078357996],[-0.8798958971115732,51.68086488246589],[-0.8947729489249748,51.692522263620326],[-0.8876824739441627,51.718343382316064],[-0.9332704594605519,51.75239030452133],[-0.981420185863315,51.760022721596876],[-0.9832271696520742,51.75246651358536],[-1.0315265327903256,51.757232619745714],[-1.0296080884895487,51.746018698689376],[-1.0454714430296677,51.74459923961198],[-1.0808516785976972,51.75655369825675],[-1.0829480957193611,51.780295908883176],[-1.1219433534609558,51.787080569234725],[-1.1174058988732365,51.79916707598907],[-1.12488968303321,51.80751118002849],[-1.1100965326405101,51.81730504959618],[-1.1406761208308214,51.83468975956082],[-1.1211821885885702,51.8453416963894],[-1.084379556396679,51.83057852679383],[-1.0471229500819124,51.83981369780465],[-1.062006097609067,51.84416370156003],[-1.0646423988319136,51.86869717319189],[-1.0776051710916983,51.87673077862127],[-1.0704171453603968,51.88871624156026],[-1.0935189748057692,51.893936853417514],[-1.0842539291244075,51.8995448743268],[-1.0793563771490664,51.9172219821425],[-1.0866733626441039,51.92264588711434],[-1.0559187740030882,51.94259877379315],[-1.056497160609812,51.949228222639306],[-1.0789515052333494,51.94336645739696],[-1.095235510119277,51.95712263855188],[-1.053171879900082,52.00253612324797],[-1.1361582970333473,52.02003392643319],[-1.131256904841765,52.032869446401136],[-1.1172242418462164,52.04734507489135],[-1.0264049589687958,52.06441702624817],[-1.042327314864688,52.073710285073936],[-0.9678052695527543,52.07091094856765],[-0.9518728907268896,52.08153366683516],[-0.9400558516760931,52.075841919963224],[-0.9443906351560734,52.07003208391353],[-0.9337442418969832,52.06263644481033],[-0.9247053169175501,52.03646389659714],[-0.9060302533851838,52.021221092295065],[-0.8899716735727867,52.03159157190471],[-0.8777109350094291,52.029844389573526],[-0.8706063713362668,52.04380374049539],[-0.8529357924107386,52.04995191734126],[-0.8630163912389592,52.060271910377224],[-0.8314182963967142,52.071946962904214],[-0.8467125893109937,52.091508738086716],[-0.869530853268088,52.10003764468223],[-0.8714500518483997,52.1117534405655],[-0.8870157552730823,52.114209375438165],[-0.8807203557218201,52.126331800961054],[-0.8282046953898554,52.13261053683619],[-0.8319666807244789,52.14368350472983],[-0.8140411981236456,52.14247231097975],[-0.8075879365880028,52.156979020325],[-0.7920912905747579,52.151329421995136],[-0.7831941978544755,52.16592477867972],[-0.7497348186745368,52.16687681213081],[-0.6846535695046159,52.1963361293979],[-0.6274466731778274,52.181545423600134],[-0.634906814995997,52.16813301858915],[-0.6306708086763849,52.15492394194698],[-0.6407815701275333,52.15277231197206],[-0.6354516223604472,52.13925358185124],[-0.6072494312131548,52.13386879462929],[-0.591810283644433,52.11069191180987],[-0.605787557718057,52.09212209397413],[-0.6313578616814275,52.08097493957125],[-0.6689760060389061,52.04871685099286],[-0.6430757700251337,52.036890969449296],[-0.6403292000636628,52.0236608294164],[-0.6510239308812885,52.0184860330709],[-0.6434768813748757,52.010854658665345],[-0.6616896088608101,51.99973642426706],[-0.6456807466780184,51.97222835109194],[-0.6621025235033743,51.9555726344433],[-0.6719308006637719,51.955989638227166],[-0.6703459062249669,51.943819993964304],[-0.6823456016442541,51.942736645163855],[-0.680318520815374,51.93550199890571],[-0.7021567275208473,51.909119069120315],[-0.6922198188627154,51.90016242828219],[-0.673236145156623,51.901817773518694],[-0.6548270607041623,51.88789039546469],[-0.620089200668163,51.88548554078059],[-0.5835635397303487,51.87032387257801],[-0.5640528908110544,51.84709611005719],[-0.5376285277064373,51.83141087481988],[-0.5436505055113788,51.82451783188358],[-0.5604686404875953,51.83018555154235],[-0.5583482920869608,51.8247878919269],[-0.5818256091589058,51.80690540155603],[-0.6329395765054617,51.81994619893852],[-0.6672141933956238,51.81581030746101],[-0.69545119524189,51.84111051482069],[-0.686767725163879,51.849240293526634],[-0.6923700737783627,51.85706968350204],[-0.7146245099013815,51.85765555629607],[-0.7456780099021197,51.84209360648332],[-0.7234023004038961,51.81762467714049],[-0.7092953222658429,51.82053962088234],[-0.6826500174064963,51.79720953279025],[-0.6901910536503161,51.79233922672161],[-0.6734694732585889,51.768471720214635],[-0.6436657723125092,51.754087285465644],[-0.6129360301904949,51.74742725838974],[-0.5863797343572208,51.752115945987676]]]}},{"type":"Feature","properties":{"county":"Cumbria"},"geometry":{"type":"MultiPolygon","coordinates":[[[[-3.507128685417923,54.71762169221098],[-3.433316381142131,54.76622649470583],[-3.4378546593765047,54.80162727207951],[-3.398886529235359,54.86846408658633],[-3.3669877974186786,54.89146984956929],[-3.3388444458446993,54.90023396719028],[-3.3589818568178083,54.89143209290394],[-3.359309205990894,54.885829454702474],[-3.35678968189705,54.89209666312263],[-3.3525297708194266,54.886863185373166],[-3.34827434251205,54.88795301675851],[-3.354771240102577,54.890986648405736],[-3.349773681394609,54.89358026112277],[-3.3487066316439833,54.88903925043454],[-3.3385019976449977,54.88582596786113],[-3.341225238176484,54.882486044104006],[-3.3381802321361085,54.88581001341926],[-3.3486647603005366,54.889512437200615],[-3.3349647328733623,54.888460460080516],[-3.345706265294086,54.89135436448752],[-3.334960420593015,54.888660020897206],[-3.3445482700110842,54.89450279128308],[-3.3397576350186324,54.89626957879533],[-3.3224684464648906,54.889628025265544],[-3.3265003059629903,54.8865482094576],[-3.308780601222255,54.887439697761344],[-3.2885723976691636,54.87232663297548],[-3.2944775968777438,54.87875785816701],[-3.2819306419971763,54.87566823613897],[-3.2870866568592314,54.86732042543389],[-3.2819349185438047,54.861516276497724],[-3.277796065168319,54.87779142474333],[-3.288047384963637,54.89260606991155],[-3.275133460744299,54.891740314286764],[-3.2771698541230543,54.88558707125605],[-3.26641036489996,54.89169949443402],[-3.2680112470906395,54.88816527434751],[-3.262996274545432,54.88847457018717],[-3.2661650622096787,54.8856699756246],[-3.2534051290755173,54.89544809903111],[-3.25543337457991,54.901098828686585],[-3.2485712447780974,54.90209523080013],[-3.2548079931269305,54.905309396593],[-3.250652529824982,54.91178063036731],[-3.2215793413266116,54.90180176230684],[-3.209429820370153,54.90364792814332],[-3.2046606495595764,54.90617064620409],[-3.221233546301297,54.90238220125242],[-3.2476325024059296,54.913896661769584],[-3.27457834563239,54.903091332637466],[-3.313695037241569,54.9148950673877],[-3.2833064768658975,54.94212332423022],[-3.265337293163873,54.94303433151201],[-3.268938334151998,54.93707348707589],[-3.2322019093222885,54.95322001099142],[-3.204392174614904,54.95387531453911],[-3.1188703844510406,54.92534924876962],[-3.0629024834076026,54.945274600322335],[-3.009607793380678,54.946180055238734],[-3.0026077750509033,54.93779235836922],[-3.006387455889019,54.93088633873851],[-2.9958622659184124,54.93592287815154],[-3.0080337935340213,54.94704145569931],[-3.0400303364740213,54.94608892385448],[-3.0549877474223353,54.95363734537341],[-3.076948997096888,54.95212643629311],[-3.068570988002386,54.94891753294365],[-3.110121016534195,54.93339176067649],[-3.1297850026840566,54.934404902565376],[-3.115637626451513,54.93759917085998],[-3.128648913967273,54.93803263226477],[-3.1311186897094574,54.94761022159565],[-3.1087306969194395,54.949115062235535],[-3.1137218590966413,54.9533336362148],[-3.103322490624994,54.95459673500243],[-3.116268845248498,54.96066229854806],[-3.0949922145448245,54.96621814672798],[-3.1085060638072277,54.96767014743988],[-3.1044172295977535,54.97104825277849],[-3.075683702633375,54.967597412055525],[-3.0584174617480784,54.98306575283787],[-3.0609390372543612,54.97729772905456],[-3.056598500336775,54.9828263492888],[-3.0402815114892787,54.970031883050915],[-3.0579157886275006,54.9917161332244],[-3.043982015492446,54.998669949187295],[-3.0494567296070927,55.00939505579622],[-3.0260877488595788,55.035419068681286],[-3.053419718815246,55.04728404774732],[-3.0509285234989156,55.05280356405297],[-2.9586963252048624,55.049274013681476],[-2.936407399215765,55.059585949949444],[-2.9404291781256897,55.06912813739124],[-2.896639280326893,55.078072711048954],[-2.8707354050449667,55.10634006483387],[-2.8445397863819735,55.111864998904274],[-2.841250177892528,55.122497756859765],[-2.827607972979527,55.12483683166208],[-2.833055849613122,55.13245051088968],[-2.8255025698036866,55.13831411456468],[-2.7848749183283417,55.141775184254485],[-2.7034045971435843,55.173211318193715],[-2.6897902915132095,55.18898422854259],[-2.6745553711575853,55.175891485718594],[-2.683253955559927,55.166630481001356],[-2.6773244433664223,55.15548761179955],[-2.656939477820754,55.13613185330493],[-2.5989028380869597,55.1245757607255],[-2.59355862372834,55.10512025937419],[-2.5684260233298724,55.096261398727414],[-2.5569473407864742,55.08103912994132],[-2.5037070343415704,55.09075043731424],[-2.486341209364522,55.083045479089],[-2.5012342407658594,55.075224804014354],[-2.492199893379653,55.068153734953306],[-2.5039849080169145,55.06242990815136],[-2.483049858123018,55.040019121635375],[-2.573186896382555,55.01611463251044],[-2.5741808262828396,55.00370006040692],[-2.567713747809223,55.002747345290786],[-2.5733107684353427,54.98763777786637],[-2.6014292479922774,54.97134020735126],[-2.5955690089859282,54.96348095780789],[-2.5684264965425183,54.95829109143716],[-2.5676494473359615,54.94085600235007],[-2.545508620333995,54.92839361314843],[-2.566221333473237,54.91923805448321],[-2.576414082770598,54.89671713926281],[-2.605430266703178,54.884382355395076],[-2.5733522920000564,54.85354617583906],[-2.5826710962185335,54.84586682175718],[-2.5678486550075625,54.82357485898903],[-2.5296227289676154,54.80595007875897],[-2.495584403015195,54.81024304328608],[-2.460595599248234,54.834170770459586],[-2.422690539424117,54.84283309067353],[-2.411623873535033,54.85643072596475],[-2.3927264461263524,54.83451524558612],[-2.3484286135046473,54.80707927875063],[-2.327385163410877,54.80533249571421],[-2.3120894759789263,54.791015005604024],[-2.3084868131476863,54.77354278542209],[-2.322478627347664,54.76397076236194],[-2.332305752060465,54.731996120432825],[-2.325746702836592,54.72662919204389],[-2.3554708431658558,54.697173954420926],[-2.351593709404257,54.685736366633414],[-2.3275694262173716,54.670873396307215],[-2.2928749886610618,54.663885332356735],[-2.287978740484879,54.650480077921806],[-2.3249377288382034,54.63165023985902],[-2.3045145218031493,54.59619784072464],[-2.209488177013076,54.551713337288675],[-2.197530554188082,54.53270396505221],[-2.172397970663926,54.53244411986749],[-2.1593671588562144,54.47114389907416],[-2.189315567069303,54.4489784982791],[-2.2495391924868446,54.4519434416952],[-2.29286525066657,54.43930750250747],[-2.291853495274995,54.431462551274706],[-2.3082135100449777,54.416488198500886],[-2.3063429612642175,54.39875715753824],[-2.2919866754164695,54.3914863765357],[-2.297440451322588,54.37689879937778],[-2.317042502467355,54.37631048815016],[-2.34464791285656,54.359628490103205],[-2.3677122757527638,54.35607058367713],[-2.3098414516822476,54.32431497738142],[-2.323032340524659,54.31108278358472],[-2.3241720109843116,54.293605179887635],[-2.317191899191952,54.287165641249345],[-2.325891768093924,54.27969291689325],[-2.3155142102420614,54.27028492300266],[-2.325646613084867,54.241438362868124],[-2.3480524446814592,54.23780666335873],[-2.3623171119994533,54.249752627015866],[-2.3723252299098188,54.24823461622648],[-2.373020638124236,54.24009893393006],[-2.3967796755173874,54.23938110658449],[-2.405631973881452,54.22491519673433],[-2.435427566880428,54.22287703007582],[-2.4608627099724316,54.22671610739849],[-2.4595852698514955,54.239568374617406],[-2.5507510910664646,54.200292965857784],[-2.6249569409106046,54.19556871338511],[-2.6399644546496535,54.202045355874965],[-2.6798762533844873,54.16113472663688],[-2.736489060190044,54.169026844185765],[-2.7343869606330222,54.184110993161966],[-2.768231935885862,54.18596410288324],[-2.799229741145208,54.19773193522744],[-2.837216870849134,54.17417238178476],[-2.8694838564442233,54.17667666340543],[-2.8574329772498137,54.17898586723524],[-2.864119060511153,54.19204027897943],[-2.7862314014130227,54.22628653219255],[-2.80056786785143,54.246037395653694],[-2.812835217640099,54.245051643701395],[-2.800670525785213,54.25089096195895],[-2.8127205794831482,54.260227238804696],[-2.8078312191770656,54.25108544333215],[-2.8145287243845782,54.244420389228814],[-2.801396593425629,54.2443781835207],[-2.8011522961780595,54.23059745708523],[-2.79438127580577,54.227420291630864],[-2.832196306310672,54.21921095437724],[-2.842473534918827,54.20551786957462],[-2.9050042956594773,54.194726490023655],[-2.9352362588877217,54.16697410150308],[-2.9318622347145524,54.15139208069582],[-2.9474275859375467,54.163772574405236],[-2.9481227495583737,54.15767248058816],[-2.939281972776468,54.15658687650666],[-2.968381836322153,54.1460258287837],[-3.005293431602228,54.1562692870311],[-2.989427172452325,54.1794832300859],[-3.006525921564216,54.172269835887796],[-3.005067220447495,54.180279373509485],[-3.0102922247653634,54.17695327245138],[-3.009825792631207,54.18277229454882],[-3.038760646296059,54.19719410555539],[-3.0228174002455805,54.19179507289933],[-3.034757895540807,54.1965005736409],[-3.0145454844156756,54.20636777580999],[-3.0276927329216385,54.224958882733645],[-3.0463184846576397,54.22676676568009],[-3.048764970212465,54.233233748058915],[-3.027406486103519,54.242169855507576],[-3.0304594097299344,54.244926015461566],[-3.028083072141649,54.24658590859448],[-3.0302552604559136,54.24987516555465],[-3.05218574958263,54.23580765636552],[-3.0531196663646205,54.22084563498137],[-3.032419238864819,54.2113157703791],[-3.053135938304971,54.19888831216924],[-3.0619420438506313,54.18046681913154],[-3.06338580296599,54.18621077406554],[-3.0608558577841185,54.161998210087766],[-3.0779748668345035,54.153975294367086],[-3.104648381481979,54.120004418560235],[-3.1723986007804004,54.08178409416083],[-3.1507107457461268,54.06478532591948],[-3.17143439737549,54.07962829028337],[-3.177974756683797,54.07487800695663],[-3.1737479985484036,54.08339415198442],[-3.1868585688621205,54.09042700124071],[-3.191010874085217,54.102623056453794],[-3.220222794516542,54.08984406488708],[-3.2394113047216395,54.10446635961841],[-3.2376962616200857,54.155920109473435],[-3.24957804121373,54.15480506431615],[-3.2565383163951056,54.168701980778565],[-3.217152503479752,54.17746378960851],[-3.2150938650790186,54.18484041658819],[-3.222990238211922,54.187790305237144],[-3.2147577766724402,54.18565902301556],[-3.2130579403645383,54.20719246598561],[-3.1797384879816017,54.2389973562041],[-3.1975644675338084,54.22879814052116],[-3.21035214333518,54.25397323748462],[-3.2290406211109324,54.25990498898211],[-3.221574021792321,54.26267541196282],[-3.227838967928768,54.26043492952438],[-3.222130623832379,54.28033978887076],[-3.233703324573952,54.26012072637752],[-3.222907100410944,54.25159954744493],[-3.2437122126186617,54.2464406628337],[-3.229307539691563,54.249794381995954],[-3.225637978407642,54.239820023241535],[-3.2434405703749065,54.23405256307687],[-3.233123209951277,54.22877201499291],[-3.2457622998752207,54.23182742563696],[-3.2376290522850937,54.227758724129],[-3.247826374954601,54.229155505669034],[-3.250993663111503,54.21986228093497],[-3.251482622198644,54.22816127651182],[-3.2572208445231,54.21336562829313],[-3.2586176298903604,54.213862474364156],[-3.265461877474524,54.21286863875248],[-3.2540113263399335,54.21033322425797],[-3.251466737141829,54.21583161252604],[-3.2392605373787102,54.20312643405991],[-3.253981147546608,54.19163835784168],[-3.287754088358307,54.197031960890314],[-3.2905859644226956,54.190715367263],[-3.3143058093080944,54.18856239098266],[-3.3300378417787737,54.19633975886913],[-3.3942156498595164,54.25444020860679],[-3.4227306074554606,54.292855755119305],[-3.415742269592738,54.30358774103954],[-3.4225339140951614,54.33977388772581],[-3.410039115566569,54.35035402264421],[-3.411850259008314,54.338039755527895],[-3.399069355970694,54.33109345078616],[-3.3829146918893507,54.34986086150149],[-3.374903443956157,54.349498479708856],[-3.3738730998871946,54.35582431765149],[-3.4043916534077048,54.3379380796563],[-3.4115017544135737,54.357282953986726],[-3.4042268857979696,54.361980576224724],[-3.43795803191025,54.35907909610588],[-3.442118964931807,54.371346338557316],[-3.4321573115797124,54.37314443803921],[-3.4307604918928183,54.37683806335818],[-3.443059800183481,54.37162674763935],[-3.43968864590121,54.357477449678846],[-3.4173746995027567,54.34892340770204],[-3.4352852867144152,54.343382614048686],[-3.473374651048494,54.37549205473089],[-3.476451553548429,54.38636334747992],[-3.5929852101475546,54.482117098834344],[-3.619572009930567,54.490906495745485],[-3.6359563440160154,54.50718446808166],[-3.6388755759993696,54.51732080475451],[-3.6136057195899407,54.525034517500856],[-3.5803912695776803,54.57190337311604],[-3.582810804360154,54.59086533791466],[-3.565893603591067,54.61222619845685],[-3.579938698312254,54.65229774888521],[-3.5625161325391996,54.64639900108182],[-3.5572148915992146,54.64625423943754],[-3.571743353101674,54.650846320741636],[-3.518981141794863,54.692975497221674],[-3.5098813586990003,54.71762340323515],[-3.50108619612554,54.71470261512352],[-3.507128685417923,54.71762169221098]]],[[[-3.286352546622717,54.879789655171294],[-3.2877209703840156,54.87929793653735],[-3.288643468050154,54.88119519981505],[-3.286352546622717,54.879789655171294]]],[[[-3.1741404251851875,54.06650544750226],[-3.1737340860014074,54.061856313365844],[-3.1769055188017226,54.06351414061601],[-3.1741404251851875,54.06650544750226]]],[[[-3.2644808067271507,54.10394024334052],[-3.276681812937126,54.14182134880312],[-3.257232452859445,54.15266711253549],[-3.252006501071748,54.15074596517336],[-3.264510828036158,54.14776516143688],[-3.2647641467419652,54.13855679977383],[-3.250789549082037,54.12574722250364],[-3.2429305418679855,54.09899930252426],[-3.2515169031937052,54.09634694483786],[-3.2209261786350383,54.08049550614307],[-3.2233769424985117,54.06701552554194],[-3.2101627064784926,54.06509282549941],[-3.2057385527260576,54.05226911843975],[-3.178533507781445,54.05529390696756],[-3.1741383063693,54.04830561704926],[-3.172866532182921,54.055258586981004],[-3.173065550530494,54.04710672348605],[-3.2096913761229104,54.04752323590566],[-3.2644808067271507,54.10394024334052]]],[[[-3.200637126232619,54.06488009962742],[-3.201105137452626,54.06410244923246],[-3.2030022184808473,54.065716598655406],[-3.200637126232619,54.06488009962742]]],[[[-3.0573459663710505,54.98720934527424],[-3.057542330072594,54.988104637303344],[-3.0572535792312636,54.98723847604527],[-3.0573459663710505,54.98720934527424]]],[[[-3.0006440556153517,54.15239119944321],[-2.9723409301231625,54.14550678250539],[-3.016464873646695,54.13257439671319],[-2.9999051026922205,54.13941184387259],[-3.0066499974936742,54.14271518740962],[-3.002967703280146,54.15002334235367],[-2.9944481293860172,54.14783007888542],[-3.0006440556153517,54.15239119944321]]],[[[-3.0407651072207416,54.17400442303508],[-3.04167716665044,54.17329458054215],[-3.0422510994193517,54.175707340542374],[-3.0407651072207416,54.17400442303508]]]]}},{"type":"Feature","properties":{"county":"Hertfordshire"},"geometry":{"type":"Polygon","coordinates":[[[-0.5863797343572208,51.752115945987676],[-0.6436657723125092,51.754087285465644],[-0.6734694732585889,51.768471720214635],[-0.6901910536503161,51.79233922672161],[-0.6826500174064963,51.79720953279025],[-0.7092953222658429,51.82053962088234],[-0.7234023004038961,51.81762467714049],[-0.7456780099021197,51.84209360648332],[-0.7146245099013815,51.85765555629607],[-0.6923700737783627,51.85706968350204],[-0.686767725163879,51.849240293526634],[-0.69545119524189,51.84111051482069],[-0.6672141933956238,51.81581030746101],[-0.6329395765054617,51.81994619893852],[-0.5818256091589058,51.80690540155603],[-0.5571377315357037,51.830966594434585],[-0.5197288690057658,51.805095381178454],[-0.5022828020591564,51.815458686556504],[-0.5111929046299621,51.825893589528356],[-0.5018182636112086,51.83679480900882],[-0.4711957226768253,51.845467844237966],[-0.4782984521814597,51.8531364871058],[-0.4704200522672615,51.85571020199256],[-0.44752451323663506,51.84760157877132],[-0.421500842373884,51.85020521659225],[-0.3687302251281881,51.831083013756306],[-0.36330766688740534,51.842104708167135],[-0.3394859163786651,51.84960551271375],[-0.35287168216184395,51.86354319852629],[-0.34989887752221766,51.878708196450546],[-0.37390926492693505,51.895313936989346],[-0.3892136782928744,51.9257808824173],[-0.405607163492048,51.93245438904585],[-0.39943951310151515,51.96767138027588],[-0.38068637812102996,51.97943232114315],[-0.38291203007376273,51.95141368512394],[-0.3725823689169476,51.94801890424471],[-0.3491736581554948,51.96373698873599],[-0.36715750034926975,51.9837610082731],[-0.31155546744467794,51.98210988369344],[-0.2953254820382909,51.99540422977387],[-0.3000542128638422,52.000780500392715],[-0.2838934455841461,52.00182023758618],[-0.27390055245206474,51.98120949237388],[-0.24788907064947302,51.98517300941687],[-0.24407870248335894,51.99902325740714],[-0.20125598539046993,52.00982469543063],[-0.21949343050888237,52.036741248298476],[-0.1949826550203782,52.062415063919616],[-0.17261941069316947,52.0602099269134],[-0.15728084798263192,52.08054723423343],[-0.14750545704547627,52.069403146457475],[-0.15512103122808718,52.0530610989458],[-0.13372983494599827,52.04623288100769],[-0.12099877197903378,52.0195212701344],[-0.024412339623048986,52.06331602541465],[0.007186322062604045,52.04953312886348],[0.04030634730578386,52.053327300544055],[0.05209839892966871,52.024630817758954],[0.07432182764856186,52.000860900886565],[0.0690610440005004,51.98404257290505],[0.09646064868943689,51.98432593068384],[0.10701201984205412,51.9718178877814],[0.12486012491604893,51.92353892600371],[0.12476146866768481,51.88458550363542],[0.17934902808443703,51.89555405698468],[0.17670724015729847,51.88158453340295],[0.19559423921317529,51.86808634914013],[0.1704676833445664,51.86162216722149],[0.1733983869610178,51.84976976202813],[0.16316605239269888,51.844776907782155],[0.16120893022357408,51.825947315267435],[0.17258304757046947,51.81630440108554],[0.15830882059100684,51.813517035173454],[0.1507668162002368,51.797049474505364],[0.026799418767174468,51.774179879224114],[0.00125737832854403,51.74513649078752],[-0.01298015840506792,51.742751236187814],[-0.01973044484857572,51.70327425759678],[-0.011918619491221414,51.680877784048],[-0.10577918133707771,51.69187562150836],[-0.16349331737768089,51.68811506598772],[-0.1724731761552317,51.67309131856227],[-0.19106672686828402,51.66389674081795],[-0.19987163136782174,51.67017026580389],[-0.22646266028125112,51.65716188690474],[-0.24934798658097743,51.65605777789856],[-0.25545847789295306,51.64328775819969],[-0.31667227073737064,51.64053557423242],[-0.40398809209779546,51.613183997713726],[-0.4405753170958326,51.62007328357435],[-0.4571307626005158,51.61229389277908],[-0.4970424937008946,51.631697804845615],[-0.49631340353926073,51.6023984411375],[-0.5178367668140896,51.60024956875256],[-0.539260851513532,51.638039359330534],[-0.530927822312942,51.64913350120714],[-0.5368915483686337,51.66062444010372],[-0.5242543867153705,51.65793685342489],[-0.520994817790512,51.668045369125736],[-0.5051079140339154,51.673076853827475],[-0.5108972569371891,51.679817197389866],[-0.548696103272659,51.6826713132351],[-0.5440171001825335,51.69681743257634],[-0.5632096875420742,51.71187984210077],[-0.5504136073538167,51.723042871347836],[-0.5537203178014632,51.73406470778937],[-0.5727629397872888,51.73586383118601],[-0.5863797343572208,51.752115945987676]]]}},{"type":"Feature","properties":{"county":"Leicestershire"},"geometry":{"type":"Polygon","coordinates":[[[-1.3059474816169383,52.49339532336414],[-1.52286781788107,52.57060058972099],[-1.5271552259883585,52.58273787481839],[-1.560756721374328,52.5961562247104],[-1.5544599852158658,52.61473604308903],[-1.5675832061047457,52.62264180132877],[-1.5710001458083538,52.63611989652916],[-1.556046754984917,52.63827619825788],[-1.5424219832159896,52.653626438068464],[-1.59754100041713,52.70042180095936],[-1.5500800991730854,52.72027853600628],[-1.5453338896075688,52.73292150727467],[-1.5624926756528144,52.750586793128505],[-1.5548425824732095,52.76202101940384],[-1.503943125054414,52.767462341487814],[-1.4924275641745433,52.75945248605796],[-1.4664519151884492,52.767972311377214],[-1.4558820808644208,52.77709469149787],[-1.4628077246720155,52.78679260272687],[-1.441890170463938,52.79353289564213],[-1.4435615313622563,52.802744183913],[-1.4177044603148725,52.80161549850568],[-1.3811249140439334,52.846048820274646],[-1.3510000771351365,52.85341522958369],[-1.3448626630917775,52.867532891561154],[-1.3059946656576453,52.87708046273069],[-1.2678890866779158,52.873368658696236],[-1.275282788126683,52.86038000219639],[-1.2645664590076282,52.858368899776224],[-1.272205499053137,52.849439808070315],[-1.2669336420629393,52.83747018426854],[-1.2743635041285608,52.8361295526319],[-1.270037226199982,52.82331718311461],[-1.255364273968033,52.80415200646976],[-1.2453673767437792,52.80616290197001],[-1.2219532497515075,52.79176874470303],[-1.1961377919031615,52.790164923915796],[-1.161877813686473,52.80639375446131],[-1.1308931097912054,52.80582690830657],[-1.119163090572088,52.81915050268016],[-1.074435248563176,52.82472667804495],[-1.0717382547054755,52.814011251618766],[-1.0219332112262902,52.82205191758117],[-0.9890037267154941,52.81825014529251],[-0.9750512610077898,52.82922846647033],[-0.9770745656929719,52.840737664962106],[-0.9608517549320577,52.84335664782006],[-0.9281214436452747,52.866083318185225],[-0.9405739521081086,52.87685613531054],[-0.9169249225937505,52.87893161279097],[-0.8576336285640501,52.90564233408952],[-0.8628934034811494,52.91311382526905],[-0.8228116220295031,52.94370712010528],[-0.8339086224072794,52.94588050410901],[-0.7961500898977373,52.97673154289169],[-0.7782786839254255,52.9769233466241],[-0.778437354009554,52.959313780129264],[-0.7553130217232239,52.951378680152615],[-0.7745428646833625,52.90734268830807],[-0.7584683310760113,52.90049004233143],[-0.7665920487149429,52.88679836786569],[-0.7427224852511599,52.88315720023328],[-0.6820412044630914,52.81179560510156],[-0.6831066392211682,52.794682838984826],[-0.6641014065691924,52.756710494569866],[-0.7533191815504443,52.73657457461937],[-0.7764843907414767,52.74393417743708],[-0.8173986976607053,52.7251066072162],[-0.8217528501848193,52.71567522036664],[-0.785803960111421,52.69424860679994],[-0.7821945719434158,52.669139542265185],[-0.8086932799060929,52.6461261006322],[-0.8017516416105767,52.638839591897295],[-0.8109579701087285,52.62598446382592],[-0.8058246473178368,52.62068792036462],[-0.8193520370021804,52.609679035861376],[-0.820950319290447,52.596454846101594],[-0.792435482402895,52.597614209794216],[-0.7647907975238394,52.58119489132973],[-0.7617895060014589,52.56910552520333],[-0.738864443712881,52.54888334360468],[-0.7422064795348976,52.539485979609545],[-0.7160783310637379,52.52244497740219],[-0.7561563408310659,52.510994699783986],[-0.7748668089171654,52.51827637327597],[-0.8201217319781825,52.515541022167945],[-0.8633455122550581,52.52832538624202],[-0.8834089273537767,52.51380803459085],[-0.8837214582741284,52.492262950404395],[-0.8956014816751601,52.492044403402936],[-0.8823614757406676,52.471405730163205],[-0.9012805943420118,52.45975587258101],[-0.9421918897988647,52.46777256452687],[-0.9470889478300667,52.47569994796765],[-1.0006926007022252,52.47094041193469],[-1.04451052031417,52.44574805652151],[-1.0342736812987594,52.43628524697926],[-1.0498602208980485,52.422262332845726],[-1.079391453563631,52.436334040955714],[-1.1257033804938217,52.417697211936265],[-1.1494696547714927,52.39700819733982],[-1.1839920801053534,52.39217104743038],[-1.201613240016501,52.396731777646686],[-1.3059474816169383,52.49339532336414]]]}},{"type":"Feature","properties":{"county":"Norfolk"},"geometry":{"type":"MultiPolygon","coordinates":[[[[1.5921536080572156,52.63755305886376],[1.5925408233235636,52.62908360762635],[1.6062245358134328,52.62385487358445],[1.6333974159232072,52.63255261843849],[1.6386045298440277,52.63020703633087],[1.679186019482948,52.62928584767741],[1.692698060355528,52.621266723008326],[1.7218289770404156,52.628692580892036],[1.724452850699805,52.62254897041561],[1.7218464127172093,52.61998034530381],[1.721630638927436,52.61562898833332],[1.7234056484313223,52.614013432446534],[1.7226382415873633,52.612110799237264],[1.6949280544000005,52.61798584457561],[1.6579226538289638,52.603883141511766],[1.6386614741025576,52.587433688516214],[1.636089011191437,52.58183813059155],[1.6071439952827615,52.57418987767148],[1.5919234903672388,52.558312232482415],[1.5726070659241818,52.55867512948712],[1.6272750735392463,52.52793634081083],[1.6309129555062936,52.520523599480065],[1.646438611287279,52.514368163013536],[1.6539901147940397,52.5013374611064],[1.6722128860512069,52.50317220453144],[1.6820635451174635,52.49526025130938],[1.6708738866744797,52.4770238574329],[1.6590225296443222,52.4687805302998],[1.6435131597937462,52.47273448251698],[1.6333786867859568,52.462920906734674],[1.5867460850941022,52.47890773058466],[1.5676948859776567,52.47469011916981],[1.5578230867895668,52.45769646226469],[1.5294625075172876,52.4683895022989],[1.5080891688062756,52.46174847327606],[1.4832205826030505,52.47183915771934],[1.4410993737064435,52.456711498309744],[1.4261778005797494,52.47066431618486],[1.4164320209299988,52.468398361604045],[1.4110178543708571,52.46159681046745],[1.4332684462546488,52.45595978507089],[1.4322204647712449,52.44517909666255],[1.3980084483594726,52.44107083612241],[1.3579400158018387,52.424244983557],[1.361255553016421,52.41319756655216],[1.3163720436450985,52.38740725124623],[1.2812726779386765,52.388562055656635],[1.2593314815740742,52.37088657308772],[1.2140789575591233,52.35541164469846],[1.0684918164525314,52.378461042008105],[0.9674710736333823,52.37011279232957],[0.9367543351447379,52.38667347112493],[0.8668730285416282,52.39034586840399],[0.8383157575069797,52.40072437598456],[0.8081722801571802,52.38952450290038],[0.7659660791953558,52.390357494750454],[0.7498442634012791,52.382926509266824],[0.735259777545793,52.39534068242101],[0.6843551130839581,52.39920111280914],[0.668463443006466,52.40917572634067],[0.7187933750433316,52.44964722340982],[0.6661561051559726,52.46250583535673],[0.6422204506583771,52.451047145473375],[0.6150187667159251,52.44907654332944],[0.5548211979075833,52.4560280550269],[0.5238357891346221,52.44820013663423],[0.4455386567979726,52.44737177785605],[0.4293441570879858,52.4364266733561],[0.4234707920898409,52.451045315849505],[0.42852907300049226,52.45465261688023],[0.38070635893610527,52.479539473261845],[0.3670621726708489,52.50117379805355],[0.30936065434921134,52.51362228627672],[0.256476415824398,52.50771429884822],[0.24604094847177774,52.49989125953858],[0.23879083888246877,52.50918510083667],[0.20612329699060483,52.51963512326436],[0.23059117101302376,52.52790992857464],[0.20584732082714663,52.533850838688366],[0.21314507089025084,52.53817173904085],[0.20387174950051992,52.54540505020174],[0.21462559204155876,52.549106692960976],[0.2051398298553459,52.54790087878801],[0.20470830682292832,52.55465620440658],[0.2172384270517264,52.56059400800906],[0.2056315703300428,52.56556915439134],[0.21848609388264428,52.57222642073614],[0.21578027046248252,52.57944606121035],[0.20261120212384479,52.5800954570349],[0.1915995351960236,52.601516842278265],[0.21930011208376185,52.62181242917529],[0.17205960823404615,52.648694311774015],[0.18384182201909277,52.65566204961416],[0.18471662709430275,52.67789462760527],[0.1536438809796367,52.6821777526741],[0.15644526685472535,52.708115626370635],[0.17162607841676739,52.738031724770636],[0.1863232384687344,52.73534859192002],[0.27220857185936836,52.77280635760529],[0.2450845121559444,52.78452377166036],[0.2609051850967586,52.796056417402404],[0.25317862024670656,52.797355181574105],[0.2688153572880232,52.81583811763818],[0.33452544683700824,52.817249858883486],[0.3519226285347267,52.80944508487739],[0.3922375643540894,52.74801297210693],[0.35430088677967136,52.71699619426909],[0.34940975045456246,52.70249328949794],[0.354676903115244,52.70563753137475],[0.3712917859877737,52.692164874325314],[0.35975704818890714,52.66624138238724],[0.36756558876549905,52.63705047588759],[0.36233166827440133,52.663738936883895],[0.37339703681795705,52.68765020466264],[0.3721679366021706,52.693149024494076],[0.3555263458567827,52.707309309145366],[0.35643294337504444,52.71756977745389],[0.39552199915188957,52.74756813738096],[0.37460753146910414,52.7843039460804],[0.38143866656277053,52.78876615871454],[0.374821558324053,52.78570144833704],[0.3577646894016931,52.81254815871371],[0.4447732404711571,52.8533085945422],[0.4454579414421731,52.873901807702545],[0.48949423015740934,52.947255890258894],[0.5409423405066259,52.9749099771222],[0.5622805702117206,52.97656763693442],[0.5755931041085295,52.964003322616385],[0.5864190056323578,52.97317278846878],[0.5869331709504159,52.965942026342624],[0.6040119951055262,52.96759398861131],[0.5900818866469384,52.97671224368186],[0.6191802118936094,52.969244346131404],[0.6260289137961509,52.97097958941193],[0.6198806573151874,52.97376881626499],[0.6748341450945156,52.9737662933747],[0.6356348495999459,52.9682653527779],[0.643541860690357,52.96616271097111],[0.6814898791100016,52.96717441902626],[0.6883743111734892,52.97085860847524],[0.6752845633440013,52.97153154680198],[0.6951434468110014,52.97817556014029],[0.7023446450777633,52.973346933896096],[0.7176971154056375,52.9716965069641],[0.7331222568560598,52.97394245784503],[0.7361830152801727,52.97533941535799],[0.7521332148378064,52.97288129152773],[0.7437065413079484,52.965377036954166],[0.7368264617543828,52.96732065855841],[0.7476252182468915,52.97101811625602],[0.7316619933981268,52.97276646064095],[0.733275168084736,52.964173178562994],[0.746702582716148,52.96494632584897],[0.7578755023911035,52.96934639437402],[0.7542905568527317,52.97469179896794],[0.7613329038731678,52.97582504187022],[0.7516469792515931,52.97713957820866],[0.8123742185932437,52.97028738852582],[0.8218937953773845,52.97659041003701],[0.8113835980933599,52.976299734214884],[0.8241176796117162,52.97730256634728],[0.8441948621123929,52.97720408535638],[0.8522062034536741,52.97316689501843],[0.8509924683282166,52.95777938385856],[0.8699143399145653,52.95489672165602],[0.9232755974385979,52.960159318962354],[0.9196988730980132,52.965646428237065],[0.9357849486187967,52.9627959307619],[0.9290086725497552,52.957200721452466],[0.9448724331200603,52.963865057240355],[0.9460062688391232,52.95889908516169],[0.9609633049952631,52.95730332003819],[0.9839859360504306,52.96379817399303],[0.9826999473468335,52.95766689773935],[0.9995199976225193,52.95591076896853],[1.0070684758515933,52.95592752162583],[1.0091734175326732,52.95879146830843],[1.009702166378634,52.95748491527412],[1.015448436814288,52.955489378482994],[1.0179269926309884,52.956423495868385],[1.0185950285059369,52.96410549172943],[1.0463915598075144,52.965759385371896],[1.0034365228433435,52.97474860273752],[1.1150651610188582,52.95284272713772],[1.2833393847047,52.9357799310484],[1.343191705499398,52.92004905929965],[1.5927268926053169,52.79766775299589],[1.6993350590240377,52.71920335072048],[1.741881782199642,52.633776906524524],[1.7379779725349098,52.5824583381659],[1.743447111647779,52.57518171923004],[1.733679214427945,52.57415861772804],[1.7257013701753066,52.60406009370581],[1.7200013068465645,52.610742755006314],[1.7230877373068414,52.61207959084013],[1.726754429363503,52.62399340927598],[1.7213898058412027,52.63042362844027],[1.6928642003180678,52.62155477705038],[1.6791729276664478,52.62967574741808],[1.653051024469834,52.632101529193704],[1.6422420733627114,52.63082494528801],[1.6335017758234829,52.6328463248602],[1.616261303198975,52.632393861719194],[1.60609591604429,52.6241601207353],[1.5934489649808858,52.62906710250432],[1.5921536080572156,52.63755305886376]]],[[[1.6510986293489422,52.59418823268217],[1.7134418594662553,52.61154054114952],[1.7241451177578766,52.60417545070809],[1.7324826715784085,52.57244870784884],[1.7386548085971254,52.571976759528795],[1.7320399808790221,52.56935950821002],[1.740460491145782,52.53210486824613],[1.6656772660532022,52.5496548264839],[1.6367390398357118,52.537436176362796],[1.6312630511893158,52.53230488277589],[1.6365363100607047,52.527939619314296],[1.6288927920198246,52.52609310516074],[1.6212977611378725,52.53987179007892],[1.6064046649212582,52.542365179832736],[1.6103961324752616,52.55044564170523],[1.6222902948566242,52.55225647245526],[1.63415292321152,52.56110915159639],[1.6361299575205934,52.57357297008847],[1.6505570109012264,52.5762135614431],[1.6510986293489422,52.59418823268217]]],[[[0.7341333566190456,52.97570650818008],[0.7150857985180121,52.97273993838231],[0.7060689425813522,52.97782618717672],[0.7259774908546406,52.97762018302504],[0.7341333566190456,52.97570650818008]]],[[[0.6844904987571468,52.98827644598853],[0.7379604552354195,52.98220177929633],[0.751091121460867,52.97840326532923],[0.6983758935121612,52.984101678291275],[0.681327845936719,52.97745857059734],[0.684012370969021,52.98765420272956],[0.6629917734840454,52.982537772995514],[0.6844904987571468,52.98827644598853]]],[[[1.0130934815432062,52.96177482384762],[1.0168444810310098,52.95646292554679],[1.0113395761707928,52.959380845802954],[1.0130008627312455,52.958109025106694],[1.0103647573038088,52.95752657914292],[1.0100876663957663,52.95889690240048],[1.0079212495343453,52.95890231620037],[1.0069042119969251,52.95607106731374],[0.9866385833858451,52.96343205503401],[1.0130934815432062,52.96177482384762]]],[[[0.9747785400677367,52.97936203666486],[0.9882179532568345,52.977199494755375],[0.9702627643600257,52.970571790928574],[0.973710362188897,52.97875780540332],[0.9583060955871049,52.969181343087115],[0.965794732212447,52.97764992292333],[0.9747785400677367,52.97936203666486]]],[[[0.9941187224432854,52.976249459380334],[0.9817916267611472,52.97069214832852],[0.9883666627889443,52.97717555671109],[0.9941187224432854,52.976249459380334]]],[[[0.9963539248113128,52.95887090550094],[0.9984247541567058,52.956279105016584],[0.99205939383747,52.95771118482846],[0.9963539248113128,52.95887090550094]]],[[[0.9631718763190144,52.96020306390458],[0.9461976920575444,52.95906429902847],[0.9458547994009168,52.96372469718845],[0.9521778586356581,52.963517376243885],[0.9631718763190144,52.96020306390458]]],[[[0.8666114728731928,52.97902593560611],[0.8924409448392535,52.968830167292396],[0.8653420711347819,52.96952184152516],[0.8574350184730775,52.96411356121409],[0.8634106821138963,52.96200214232519],[0.8529969183520352,52.9578715475458],[0.8666114728731928,52.97902593560611]]],[[[0.8974025318738681,52.969521303430746],[0.9038274955638539,52.96199684903608],[0.871939771955759,52.959082341147834],[0.8853182186815892,52.964067360059445],[0.8758286918309277,52.966971830896235],[0.8835117282589793,52.96496370765884],[0.8974025318738681,52.969521303430746]]],[[[0.875317962479927,52.967286312503475],[0.8724019110813852,52.96037058338906],[0.8643850294175017,52.961850063084384],[0.8678689631195342,52.96748433060918],[0.875317962479927,52.967286312503475]]],[[[0.8689434960540078,52.95768626173488],[0.8573024840075175,52.95765386985448],[0.871334965084194,52.96027047981412],[0.8689434960540078,52.95768626173488]]],[[[1.6209234138554987,52.53953828262343],[1.6205052806292581,52.53261224284558],[1.5791949764254918,52.55615720030363],[1.5931407123605363,52.55829054765799],[1.6077263165143192,52.57385641869576],[1.6238208452134006,52.57424670713391],[1.6273542747805554,52.57882797227573],[1.6375702213625618,52.58155484679235],[1.6435689263046143,52.58761270712837],[1.6484959308846738,52.57676373697095],[1.6345992878870794,52.57333402639017],[1.63290214664998,52.56093979697849],[1.6100935974081956,52.550898022537744],[1.6060795490585338,52.54216902469284],[1.6209234138554987,52.53953828262343]]]]}},{"type":"Feature","properties":{"county":"Northamptonshire"},"geometry":{"type":"Polygon","coordinates":[[[-0.34159051675876306,52.466942607910326],[-0.37186473568243744,52.43705959057841],[-0.362408009970747,52.43353132165501],[-0.4170728708874662,52.41159913754352],[-0.4161570015369284,52.40358932033283],[-0.44376133371256377,52.38385721269978],[-0.4959462594009023,52.3795155184842],[-0.488518822670407,52.37402351415021],[-0.49869985454800514,52.36009583274189],[-0.477338772001231,52.34840937971586],[-0.4832305058907704,52.34094516488116],[-0.46665672341348635,52.338927562728784],[-0.465365697722141,52.32295328496823],[-0.5198298491029811,52.31769257579269],[-0.5140511920182156,52.3146970563403],[-0.5420393209320434,52.289732005183254],[-0.5311901319521238,52.27040243690376],[-0.540903659480012,52.25652620498804],[-0.5656930746930066,52.253468210497495],[-0.5883486847176198,52.27381744711456],[-0.6106170332944457,52.279497945405424],[-0.6536554996324467,52.268289280524655],[-0.637331646832823,52.227317619423644],[-0.6681356962700096,52.19503410884094],[-0.7054555485267386,52.19157066532911],[-0.7620475640181213,52.16344644165809],[-0.7653317759733648,52.17109916880061],[-0.7831941978544755,52.16592477867972],[-0.7920912905747579,52.151329421995136],[-0.8075879365880028,52.156979020325],[-0.8140411981236456,52.14247231097975],[-0.8319666807244789,52.14368350472983],[-0.832040113802627,52.13126038975542],[-0.8807203557218201,52.126331800961054],[-0.8870157552730823,52.114209375438165],[-0.8714500518483997,52.1117534405655],[-0.869530853268088,52.10003764468223],[-0.8467125893109937,52.091508738086716],[-0.8314182963967142,52.071946962904214],[-0.8630163912389592,52.060271910377224],[-0.8529357924107386,52.04995191734126],[-0.8706063713362668,52.04380374049539],[-0.8777109350094291,52.029844389573526],[-0.8899716735727867,52.03159157190471],[-0.9060302533851838,52.021221092295065],[-0.9247053169175501,52.03646389659714],[-0.9337442418969832,52.06263644481033],[-0.9443906351560734,52.07003208391353],[-0.9400558516760931,52.075841919963224],[-0.9518728907268896,52.08153366683516],[-0.9678052695527543,52.07091094856765],[-1.026317648173982,52.07568209561025],[-1.042327314864688,52.073710285073936],[-1.0295508189381766,52.07010643014314],[-1.0309469037675554,52.0628971986977],[-1.0620650003303327,52.06273538083154],[-1.1172242418462164,52.04734507489135],[-1.1361582970333473,52.02003392643319],[-1.118086381800374,52.01542614499558],[-1.1343287135935132,51.99729635202826],[-1.163823518901614,51.99341218653002],[-1.1760545682288295,51.9820454335601],[-1.1962597882478194,51.97743143986906],[-1.241612291150455,51.9862933830884],[-1.2827265248553177,51.979227633238956],[-1.288859050109421,51.989725831058884],[-1.2781640005516572,52.01427262969497],[-1.294312689680644,52.028035709956754],[-1.2949526685861477,52.0398113211891],[-1.3128647002677865,52.0511655566633],[-1.299360691221595,52.08010147820476],[-1.3160852101458878,52.0795199214394],[-1.3208243445235668,52.087628381879426],[-1.2480187130073745,52.09685378303303],[-1.3084327745535476,52.14350864044106],[-1.331482129077017,52.17413700820392],[-1.3131345322730965,52.190467617705394],[-1.2547799392002454,52.19888894917839],[-1.2609167894178315,52.21599292529922],[-1.275276057036842,52.22201409309486],[-1.2725936876352286,52.2275106392931],[-1.2846441203084125,52.238577255878255],[-1.2668911237602625,52.235242406125806],[-1.217897412385422,52.26180368268453],[-1.2235675196398683,52.286838768991],[-1.2337829404576623,52.29032813826007],[-1.2092616269871401,52.31471159340803],[-1.2652666287344263,52.32837719845604],[-1.2580161412533637,52.33725947295002],[-1.1721263854825266,52.36130089674886],[-1.201613240016501,52.396731777646686],[-1.1494696547714927,52.39700819733982],[-1.1257033804938217,52.417697211936265],[-1.079391453563631,52.436334040955714],[-1.0498602208980485,52.422262332845726],[-1.0342736812987594,52.43628524697926],[-1.04451052031417,52.44574805652151],[-1.0006926007022252,52.47094041193469],[-0.9470889478300667,52.47569994796765],[-0.9421918897988647,52.46777256452687],[-0.9012805943420118,52.45975587258101],[-0.8823614757406676,52.471405730163205],[-0.8956014816751601,52.492044403402936],[-0.8837214582741284,52.492262950404395],[-0.8834089273537767,52.51380803459085],[-0.8633455122550581,52.52832538624202],[-0.8201217319781825,52.515541022167945],[-0.7748668089171654,52.51827637327597],[-0.7561563408310659,52.510994699783986],[-0.7160783310637379,52.52244497740219],[-0.6964303903211775,52.53854639860909],[-0.6978333015945918,52.54570222178306],[-0.6609127311506333,52.568945674801185],[-0.603019188160652,52.588591163441926],[-0.5869723459062487,52.58742889292801],[-0.581472681221931,52.59588355013577],[-0.571903784870865,52.58580333905371],[-0.5441735656800728,52.592888306599065],[-0.5529388916850316,52.60134894035628],[-0.5501308952670267,52.612250616377665],[-0.5173972070256084,52.64237951869765],[-0.47350351193989293,52.62823446901982],[-0.47096127687605543,52.61795331319103],[-0.49765142633728177,52.5868509683855],[-0.4917249474583716,52.5812895521891],[-0.4788148354482714,52.57364511337839],[-0.4153814337688286,52.578742596109706],[-0.4072908839548168,52.5640548624086],[-0.41959379947242437,52.55896198667285],[-0.4020604179017814,52.548321645720094],[-0.4012833457510779,52.53868464451707],[-0.41184646576674494,52.524753354952864],[-0.3543452042663426,52.506495084920005],[-0.3594518809474234,52.49007557397345],[-0.34159051675876306,52.466942607910326]]]}},{"type":"Feature","properties":{"county":"Oxfordshire"},"geometry":{"type":"Polygon","coordinates":[[[-1.2949526685861477,52.0398113211891],[-1.294312689680644,52.028035709956754],[-1.2781640005516572,52.01427262969497],[-1.288859050109421,51.989725831058884],[-1.2827265248553177,51.979227633238956],[-1.241612291150455,51.9862933830884],[-1.1962597882478194,51.97743143986906],[-1.163823518901614,51.99341218653002],[-1.1343287135935132,51.99729635202826],[-1.1119797148547297,52.01659228013828],[-1.053171879900082,52.00253612324797],[-1.095235510119277,51.95712263855188],[-1.0789515052333494,51.94336645739696],[-1.056497160609812,51.949228222639306],[-1.0559187740030882,51.94259877379315],[-1.0866733626441039,51.92264588711434],[-1.0793563771490664,51.9172219821425],[-1.0842539291244075,51.8995448743268],[-1.0935189748057692,51.893936853417514],[-1.0704171453603968,51.88871624156026],[-1.0776051710916983,51.87673077862127],[-1.0646423988319136,51.86869717319189],[-1.062006097609067,51.84416370156003],[-1.0471229500819124,51.83981369780465],[-1.084379556396679,51.83057852679383],[-1.1211821885885702,51.8453416963894],[-1.1406761208308214,51.83468975956082],[-1.1100965326405101,51.81730504959618],[-1.12488968303321,51.80751118002849],[-1.1174058988732365,51.79916707598907],[-1.1219433534609558,51.787080569234725],[-1.0829480957193611,51.780295908883176],[-1.0808516785976972,51.75655369825675],[-1.0335544913291732,51.74456040091605],[-1.0315265327903256,51.757232619745714],[-0.9832271696520742,51.75246651358536],[-0.981420185863315,51.760022721596876],[-0.9536737303859938,51.757854640133274],[-0.9240737662973215,51.74770723454805],[-0.8876824739441627,51.718343382316064],[-0.8947729489249748,51.692522263620326],[-0.8798958971115732,51.68086488246589],[-0.8978964073857139,51.67640078357996],[-0.8777067861549425,51.66838511203389],[-0.9103810757255,51.673849391436114],[-0.9322128291553657,51.66486842932603],[-0.9230982473685356,51.65699665395661],[-0.927251272312465,51.651443620378735],[-0.9507258982078054,51.6507412050301],[-0.93539944319036,51.635657520070524],[-0.9500294779377289,51.62890712753709],[-0.9497934200461849,51.620677755290984],[-0.9385658124009717,51.61794316325954],[-0.9431555989092394,51.605033942972106],[-0.9168684017351326,51.59931303265403],[-0.9415297411645386,51.58546117400635],[-0.9393396356573402,51.57401373417596],[-0.9017011259892186,51.55608593857743],[-0.8998051398874682,51.536198851839046],[-0.8782181980199466,51.523017948075],[-0.880237029489958,51.51175853665413],[-0.8700561695335878,51.50412201260506],[-0.8897390520688068,51.49878075742953],[-0.9106081880483035,51.47683088791483],[-0.9491678721993896,51.45951335874621],[-0.9551839423435894,51.46533381715619],[-0.9411368971934284,51.47497763439999],[-0.9618050817988162,51.493091899784865],[-0.9983989470413719,51.48430481308811],[-1.0072957768509454,51.46821112309364],[-1.0182045226563605,51.466584521559405],[-1.036557480467536,51.47522675381046],[-1.0437170985536748,51.48938186396842],[-1.1027765250692605,51.49017091524251],[-1.1148775831842532,51.51050873516779],[-1.1420531954278774,51.5161954245743],[-1.1344462757239377,51.53372211378877],[-1.1403747194263474,51.54291129246648],[-1.2046502471016252,51.52839453755291],[-1.2046441981460236,51.53760385647981],[-1.2567720491435352,51.53703346929258],[-1.3287208050442467,51.56371243333279],[-1.342604200499292,51.54363977034473],[-1.3673210032863654,51.55246669309323],[-1.3865608367009457,51.53995881168486],[-1.4048577217652527,51.54723525990632],[-1.422768638978981,51.5357648969331],[-1.4265912375621719,51.54559885109376],[-1.4478318337938967,51.53642657697015],[-1.464422575771965,51.538516680008044],[-1.4629876893055618,51.53019102489981],[-1.4707444078888432,51.52860685263951],[-1.5129388732832703,51.55075981787777],[-1.5309586165472366,51.54606945932304],[-1.556370433116768,51.55300564728085],[-1.5811868727047218,51.536995001639816],[-1.5847080068168276,51.52491211204892],[-1.6028123279239548,51.51829502695441],[-1.647691326621312,51.57195189836151],[-1.684050246838756,51.57290048589012],[-1.6906167569975117,51.60544995425529],[-1.6670096341181209,51.61626446587061],[-1.6737362067273711,51.622849850511],[-1.6599542884958505,51.634990835670386],[-1.691938077402118,51.65216458563678],[-1.6906231629836646,51.663783581594615],[-1.7001891103128217,51.670741670401945],[-1.6830586294212178,51.69011034834442],[-1.6684586417626006,51.680437587079005],[-1.6482537607777838,51.68408706681503],[-1.6861662599599379,51.71017591924931],[-1.6958183897011165,51.72377290903543],[-1.6855077739424782,51.73063415559066],[-1.7007046783718405,51.770584222916874],[-1.7194886794388444,51.783211825122294],[-1.6837529053849418,51.80133752131962],[-1.6768596166086358,51.817024671374824],[-1.6864615760738597,51.83445582503226],[-1.6763849874065366,51.85030968001261],[-1.686351186050475,51.8662923292018],[-1.6671118464778512,51.877000056702606],[-1.6586519233704937,51.896551221270926],[-1.6332526759502939,51.89958304908942],[-1.6455298970227117,51.92229429207031],[-1.615188981743593,51.93768160128097],[-1.6324907044169923,51.955651432929464],[-1.662529100260324,51.964004949348976],[-1.6657543076217822,51.987488800416706],[-1.6123425366054296,51.9554034290577],[-1.5916338561889085,51.970449994931094],[-1.600301600531195,51.97694154109078],[-1.5805730772871378,51.97299603588961],[-1.549671238626227,51.98085964827374],[-1.5572235849708242,51.99165768085223],[-1.5279290119619628,51.99175430131988],[-1.4878044185308288,52.093957411357565],[-1.4773016490049005,52.101350985431765],[-1.4471878530967102,52.097625034761],[-1.4487404948546743,52.11606708570195],[-1.419629688635103,52.11764176027327],[-1.3853998315409437,52.094145565975744],[-1.3577697046427117,52.10131044281531],[-1.3708421178199517,52.11753415010261],[-1.3933025615551147,52.118962887117206],[-1.3661470841299732,52.136075214969615],[-1.348708013830522,52.135132203210944],[-1.3318971206615529,52.16848501386061],[-1.2480187130073745,52.09685378303303],[-1.3208243445235668,52.087628381879426],[-1.3160852101458878,52.0795199214394],[-1.299360691221595,52.08010147820476],[-1.3128647002677865,52.0511655566633],[-1.2949526685861477,52.0398113211891]]]}},{"type":"Feature","properties":{"county":"Staffordshire"},"geometry":{"type":"Polygon","coordinates":[[[-1.954569772457734,52.662641165770644],[-1.963972905979092,52.641815050818764],[-2.010017743675966,52.63461662838658],[-2.0355091799583933,52.621799452611896],[-2.030123151306095,52.616954544197995],[-2.064000267772785,52.620746262010286],[-2.067325313684367,52.61207641178677],[-2.0810017871351127,52.61190502017453],[-2.0992484078549034,52.63276177919387],[-2.131644102393017,52.637623126922996],[-2.1684625327563802,52.619893357682614],[-2.1691572570103963,52.60933832390838],[-2.1951987136105062,52.60706595086527],[-2.1893094025310855,52.58860859330504],[-2.2068769526147096,52.586583375692626],[-2.201803247333011,52.57877994262246],[-2.1829634385794,52.57692994231593],[-2.1730488656682705,52.55464091758475],[-2.1334867840564335,52.55406670344239],[-2.135563795033158,52.53450861282065],[-2.151989160228873,52.5261989123717],[-2.1445829302260435,52.52138425498668],[-2.14878128171527,52.514694972391155],[-2.191748771190019,52.5033971099111],[-2.1675125615097683,52.47121551272007],[-2.1749234413410092,52.45857835434906],[-2.1638107284295756,52.423258080962626],[-2.1928759571808154,52.423292340931184],[-2.2178771897774046,52.43536836448379],[-2.261502655455949,52.436941125758494],[-2.2949641602232953,52.44894765424651],[-2.2883852353210967,52.46104833785349],[-2.3127492153007734,52.48920882902863],[-2.291390024156633,52.51167995906887],[-2.2609431997179112,52.52410239030184],[-2.2692153110784528,52.53068877422958],[-2.2564050150191095,52.541796479529665],[-2.2824765759537806,52.55339608752204],[-2.2608359782327567,52.56315766263227],[-2.262802491137368,52.57031015887897],[-2.2786552553470063,52.583418797312845],[-2.3254750699592432,52.60009927905538],[-2.3209714381010738,52.61460776059646],[-2.309601285007055,52.607401245944885],[-2.255803926139492,52.60998333755115],[-2.2368871919584428,52.63606706747725],[-2.2347934453984175,52.65587287180843],[-2.2476874177593706,52.6566601086091],[-2.2387153789374152,52.663701321681586],[-2.2477294217618953,52.683074374427704],[-2.3030404963307194,52.682952764752926],[-2.30799525672837,52.69333203085382],[-2.3199078193736065,52.695397725920294],[-2.324833635420757,52.70533585619541],[-2.308603497694667,52.72074615627504],[-2.3146789235451,52.72455526415412],[-2.312207563475365,52.740867246273226],[-2.3856229574106442,52.79071114511773],[-2.371414289860468,52.795284568033296],[-2.3776544700440048,52.81164284177494],[-2.416346649563551,52.82700595667901],[-2.3937562897757605,52.83662003664405],[-2.3753789783310575,52.891472961385396],[-2.4404115892440323,52.88122726033669],[-2.446141575439872,52.87400803591953],[-2.4575937873984173,52.87910460481986],[-2.470841225132294,52.90586911663381],[-2.4608544687338187,52.90938358419671],[-2.4567745057067736,52.92435946186229],[-2.437123130041653,52.943599024517994],[-2.405602465319984,52.94729411141857],[-2.4134523064828914,52.96141018927198],[-2.3991533581110507,52.9606312077015],[-2.393766572114906,52.950579190031576],[-2.377131432929462,52.964967015126234],[-2.3828320211749454,52.97065796205998],[-2.3702691859430627,52.982162119268736],[-2.3830446373841165,53.007786778424546],[-2.370467856201392,53.01457588863613],[-2.3842274510772734,53.02616761842094],[-2.3851236495792953,53.04809102250234],[-2.348594495278399,53.05582571669564],[-2.316728037777113,53.0811150529784],[-2.2944608801964894,53.07829581243556],[-2.253248486578233,53.093977017808704],[-2.2465801934117184,53.090185968886644],[-2.155644912343687,53.15961893664211],[-2.1414107855106117,53.156652415551946],[-2.1407313500540956,53.18357868788071],[-2.1153640201865183,53.169516942740536],[-2.078049906232374,53.170442687568695],[-2.058242439545327,53.176321280163926],[-2.046417878059049,53.19268182488672],[-2.001665755949103,53.19305523215972],[-1.9874077496786242,53.21358587478065],[-1.9623646400577057,53.22624170059508],[-1.956707226851868,53.21374759407561],[-1.8739736768709903,53.19536079630252],[-1.8160733366340185,53.15863635427399],[-1.8120251342619114,53.15274408047318],[-1.822157766079733,53.13806270999884],[-1.7837259272621664,53.102828000984424],[-1.782971371651563,53.093334231522896],[-1.7942389780090473,53.088394074021856],[-1.791355640640773,53.07819996787887],[-1.7856431202913046,53.06311155818583],[-1.7756527881159951,53.05935462647325],[-1.784145141473963,53.05470765280811],[-1.7787340673944774,53.04301369564833],[-1.7590375150466846,53.03755237992904],[-1.7637308207452669,53.021428070649044],[-1.7577186186975462,53.01714435443681],[-1.7662402262786348,53.00699552302315],[-1.762569577777868,52.99966927836801],[-1.826112200371247,52.97748746449299],[-1.8255452708283597,52.96182202011072],[-1.8344772829931368,52.954918428702236],[-1.8287554159390067,52.94776569560663],[-1.8565756306993961,52.92339100218317],[-1.823622365050949,52.88288022174422],[-1.7772206047196155,52.88381472638288],[-1.7253220218185026,52.85966320981221],[-1.7034609562177658,52.86639430843048],[-1.7006087157164953,52.86058355943969],[-1.6265665557644287,52.85436471226754],[-1.5912866362501379,52.836261400898685],[-1.5886228592813074,52.82894549865417],[-1.602866937720704,52.82630075638852],[-1.6103397978979725,52.815617173886544],[-1.5918268280527743,52.80949056769395],[-1.5889464024494688,52.799822211578075],[-1.6117245029044405,52.78986204791998],[-1.6124624391712636,52.7812182508303],[-1.6656037917158892,52.785162709624096],[-1.6967639105552839,52.75286124319127],[-1.69223519932875,52.74412250765524],[-1.7041580439035162,52.73207879441728],[-1.6566077464482871,52.7217484459962],[-1.6550415133210634,52.69879854638501],[-1.59754100041713,52.70042180095936],[-1.5862852539567924,52.69449841605269],[-1.604265106368943,52.67372152681361],[-1.6449429314668687,52.65751680485376],[-1.6342475863015233,52.64304320307054],[-1.6424224779979513,52.64094025204331],[-1.6430863892103098,52.62320369647885],[-1.6360151140633465,52.61961692146474],[-1.6437069911287596,52.60364487283165],[-1.6656396078855038,52.5922522582333],[-1.704786204989466,52.58750651411031],[-1.742408051190219,52.594325391804816],[-1.7880812415904996,52.587862645577864],[-1.7965281232723804,52.59912295761849],[-1.8278614607788943,52.60868920482311],[-1.8539541783917977,52.60192502377386],[-1.872564469611435,52.584944671524696],[-1.8903886902398435,52.598289884894264],[-1.885142586726297,52.612671401189495],[-1.9159852724220272,52.63528577288385],[-1.9050837714683524,52.64320757091168],[-1.9180145776020876,52.649894777319105],[-1.9086597760120225,52.65399997062158],[-1.9128421554108797,52.65823370543218],[-1.9454019207615347,52.65629861196933],[-1.954569772457734,52.662641165770644]]]}},{"type":"Feature","properties":{"county":"Suffolk"},"geometry":{"type":"MultiPolygon","coordinates":[[[[1.1635427276071477,51.97052515175664],[1.1303136594721408,51.95354069265942],[1.0861321139231799,51.95893312380654],[1.0660508654668,51.9489954524577],[1.0588136095045555,51.95593105850715],[1.0636387986784213,51.94845659098678],[1.0483313113462582,51.95932036957719],[1.0115615196551009,51.955069783162024],[1.0012640064838922,51.963404862136755],[0.9714850460695751,51.96227543389695],[0.9619056419809061,51.97693032106398],[0.9432938360945099,51.97073197218976],[0.8896879671197677,51.973386877960614],[0.8502401744183437,51.96076664528029],[0.8216424095765176,51.96871885248147],[0.8125201162943302,51.96103634848093],[0.7871614445248131,51.96313422135923],[0.7722610199710668,51.970424495080195],[0.7746333201664054,51.98259159514782],[0.7596677896561128,51.98542907705435],[0.7611492329795528,51.997483300714],[0.7385269491016323,52.010698685735285],[0.7391764392380926,52.03227779624001],[0.7143965726328726,52.02731873256776],[0.7065288529185446,52.029525102051686],[0.7125078248930925,52.03486903924041],[0.6986931742620396,52.03675479898224],[0.6994000905377958,52.048438063709874],[0.7162634029000146,52.04868717439896],[0.7031776143186885,52.065273211335615],[0.7121183071471601,52.072242505274005],[0.683116621438092,52.087040203985204],[0.6345735525531925,52.08628294488824],[0.6193481283614454,52.07656984841856],[0.6054888965156723,52.08022790932133],[0.5513717164255061,52.068753262259136],[0.542730139117932,52.05792012154638],[0.5004881239947503,52.053846471435186],[0.46666683261496117,52.07845586335444],[0.4536226363292879,52.06814731738755],[0.4046382563945852,52.06550235540341],[0.39950790628905775,52.084158862225614],[0.39084997794673115,52.088483189856646],[0.39499683075564945,52.09596813500101],[0.38180379338301484,52.102701263166296],[0.38958983556766535,52.11747059607831],[0.4182829543278268,52.134355615025605],[0.4172764599120889,52.1593066950549],[0.4359158288529134,52.15949508879105],[0.4525549721979069,52.173220032284334],[0.47073031963822154,52.16325887318353],[0.4913328416210873,52.165102076396785],[0.48746497872763145,52.16979697886015],[0.5144840823925747,52.22677944086241],[0.4949314394489384,52.23925800215279],[0.48033720623077397,52.232681915069705],[0.4269647626403235,52.25360276258353],[0.41451776092750847,52.2478611244161],[0.4213350927088345,52.23969134403832],[0.371248865441632,52.22655618020615],[0.34268407441894966,52.24234331608591],[0.36030749021946706,52.250232621389664],[0.3400024732864423,52.26768788150617],[0.3552254549809055,52.27932154863688],[0.35065028209332993,52.282960160855225],[0.3607364352032613,52.297813738106214],[0.38272307686364404,52.29326627878932],[0.3853627415626018,52.28299774759187],[0.4242063371924722,52.255871571334914],[0.4988028987167878,52.273021348682896],[0.4958457146430024,52.280372355918466],[0.5047005266843895,52.286366302654116],[0.45750008791572866,52.316295681593125],[0.43078190062227156,52.3171289939923],[0.4242215776399105,52.329216405120576],[0.43632407369770676,52.333533707346156],[0.4425012015137646,52.3488315586357],[0.40769157650534704,52.361512063552375],[0.37477742873738584,52.40972882382432],[0.42531338712696903,52.43032727795176],[0.4455386567979726,52.44737177785605],[0.5238357891346221,52.44820013663423],[0.5548211979075833,52.4560280550269],[0.6150187667159251,52.44907654332944],[0.6422204506583771,52.451047145473375],[0.6661561051559726,52.46250583535673],[0.7187933750433316,52.44964722340982],[0.668463443006466,52.40917572634067],[0.6843551130839581,52.39920111280914],[0.735259777545793,52.39534068242101],[0.7498442634012791,52.382926509266824],[0.7659660791953558,52.390357494750454],[0.8081722801571802,52.38952450290038],[0.8383157575069797,52.40072437598456],[0.8668730285416282,52.39034586840399],[0.9367543351447379,52.38667347112493],[0.9674710736333823,52.37011279232957],[1.0684918164525314,52.378461042008105],[1.2140789575591233,52.35541164469846],[1.2593314815740742,52.37088657308772],[1.2812726779386765,52.388562055656635],[1.3163720436450985,52.38740725124623],[1.361255553016421,52.41319756655216],[1.3579400158018387,52.424244983557],[1.3980084483594726,52.44107083612241],[1.4322204647712449,52.44517909666255],[1.4332684462546488,52.45595978507089],[1.4110178543708571,52.46159681046745],[1.4261778005797494,52.47066431618486],[1.4410993737064435,52.456711498309744],[1.4832205826030505,52.47183915771934],[1.5080891688062756,52.46174847327606],[1.5294625075172876,52.4683895022989],[1.5578230867895668,52.45769646226469],[1.5689023593072822,52.47472202931167],[1.5870317342755036,52.47827223159314],[1.627758607752443,52.46217080419993],[1.6347887702554391,52.4627625418279],[1.6465699843539556,52.47177940226737],[1.6592263176305502,52.46835249453452],[1.681493762510303,52.48936026760341],[1.6812436862118907,52.474340299150164],[1.6911009824099104,52.47010030612132],[1.7218058225626913,52.47681448242547],[1.7537055903292356,52.471433708742865],[1.7334221415379774,52.44482907805956],[1.7285255195913332,52.400176383458046],[1.6755267831638403,52.31341875451458],[1.6596412501377238,52.32488719912121],[1.6261108609812602,52.3345148960859],[1.6311317744504057,52.33146481887548],[1.6101415383924247,52.32058805108854],[1.6019078220962881,52.32982615079286],[1.596218649858257,52.32687571976773],[1.6080315112277828,52.3155120720429],[1.6172343348435796,52.31645463411065],[1.6371687698690869,52.32748375716699],[1.6382234805756468,52.32979283117249],[1.672901717055206,52.31392147142342],[1.6341110852604874,52.2786690108402],[1.6222881709117842,52.186225882250405],[1.5796911958197017,52.08605307186999],[1.4644817741825213,52.042871533440525],[1.4889265233152782,52.05956989159097],[1.5375555492313142,52.07486224825213],[1.5618473747727846,52.08616693067254],[1.5421215306468077,52.079190047176546],[1.5395057674535628,52.08804233124904],[1.5548370227617903,52.08985172220739],[1.5688016626659593,52.098117612414846],[1.568747287231108,52.10980923125355],[1.586875002360376,52.1197639032547],[1.599148759792698,52.14361151170682],[1.57544744533469,52.14418848620083],[1.571268032671735,52.14815614015681],[1.5799211066047367,52.1548555618521],[1.5555794552583673,52.15870127566603],[1.5517260809816256,52.16657637185669],[1.5112681220860178,52.15511348495463],[1.5091497624857264,52.1642169910189],[1.4947484432538662,52.16522310474205],[1.510785318936999,52.15105837818353],[1.5675556747632724,52.15610404392863],[1.5734160694259094,52.142739874242906],[1.5947661037811272,52.14157162206032],[1.5817356948562873,52.11968912534824],[1.566271824481092,52.11186672442629],[1.5655208295587428,52.10015992181367],[1.5374820200581676,52.09034826692457],[1.5379020206799339,52.081028635236386],[1.5249872128025488,52.082005987407825],[1.5108292723579042,52.0696535145498],[1.4906420928074553,52.07344944888591],[1.498276427594974,52.085629401320766],[1.493543768924704,52.1013470170953],[1.4860076769670707,52.09940700676526],[1.4857096867881332,52.11164423306439],[1.482574855161883,52.10348242626404],[1.496550581521136,52.086767211661964],[1.4893998711319967,52.07353658029416],[1.5013180308087575,52.070685031408516],[1.4510162388477512,52.04407651769817],[1.462224534216096,52.04533687211562],[1.4312552092692563,52.004921782566356],[1.397286885268836,51.98799135111933],[1.3955892776964534,51.99852997545187],[1.3885337882026167,51.999362933521546],[1.3951800123182598,51.999321623421224],[1.3648908509789688,52.008805405041535],[1.3630192447259217,52.022475664005846],[1.3442986895815447,52.03204109506033],[1.352661927638003,52.038175894655005],[1.3410386526585651,52.0531357168456],[1.3437034282126783,52.06413588287182],[1.3189877682460478,52.08074154718935],[1.331650950550137,52.0984304786433],[1.3442236150134137,52.102014066495485],[1.3372370088790255,52.103766182149855],[1.3257549693888657,52.09558304451382],[1.3137565408180618,52.07768142416074],[1.2951182315268364,52.07728058189375],[1.3174239290674654,52.076095012416445],[1.3473895621049778,52.04227265321176],[1.3380336163677613,52.04486866278901],[1.337269110808545,52.03332344959842],[1.3445867809966328,52.037981483474915],[1.3373305467677052,52.02461867653129],[1.3563760304212114,52.02215522472899],[1.3542648258239443,52.013703905183384],[1.3640039128671329,52.00448460029262],[1.3914655969663023,51.98932495095872],[1.3888987252010632,51.97945613484089],[1.3440967314273875,51.956166687908855],[1.3201233627150735,51.93342142667017],[1.3158964844333547,51.95119428211026],[1.2827311854152765,51.96612006450556],[1.2803156176688308,51.993115203346626],[1.1883316679858986,52.01499889636166],[1.159557676165281,52.033198256615265],[1.1630590993322063,52.04604871590541],[1.1576512366776128,52.05104261684565],[1.1539969115951159,52.05212138660404],[1.1598259080886044,52.0457341840008],[1.150034900933854,52.03400492676473],[1.1668813627115968,52.01826101027382],[1.2115323931730368,51.99662140633812],[1.2673031617324986,51.987868182462506],[1.2790881300086008,51.96038825924927],[1.2693862118661743,51.95449347800262],[1.2429769523098504,51.96141363692929],[1.2197219661473717,51.95287204474118],[1.1873352879560364,51.95575783754796],[1.1635427276071477,51.97052515175664]]],[[[1.7260039439627743,52.53064224299112],[1.740460491145782,52.53210486824613],[1.7603104247016421,52.48998648698469],[1.7611375175277146,52.47625257371047],[1.7581065277375525,52.472529702804536],[1.7605505343530758,52.4762100983989],[1.7542634672508772,52.47277152842617],[1.7216577203974526,52.477625099517724],[1.6888242818028956,52.47418851047482],[1.6821383095954356,52.47709725092257],[1.683585253366444,52.495235333202324],[1.6718631718763386,52.50413878740378],[1.6541521154563905,52.50169135744607],[1.645336747256616,52.508865174159624],[1.6507432149126444,52.51360321715134],[1.6288927920198246,52.52609310516074],[1.6365363100607047,52.527939619314296],[1.6312630511893158,52.53230488277589],[1.6367390398357118,52.537436176362796],[1.6656772660532022,52.5496548264839],[1.7025764116677815,52.54442516713284],[1.7260039439627743,52.53064224299112]]],[[[1.6278351646928,52.32347986463089],[1.6344026120995847,52.3321053496423],[1.6387003606065866,52.33053560952993],[1.6278351646928,52.32347986463089]]],[[[1.633594513141851,52.46294185314145],[1.6335481038337971,52.46289602136673],[1.6333786867859568,52.462920906734674],[1.633594513141851,52.46294185314145]]],[[[1.4834410070669801,52.058932784702066],[1.4738161196564676,52.05492838785673],[1.47960426194035,52.05888790288343],[1.4834410070669801,52.058932784702066]]],[[[1.4637350025924565,52.047946797681426],[1.4606021490853418,52.04531440327378],[1.4628833628988613,52.048233591452615],[1.4637350025924565,52.047946797681426]]],[[[1.5362800305143416,52.076139161917666],[1.5121222683421287,52.067282712951155],[1.5000598392022513,52.06548205913646],[1.5138178456118685,52.06908945805517],[1.5252169728272866,52.08023611767601],[1.5362800305143416,52.076139161917666]]]]}},{"type":"Feature","properties":{"county":"Surrey"},"geometry":{"type":"Polygon","coordinates":[[[-0.3083029485943408,51.38008232419942],[-0.32792319011662685,51.35218448633011],[-0.3306554951360075,51.32900962024038],[-0.32394685230938935,51.32671604704309],[-0.30619199441766864,51.335084435120734],[-0.2857023797131208,51.364050715694155],[-0.26110113404353735,51.37959910279557],[-0.2450302755794786,51.380033983845784],[-0.2454047958516364,51.36684545800809],[-0.22694212651606963,51.36262443898692],[-0.21726438433740913,51.34338708030331],[-0.2298226364141233,51.33652284256034],[-0.21409518148809256,51.3303504859573],[-0.19731931772711125,51.343595116372825],[-0.1630767551464887,51.33026420092724],[-0.1577349779539506,51.30442749172975],[-0.13731348381635153,51.300780924711866],[-0.12429290987399225,51.28675868238739],[-0.09432414020820383,51.299353953414844],[-0.08355587143626333,51.3166813510416],[-0.04786877934778141,51.32524503290994],[-0.05026127795656516,51.33263934561395],[-0.0379666151344684,51.33864368818092],[0.002294764648829674,51.32913883259118],[0.01500937553831712,51.29178603593836],[0.03290941956729654,51.30752088359226],[0.0481710530801644,51.28565264370282],[0.05760769215868487,51.24491436016023],[0.033598897708674594,51.214337985385434],[0.05260034925807601,51.180624007888056],[0.046175910975833505,51.171831368517324],[0.054805358904334994,51.14952859574198],[0.05001653674735302,51.142650004944784],[-0.006588869341632737,51.13756878897567],[-0.13102499243479282,51.13948314524084],[-0.13757172715804072,51.14215963847192],[-0.13295960744605628,51.158883712747375],[-0.17670621117470908,51.16684996793672],[-0.2121421008163509,51.155454881262614],[-0.2142344246566041,51.14846393582043],[-0.25516768507603166,51.144140584464765],[-0.2752907675135494,51.1303085112264],[-0.3915248330760761,51.1165107581607],[-0.4384362976487252,51.09790816427765],[-0.4414443959601427,51.103297226173815],[-0.48851959481388185,51.09734054382513],[-0.5053771592652392,51.088262034853585],[-0.5349793274899798,51.09357889484387],[-0.5355231099639409,51.08317558988801],[-0.577592573997403,51.08665376366286],[-0.6006433864700577,51.079668567451115],[-0.6293706990745774,51.088992735235664],[-0.6967522842428816,51.07149171268206],[-0.7534806400853152,51.08645570539976],[-0.7594437970680512,51.103572772858065],[-0.7688866669807242,51.103249953562596],[-0.75922423824464,51.10483840485249],[-0.7492727083796946,51.10324586546659],[-0.7455255536692217,51.112188478812406],[-0.7692805852059902,51.117142386784195],[-0.8047296240470688,51.1553639059521],[-0.8342038801018475,51.147581657611816],[-0.8271809851627051,51.18465710241044],[-0.8489122156304972,51.21071576340511],[-0.826608545597441,51.23438003703612],[-0.8047495941643523,51.245064758605075],[-0.8017400726665537,51.23903876725838],[-0.7758566747557495,51.2419100905104],[-0.7455404035518569,51.23045635441959],[-0.7357860755724108,51.237680158435815],[-0.7310938923026027,51.28036208751924],[-0.7456533878446974,51.310032931907394],[-0.7754662421455992,51.33195887573552],[-0.7352583706284006,51.36504024942225],[-0.6553004705092493,51.38724577663804],[-0.6163442327124692,51.383539548811996],[-0.623494694957599,51.38954339925685],[-0.6145206215556659,51.39739404469795],[-0.6051246065369184,51.43131212034792],[-0.5716752263931795,51.451007631841264],[-0.5227650308735368,51.435300400073885],[-0.5406131366307944,51.45785212723794],[-0.5299602526351372,51.47016815775168],[-0.45864043381810343,51.45631546522895],[-0.4564751128931786,51.43822454308343],[-0.4462885835684723,51.43999642195868],[-0.43998331384547706,51.43062649310354],[-0.41858372622176454,51.43210997481051],[-0.3866416242390735,51.42008083594161],[-0.3896497898179524,51.41069334687409],[-0.3606899084972801,51.412050798290345],[-0.325967870211948,51.39144471521747],[-0.3176978213368648,51.393667097403195],[-0.3083029485943408,51.38008232419942]]]}},{"type":"Feature","properties":{"county":"Warwickshire"},"geometry":{"type":"Polygon","coordinates":[[[-1.560756721374328,52.5961562247104],[-1.5271552259883585,52.58273787481839],[-1.52286781788107,52.57060058972099],[-1.3059474816169383,52.49339532336414],[-1.2367535613143545,52.43603951485497],[-1.1721263854825266,52.36130089674886],[-1.2580161412533637,52.33725947295002],[-1.2652666287344263,52.32837719845604],[-1.2092616269871401,52.31471159340803],[-1.2337829404576623,52.29032813826007],[-1.2235675196398683,52.286838768991],[-1.217897412385422,52.26180368268453],[-1.2668911237602625,52.235242406125806],[-1.2846441203084125,52.238577255878255],[-1.2725936876352286,52.2275106392931],[-1.275276057036842,52.22201409309486],[-1.2609167894178315,52.21599292529922],[-1.2547799392002454,52.19888894917839],[-1.3131345322730965,52.190467617705394],[-1.331482129077017,52.17413700820392],[-1.348708013830522,52.135132203210944],[-1.3661470841299732,52.136075214969615],[-1.3933025615551147,52.118962887117206],[-1.3708421178199517,52.11753415010261],[-1.3577697046427117,52.10131044281531],[-1.3853998315409437,52.094145565975744],[-1.419629688635103,52.11764176027327],[-1.4534689387239963,52.11299087599732],[-1.4471878530967102,52.097625034761],[-1.4773016490049005,52.101350985431765],[-1.501855228348814,52.071626672722516],[-1.4973532619587293,52.05895455968905],[-1.5228257272072352,51.99684333328363],[-1.5572235849708242,51.99165768085223],[-1.549671238626227,51.98085964827374],[-1.5635391274133952,51.97704033110807],[-1.600301600531195,51.97694154109078],[-1.5916338561889085,51.970449994931094],[-1.6123425366054296,51.9554034290577],[-1.6698881145015452,51.99309016817788],[-1.6201452582531863,52.02771192250233],[-1.6244177886689801,52.038981360316164],[-1.6610652862271513,52.031613890872265],[-1.6939807024446178,52.03952791584776],[-1.6901797905528604,52.054735958776654],[-1.7051410332633044,52.05970665445398],[-1.701731383257636,52.07280931138408],[-1.712952922837178,52.06658492083775],[-1.7306714481982548,52.07339927883843],[-1.7285605354991624,52.10012029118533],[-1.7378928773966116,52.091748506164976],[-1.7509404128934452,52.095431361857806],[-1.7676486964545253,52.112592585180025],[-1.7578339543673664,52.11612961139596],[-1.7957741806717815,52.12444187384439],[-1.785548089127668,52.132058620666655],[-1.8084338531978006,52.13987556319967],[-1.8232172808939855,52.13638229684405],[-1.8233477901400266,52.14592508708653],[-1.8396720953699133,52.152713652750094],[-1.8519038364188811,52.14796992128846],[-1.8458102759472241,52.1426541372392],[-1.8541880362040675,52.13852094952926],[-1.8669622619620099,52.14463962879609],[-1.8669272852125314,52.153008009964296],[-1.8907157449605172,52.15576084296534],[-1.8942297682455271,52.14825149786512],[-1.8851181954563159,52.146853124572594],[-1.9032377930718147,52.13344806506144],[-1.9051000194936274,52.142736829986646],[-1.921887020813878,52.15300632357195],[-1.944302380264224,52.15533312398444],[-1.935482793472354,52.16955708361337],[-1.9616689051330993,52.17252910718678],[-1.9445754090733076,52.174766336090244],[-1.9356339172850512,52.204121234147934],[-1.9174233401019252,52.21834559833937],[-1.9346108623147067,52.25201782242113],[-1.9354536128703026,52.27696654137165],[-1.914542731170695,52.27538741089091],[-1.8864793294875324,52.28663253585473],[-1.8752069784037027,52.30548217384073],[-1.8809342149821218,52.310933496303285],[-1.8703859563623406,52.312609016136],[-1.8648305380726105,52.333093185106755],[-1.8889734511756329,52.36109313761562],[-1.8720338624344373,52.36759850238948],[-1.8079100344997345,52.36662344413284],[-1.7757524306500374,52.347963644483826],[-1.7718597626823878,52.355876566308275],[-1.7792244049560006,52.364539953122815],[-1.7487739454855413,52.354770848381484],[-1.7340311255629939,52.370717819883275],[-1.720258265808725,52.372574045501835],[-1.71854639034386,52.35573770239281],[-1.6938849596813663,52.35101334991598],[-1.684046544272019,52.363253737894674],[-1.6608880916793927,52.36567009578792],[-1.6513102586313528,52.356421067491915],[-1.6234006990134389,52.36555143558188],[-1.6010673268718723,52.38929945930054],[-1.5677985097075855,52.38477776387472],[-1.554993116330044,52.374423957986245],[-1.555555407338815,52.36504030133339],[-1.5246513309646919,52.37940090908895],[-1.5139124807758697,52.3690618290376],[-1.5044989520755512,52.377807172185726],[-1.4640135618038927,52.37326720222708],[-1.4322477672271365,52.39587743327863],[-1.438054692884718,52.410120707203674],[-1.4241456732786955,52.43400023509531],[-1.463921224278464,52.45831767083922],[-1.4928064840825472,52.458441702348566],[-1.500025589380712,52.451038297890186],[-1.539790766596256,52.46479866868861],[-1.561191692229283,52.45522257493395],[-1.589863062847743,52.46191211163452],[-1.5985464454813696,52.454331698236196],[-1.6244522097086773,52.463538657446115],[-1.6413966952689047,52.44334360852295],[-1.6771541663104257,52.43635660920603],[-1.7535232040259174,52.51296690956616],[-1.7538101926572538,52.52121319842413],[-1.7288504631608657,52.5244674321035],[-1.7490860479054942,52.53142235899871],[-1.746427820466073,52.54171303652959],[-1.7559983089945692,52.555382512047366],[-1.774229992218859,52.564627736533005],[-1.7635461732877362,52.57097911399502],[-1.7880812415904996,52.587862645577864],[-1.742408051190219,52.594325391804816],[-1.704786204989466,52.58750651411031],[-1.651577501932287,52.59841827736761],[-1.6360151140633465,52.61961692146474],[-1.6430863892103098,52.62320369647885],[-1.6424224779979513,52.64094025204331],[-1.6342475863015233,52.64304320307054],[-1.6449429314668687,52.65751680485376],[-1.5896452403091217,52.68726076881408],[-1.551771392176974,52.66745510007908],[-1.5424219832159896,52.653626438068464],[-1.556046754984917,52.63827619825788],[-1.5710001458083538,52.63611989652916],[-1.5675832061047457,52.62264180132877],[-1.5544599852158658,52.61473604308903],[-1.560756721374328,52.5961562247104]]]}},{"type":"Feature","properties":{"county":"West Sussex"},"geometry":{"type":"MultiPolygon","coordinates":[[[[-0.27530637861903173,50.831251690765086],[-0.2926564197006912,50.85847159614324],[-0.30137506644033946,50.86107028450087],[-0.30062248014224424,50.86437037618489],[-0.29849444451741897,50.86551495552466],[-0.2981161772564802,50.867981715286525],[-0.3044896350405292,50.877425596384306],[-0.3022221113861992,50.860840569588355],[-0.29318568494290503,50.85856926175492],[-0.28933288518782024,50.83912498610015],[-0.280241046301506,50.83133169037551],[-0.28424690340917735,50.82932483872706],[-0.2516460803712059,50.83031333797245],[-0.24808363423911264,50.824730983466125],[-0.29054751268391127,50.82532525320777],[-0.3883917018121106,50.80668869873246],[-0.5419174290233162,50.801424450981166],[-0.5446427624872304,50.80774219121948],[-0.5516129485359069,50.81128693489102],[-0.5594185862718858,50.81232836990397],[-0.5624443552176968,50.81931967225011],[-0.5711388023258995,50.81647660066624],[-0.5757027977118859,50.82673796647368],[-0.5665186154316921,50.82915622827739],[-0.5705064092918994,50.83495917927011],[-0.5666363669573877,50.8367777339989],[-0.5603296284677068,50.851897884924476],[-0.5711754692847201,50.83496707260191],[-0.5671241286198062,50.82941458469781],[-0.5762617434280377,50.82694175919016],[-0.5739308524709246,50.818256317146485],[-0.5712036286572493,50.81570222724384],[-0.5628680267327841,50.81865804465475],[-0.5607541868306033,50.812470706162514],[-0.5420097022798342,50.80024027098702],[-0.7164941969372866,50.774480053852805],[-0.7513289672633341,50.75807945215279],[-0.755394923383529,50.7719469652121],[-0.7816343807761382,50.76847136403893],[-0.7856069850394625,50.76016448103035],[-0.772799077438132,50.76164098470561],[-0.7618038346214522,50.75085627514615],[-0.7500166414370375,50.757351586167054],[-0.7856921037727641,50.72293432592423],[-0.8428588369285346,50.75355967652726],[-0.916824393413405,50.78038183915605],[-0.9124853811390147,50.78888844262382],[-0.9156229708449233,50.78044263220736],[-0.9052749375477448,50.78203855773702],[-0.8777967043606919,50.80771270509637],[-0.8447269047660112,50.79929371375676],[-0.8251807832848134,50.80485303795659],[-0.807788761209583,50.830542258530784],[-0.8120125194827664,50.83392626254458],[-0.8197447412860962,50.816869477599205],[-0.8445741814063167,50.80485438159506],[-0.8699379999174639,50.81646634807835],[-0.851153618876607,50.82782813217872],[-0.8612448578850643,50.828065554213886],[-0.8580624149788889,50.83948879735762],[-0.870893517663555,50.840474272604645],[-0.87406729526179,50.83253710613394],[-0.8657614795429638,50.826958447968494],[-0.8768774257303605,50.811481843604945],[-0.8923123333144832,50.81851327922419],[-0.8950331142231646,50.83857718216187],[-0.9132060226254382,50.840078499607415],[-0.9123995921551634,50.82771202167918],[-0.9240010742821669,50.832247570136914],[-0.9380741982159295,50.831593967295134],[-0.9264502018362047,50.86409169298596],[-0.9575814597850234,50.890629711813396],[-0.9394002661216799,50.9188027580831],[-0.9240132640370374,50.92419904640394],[-0.9421101318188526,50.94289409190816],[-0.9318470603540343,50.94558042080837],[-0.9056218876121994,50.996817216947875],[-0.8933893605768779,51.00310489857363],[-0.898507525797457,51.01766747938782],[-0.8528106772847716,51.044843343449145],[-0.8501125527031136,51.05933635041697],[-0.8372908898937185,51.06920298121895],[-0.8263686001832019,51.06132507586252],[-0.7969348850504401,51.063889025259336],[-0.7807869090038076,51.0793751687612],[-0.7534806400853152,51.08645570539976],[-0.6967522842428816,51.07149171268206],[-0.6293706990745774,51.088992735235664],[-0.6006433864700577,51.079668567451115],[-0.577592573997403,51.08665376366286],[-0.5355231099639409,51.08317558988801],[-0.5349793274899798,51.09357889484387],[-0.5053771592652392,51.088262034853585],[-0.48851959481388185,51.09734054382513],[-0.4414443959601427,51.103297226173815],[-0.4384362976487252,51.09790816427765],[-0.3915248330760761,51.1165107581607],[-0.2752907675135494,51.1303085112264],[-0.25516768507603166,51.144140584464765],[-0.2142344246566041,51.14846393582043],[-0.2121421008163509,51.155454881262614],[-0.17670621117470908,51.16684996793672],[-0.13295960744605628,51.158883712747375],[-0.13757172715804072,51.14215963847192],[-0.13102499243479282,51.13948314524084],[0.02736124786897347,51.13985047971918],[0.028152613245064597,51.11771968801695],[0.044560907950765616,51.11064405627033],[0.018618529860130198,51.10357549265243],[0.00950509745357183,51.11039195202787],[0.005029796151020261,51.10525809201323],[0.010473136362978003,51.102182472772164],[-0.03619652019244625,51.093457163304464],[-0.026852090379420268,51.075112844175734],[-0.013256606818851862,51.07396708309498],[-0.008211048070889114,51.056331762350716],[0.01372550771313475,51.05701262979001],[-0.003001698017015198,51.04756435002537],[-0.007903791168019154,51.038988351078196],[-0.0015654518189373021,51.035754968214675],[-0.021913679383957767,51.02651246818274],[-0.01640976007329948,51.002513849868585],[-0.024604299683245803,50.98002518930213],[-0.06344408132285295,50.97906358022717],[-0.07052519216415858,50.99134539202036],[-0.1152149170486633,50.976077122314756],[-0.10468863108371633,50.945605465414715],[-0.11997580729916202,50.94169862684829],[-0.1371406972865402,50.884579347701],[-0.16642827583097364,50.88090683369671],[-0.16586490816071428,50.89233236469324],[-0.18242283686263003,50.88832478894563],[-0.18773440884295292,50.868570469224665],[-0.22671928559826945,50.87818060922095],[-0.24497091092937212,50.86380891044963],[-0.21661812313525353,50.827595207471326],[-0.24678909639141464,50.82555219843937],[-0.23733828521088945,50.829732131863835],[-0.2643453249488803,50.83192977470395],[-0.27530637861903173,50.831251690765086]]],[[[-0.939485194094797,50.83029831852535],[-0.9083041448764023,50.82267374689694],[-0.9110753862807045,50.803305423706455],[-0.942576190476312,50.815397203184425],[-0.939485194094797,50.83029831852535]]],[[[-0.9068913912622777,50.80100550603745],[-0.9080031042454492,50.79860399255278],[-0.9110259119220785,50.800118755495504],[-0.9068913912622777,50.80100550603745]]]]}},{"type":"Feature","properties":{"county":"Worcestershire"},"geometry":{"type":"Polygon","coordinates":[[[-2.3446082330272104,52.13259119512462],[-2.3587221620774406,52.15189629257563],[-2.379321194162944,52.1551115962699],[-2.4151950067166554,52.145240223618345],[-2.4351751873057923,52.168216644619875],[-2.4220107494154806,52.172412822846525],[-2.4254617325723355,52.177017115488944],[-2.415068269383489,52.183262209345074],[-2.4191464260071487,52.18797234965872],[-2.407863301401692,52.20272128582693],[-2.3928942644880515,52.21032764331698],[-2.4040412247356806,52.22124765305963],[-2.3859112816916412,52.22645082680847],[-2.4230652847919307,52.237260503492195],[-2.4648575242407738,52.234373954927754],[-2.474701705530806,52.24135904927753],[-2.468098943921831,52.25603803221415],[-2.4279957837924497,52.27060994838698],[-2.451402711313903,52.28508281996326],[-2.50311284171006,52.27744955053976],[-2.4956508570444407,52.2569415604049],[-2.5258195260688243,52.24809661579119],[-2.5742054743135543,52.25273140233293],[-2.628870707218899,52.240349144675605],[-2.6342331037400792,52.250754917412856],[-2.6282969202463726,52.261164573298494],[-2.5964493085911773,52.27659322221111],[-2.5989671655846727,52.28354176855742],[-2.639877140439877,52.286375517096374],[-2.6632057747618627,52.30393716375359],[-2.6100012910313692,52.30628128277016],[-2.57485257727436,52.317575992334554],[-2.562644346520166,52.31113657280378],[-2.5622190250248185,52.33310827592726],[-2.5391499411085565,52.34413906137302],[-2.512129484690444,52.33711025400995],[-2.513204818720388,52.32921389493578],[-2.481795875005702,52.33107777719031],[-2.4838898854953544,52.36049169063575],[-2.474180291662581,52.36061288467326],[-2.474770209837063,52.367145527439426],[-2.4149233651874273,52.36825470280673],[-2.410473861358227,52.38715329292177],[-2.3906732740544063,52.38152784586429],[-2.33553272444463,52.385347399406086],[-2.3729456451939104,52.40196408945094],[-2.3660212956061937,52.40781675944991],[-2.363527907165694,52.439425827441],[-2.311750081479615,52.43753121782037],[-2.2873823534161772,52.4553169186579],[-2.2949641602232953,52.44894765424651],[-2.2695047532449837,52.438615955914024],[-2.1638107284295756,52.423258080962626],[-2.1648512708741308,52.43020415751166],[-2.1360268506676814,52.42626818067752],[-2.105249305218211,52.444207858547],[-2.0932803804670748,52.44528251695682],[-2.0860500957402532,52.432924872567014],[-2.0680518278825892,52.43519507442618],[-2.060712951244193,52.427537659927694],[-2.059263532993367,52.43998260758203],[-2.037881008932874,52.44155755330428],[-2.036987777401858,52.427545740789476],[-2.0247663832101797,52.43488228768602],[-1.9860370487727694,52.41672617699859],[-2.032208284898273,52.40154798615209],[-1.9973214026467883,52.38106696065217],[-1.952898094390617,52.39339370109472],[-1.9343146781796232,52.38723638494714],[-1.9136750789733061,52.40746426015465],[-1.8455979721693732,52.399427259376886],[-1.8761249505036917,52.363581549341006],[-1.8889734511756329,52.36109313761562],[-1.8648305380726105,52.333093185106755],[-1.8703859563623406,52.312609016136],[-1.8809342149821218,52.310933496303285],[-1.8752069784037027,52.30548217384073],[-1.8864793294875324,52.28663253585473],[-1.914542731170695,52.27538741089091],[-1.9354536128703026,52.27696654137165],[-1.938687016681241,52.270497917179554],[-1.9174233401019252,52.21834559833937],[-1.9356339172850512,52.204121234147934],[-1.9445754090733076,52.174766336090244],[-1.9604073954917807,52.16867174301076],[-1.935482793472354,52.16955708361337],[-1.944302380264224,52.15533312398444],[-1.921887020813878,52.15300632357195],[-1.9051000194936274,52.142736829986646],[-1.9032377930718147,52.13344806506144],[-1.8851181954563159,52.146853124572594],[-1.8942297682455271,52.14825149786512],[-1.8907157449605172,52.15576084296534],[-1.8669272852125314,52.153008009964296],[-1.8669622619620099,52.14463962879609],[-1.8541880362040675,52.13852094952926],[-1.8458102759472241,52.1426541372392],[-1.8519038364188811,52.14796992128846],[-1.8396720953699133,52.152713652750094],[-1.8233477901400266,52.14592508708653],[-1.8232172808939855,52.13638229684405],[-1.8084338531978006,52.13987556319967],[-1.785548089127668,52.132058620666655],[-1.7957741806717815,52.12444187384439],[-1.7910043671344953,52.120193589952365],[-1.7578339543673664,52.11612961139596],[-1.7894173041260988,52.10637486617195],[-1.8127366374410783,52.078744024816615],[-1.818943373203171,52.08540415372113],[-1.8317533620987767,52.07276936778354],[-1.846619635480722,52.0794211190765],[-1.872005093199607,52.07191689038052],[-1.863449176870399,52.05341775992092],[-1.8345888637575904,52.0437329889158],[-1.8250228977088423,52.030933411782264],[-1.8390502896509922,52.00678313116523],[-1.9134460061684635,52.044461217228715],[-1.9317302208209939,52.02995924117203],[-1.9513876451779264,52.03772529422546],[-1.9841357695163102,52.035879303198094],[-2.038356208328509,52.004600601046896],[-2.049514184763222,52.00379623745743],[-2.0607836998384728,52.01468054955422],[-2.1180541476609864,52.014385071860936],[-2.141857739760823,51.9998151959055],[-2.1507819859150983,52.00662808660803],[-2.1395703007044546,52.02776219047523],[-2.1171559328341285,52.0336837476179],[-2.118383706905362,52.042108645519924],[-2.158133984946429,52.050205681159945],[-2.180679387800857,52.04172815799132],[-2.176906122172415,52.022559260497516],[-2.187683281281386,52.01908018557725],[-2.164723731543781,52.00419532019351],[-2.164297716560631,51.99645212211592],[-2.181106373173628,51.99948338136803],[-2.185084037143271,51.99056093389857],[-2.220613267006055,51.995496681666886],[-2.2513599232693773,51.96656497929467],[-2.3004329923307965,51.96677522243015],[-2.312619747036126,51.97650493938799],[-2.3265651933930607,51.97581069515507],[-2.324709679556408,52.00356726663927],[-2.352542630321909,52.01353529871057],[-2.35154807563865,52.05637495159595],[-2.339425287713433,52.0689238901142],[-2.338298110954077,52.09544889736948],[-2.349117907814559,52.09564570202803],[-2.355548046671479,52.12821708775381],[-2.3446082330272104,52.13259119512462]]]}},{"type":"Feature","properties":{"county":"Shropshire"},"geometry":{"type":"Polygon","coordinates":[[[-2.2328945090472465,52.647694210711855],[-2.255803926139492,52.60998333755115],[-2.309601285007055,52.607401245944885],[-2.3209714381010738,52.61460776059646],[-2.3220244762486617,52.59363601127936],[-2.2786552553470063,52.583418797312845],[-2.2608359782327567,52.56315766263227],[-2.2824765759537806,52.55339608752204],[-2.2564050150191095,52.541796479529665],[-2.2692153110784528,52.53068877422958],[-2.2609431997179112,52.52410239030184],[-2.291390024156633,52.51167995906887],[-2.3127492153007734,52.48920882902863],[-2.2873823534161772,52.4553169186579],[-2.311750081479615,52.43753121782037],[-2.363527907165694,52.439425827441],[-2.3660212956061937,52.40781675944991],[-2.3729456451939104,52.40196408945094],[-2.33553272444463,52.385347399406086],[-2.3906732740544063,52.38152784586429],[-2.410473861358227,52.38715329292177],[-2.4149233651874273,52.36825470280673],[-2.474770209837063,52.367145527439426],[-2.474180291662581,52.36061288467326],[-2.4883271581383415,52.35539752498083],[-2.4782211168104546,52.33842209393335],[-2.481795875005702,52.33107777719031],[-2.513204818720388,52.32921389493578],[-2.512129484690444,52.33711025400995],[-2.5391499411085565,52.34413906137302],[-2.5622190250248185,52.33310827592726],[-2.562644346520166,52.31113657280378],[-2.57485257727436,52.317575992334554],[-2.6180348130582245,52.30695694183587],[-2.628073635343032,52.31343546421504],[-2.6239345374519276,52.32139410140877],[-2.641015171163329,52.332848022210825],[-2.669676187985736,52.341558744026635],[-2.6892857709741986,52.31620174111579],[-2.6798111484298013,52.31202307151484],[-2.7141233829001723,52.30885711399609],[-2.7669868828719766,52.336112631546385],[-2.7483798187904114,52.334902392418236],[-2.732766660694945,52.355532515253536],[-2.792420136996022,52.356863582184545],[-2.792112188822899,52.37453370232898],[-2.8073889191878405,52.37596765587762],[-2.805432535631027,52.38825206933206],[-2.8554416078068074,52.39529798489913],[-2.8884568473096572,52.38515420407897],[-2.893135088507931,52.37408848410321],[-2.893060829097793,52.379656880796325],[-2.917685143811962,52.38628850915749],[-2.9223107554758148,52.375147345033575],[-2.9008051174035394,52.3672702948256],[-2.938889259320648,52.36105794108076],[-2.933149221668718,52.35005216611134],[-2.9745032141572882,52.3547007912327],[-3.041057679160096,52.34430697770297],[-3.1295414338713226,52.384502580753626],[-3.154446594074869,52.38771521656719],[-3.160581507632687,52.39992922197978],[-3.178836501335288,52.409397355366025],[-3.219544550599902,52.42125301642549],[-3.2355429209303304,52.44250356199235],[-3.1972401962955233,52.475989394381436],[-3.1805917595063633,52.47383630093097],[-3.108124296786233,52.4993009250379],[-3.029202255199593,52.50126805598468],[-3.0367108850958706,52.513277341672726],[-3.0323788860692407,52.523731339298514],[-3.000905306605814,52.524110545172334],[-3.00507494388378,52.52946124952583],[-2.9943072197843668,52.553048103892884],[-3.0144399856984996,52.5754974697859],[-3.092311184363828,52.54783022062178],[-3.0807508996348956,52.53914387125319],[-3.085412274801799,52.534502681352755],[-3.1330643874741853,52.52747059101033],[-3.1371606010909807,52.53339368241272],[-3.111495386916416,52.54136379845613],[-3.137707928411098,52.573833967168824],[-3.1392212998753375,52.58604438927949],[-3.1174141591414086,52.585763140246286],[-3.089337180433013,52.59964586776266],[-3.0936226023109317,52.609339111665214],[-3.073186871967772,52.62896267695786],[-3.05979890170059,52.630721219493545],[-3.083566259168712,52.64129249519742],[-3.051112543320522,52.64736556994762],[-3.0385802753302675,52.675373162352855],[-3.0456566500189295,52.675463749725864],[-3.0470478829251544,52.69126582152835],[-3.022486010756962,52.706667955128026],[-3.0214773239493273,52.724244825184506],[-3.0005546301592076,52.7202753001546],[-2.9775919517026077,52.72659171019197],[-2.978103042189303,52.71535729248774],[-2.9655995062206677,52.714407990746125],[-2.9650657308945356,52.73226807622058],[-2.991030144542066,52.73371791635617],[-2.9973829211978655,52.73835467836853],[-2.9919927336258336,52.74375607672059],[-3.0166424668823604,52.74853129944779],[-3.021891161790441,52.75237881314797],[-3.0106134111037854,52.76155075187396],[-3.017199472683367,52.767664201451005],[-3.079516031819471,52.77151393370867],[-3.0916936241969695,52.786751860941244],[-3.0866322380539657,52.79559316614979],[-3.119066341927081,52.78477791032686],[-3.1584253094930843,52.79348806498138],[-3.1618832027883395,52.79935707226202],[-3.153190050211045,52.80636866343851],[-3.1682051816619445,52.80732843826496],[-3.1678875258984216,52.81926667523993],[-3.151737913723028,52.841870690783054],[-3.1626404347531416,52.84798723150645],[-3.1277128187780203,52.867103036042536],[-3.1524167483092933,52.87874787434224],[-3.1355240823656954,52.88501369351741],[-3.147503987573688,52.89016935253204],[-3.1141621936663193,52.89397823343304],[-3.1095771279357245,52.918443621054514],[-3.0959532467281523,52.93028188262092],[-3.0348748013229523,52.929571275556384],[-3.0086136539726303,52.956591270774794],[-2.982022341736016,52.959198268187144],[-2.974770105288088,52.968951609536425],[-2.959813281776251,52.951169556902066],[-2.928888600541857,52.938678871176],[-2.8874312807074087,52.95252985079179],[-2.8410149471651964,52.94262370880916],[-2.8004666893307433,52.8955150184554],[-2.755326489973366,52.9246280181819],[-2.728541430082635,52.92517812016934],[-2.7241775131670716,52.95712162412808],[-2.73529351261339,52.96994616340972],[-2.726840602020411,52.98327294362855],[-2.69929242541042,52.99543881492112],[-2.6746623117224297,52.985662774280684],[-2.6280281837768387,52.99516899173896],[-2.621939959523646,52.986742243525256],[-2.607734121443336,52.98836215052023],[-2.6056794163762826,52.979395141335615],[-2.5948890737565855,52.979607143877615],[-2.597693440191885,52.963006002706955],[-2.5862030083981313,52.95531447706584],[-2.5612628614738258,52.964952084538425],[-2.529515841046125,52.94716484775037],[-2.521319615309971,52.97430154759974],[-2.4811527712667423,52.95881789816595],[-2.4346140600792125,52.96952131401419],[-2.438168624878323,52.98556770227023],[-2.376608999358792,52.997644177326606],[-2.3707367964395525,52.977466369205395],[-2.3797638353137276,52.97599678615388],[-2.377131432929462,52.964967015126234],[-2.3871090138104276,52.952732520208535],[-2.4134523064828914,52.96141018927198],[-2.405602465319984,52.94729411141857],[-2.437123130041653,52.943599024517994],[-2.4567745057067736,52.92435946186229],[-2.4608544687338187,52.90938358419671],[-2.470841225132294,52.90586911663381],[-2.4652434994598704,52.892161668839705],[-2.446141575439872,52.87400803591953],[-2.4404115892440323,52.88122726033669],[-2.3753789783310575,52.891472961385396],[-2.3937562897757605,52.83662003664405],[-2.416346649563551,52.82700595667901],[-2.3776544700440048,52.81164284177494],[-2.371414289860468,52.795284568033296],[-2.3856229574106442,52.79071114511773],[-2.312207563475365,52.740867246273226],[-2.3146789235451,52.72455526415412],[-2.308603497694667,52.72074615627504],[-2.324833635420757,52.70533585619541],[-2.3199078193736065,52.695397725920294],[-2.30799525672837,52.69333203085382],[-2.3030404963307194,52.682952764752926],[-2.2477294217618953,52.683074374427704],[-2.2387153789374152,52.663701321681586],[-2.2476874177593706,52.6566601086091],[-2.2347934453984175,52.65587287180843],[-2.2328945090472465,52.647694210711855]]]}},{"type":"Feature","properties":{"county":"Cornwall"},"geometry":{"type":"MultiPolygon","coordinates":[[[[-6.3480736901578005,49.9556526338984],[-6.352223642672713,49.94474767158425],[-6.361740795671225,49.94634406231978],[-6.356505927552797,49.96135919093771],[-6.362563451009021,49.96514379100211],[-6.358750926964026,49.9670042793531],[-6.3480736901578005,49.9556526338984]]],[[[-6.369762958535162,49.9554233304096],[-6.36901390877506,49.952284512337116],[-6.371520853611117,49.95373489641364],[-6.369762958535162,49.9554233304096]]],[[[-6.385359417061268,49.9334888989732],[-6.386560287669547,49.9322463898971],[-6.3864370457840005,49.93377484016433],[-6.385359417061268,49.9334888989732]]],[[[-6.356951220173646,49.89779510291993],[-6.334594328764848,49.8987621930047],[-6.329261933210676,49.888752652194825],[-6.338337526639087,49.8934128466452],[-6.341260665061319,49.88234051713378],[-6.353146328485526,49.88830550737147],[-6.349565274125973,49.89456714324148],[-6.356951220173646,49.89779510291993]]],[[[-6.375394422124273,49.89994652637397],[-6.366873576982008,49.89198858790033],[-6.378407562167028,49.896143160327696],[-6.375394422124273,49.89994652637397]]],[[[-6.402624392437544,49.8704158564733],[-6.401792614913034,49.86905179637587],[-6.402838193871068,49.87035246721745],[-6.402624392437544,49.8704158564733]]],[[[-6.3878630171686615,49.86811313986907],[-6.388321500556929,49.86709061470889],[-6.388461825366493,49.867565255861315],[-6.3878630171686615,49.86811313986907]]],[[[-6.291251609761743,49.97454342331004],[-6.288748529254873,49.96617237129901],[-6.261719407436389,49.96286271104332],[-6.2843126618159095,49.956083962259],[-6.3041441222442804,49.96486472485453],[-6.291460720897544,49.97476129058887],[-6.295304305324428,49.9796350224566],[-6.291251609761743,49.97454342331004]]],[[[-6.261310648540973,49.955382014373974],[-6.2537100976166675,49.94859716892239],[-6.261342419380862,49.953041027197635],[-6.261310648540973,49.955382014373974]]],[[[-6.2654693015416445,49.94740431142556],[-6.2633435836412374,49.94203866058785],[-6.267361445916304,49.945590744229264],[-6.2654693015416445,49.94740431142556]]],[[[-6.245378237511214,49.94593824034837],[-6.2456062926061655,49.94445173463768],[-6.247333995110389,49.94558512254697],[-6.245378237511214,49.94593824034837]]],[[[-6.267418688594229,49.94956345417483],[-6.267791644609209,49.94839378948645],[-6.268884105077752,49.94932326729365],[-6.267418688594229,49.94956345417483]]],[[[-6.248163036620242,49.9496709644144],[-6.2473879041686216,49.948834637839276],[-6.248780287256986,49.949378502140654],[-6.248163036620242,49.9496709644144]]],[[[-6.276828803388516,49.94655792087843],[-6.276197747205348,49.94536605934185],[-6.277179169319529,49.946194041382036],[-6.276828803388516,49.94655792087843]]],[[[-6.275954153856913,49.92080470457417],[-6.287829022294357,49.91002215374507],[-6.303003855535401,49.91153326351665],[-6.303603147690793,49.903268059371136],[-6.312878197051935,49.913239066793594],[-6.3262981190855,49.91130195653438],[-6.309094230485112,49.916618458495506],[-6.3109218346601095,49.93099417748407],[-6.297774668732688,49.936794055504265],[-6.276347265486924,49.92865301135396],[-6.281371585172601,49.927769065326835],[-6.275954153856913,49.92080470457417]]],[[[-6.352089756375388,49.96509765809893],[-6.321649405700712,49.95513921113054],[-6.31973872271856,49.944722215042894],[-6.332294693815041,49.93917445450023],[-6.352089756375388,49.96509765809893]]],[[[-6.352260224469445,49.93763456247513],[-6.350612790553876,49.92813309861542],[-6.357655012744419,49.930327437210174],[-6.352260224469445,49.93763456247513]]],[[[-6.314191646103434,49.96992357420143],[-6.309372982285583,49.965058680810266],[-6.317921382792943,49.96778154580242],[-6.314191646103434,49.96992357420143]]],[[[-6.320365746627122,49.97320716517578],[-6.326551571948835,49.97036552201335],[-6.327073631197278,49.97042772109447],[-6.3266414272784175,49.97478252072058],[-6.320365746627122,49.97320716517578]]],[[[-6.321259510426076,49.97832456875629],[-6.322898032304739,49.97741127054252],[-6.32309449173915,49.979579654779606],[-6.321259510426076,49.97832456875629]]],[[[-6.3621348174296095,49.932397806237226],[-6.361602763666607,49.93126844973066],[-6.362875875797437,49.93148862208408],[-6.3621348174296095,49.932397806237226]]],[[[-6.330124621785326,49.96673284703087],[-6.330279444874814,49.96599154416125],[-6.331353700175032,49.966652985177184],[-6.330124621785326,49.96673284703087]]],[[[-5.328503065366807,50.08758268299337],[-5.363232137818388,50.089030809899086],[-5.39171279575697,50.10349287613578],[-5.429243929138966,50.09698867362842],[-5.429101206596045,50.105404748674374],[-5.462911175484632,50.12308097308134],[-5.496177193229055,50.12869185538911],[-5.5279693266974785,50.12508495208587],[-5.5311392949697735,50.11414571772883],[-5.548581335839809,50.106631028269696],[-5.533219444374267,50.08851547280051],[-5.540150588804528,50.0752120693936],[-5.550493130352411,50.06218346116313],[-5.5772341585676735,50.05171610936642],[-5.61916687499617,50.05122903169133],[-5.636453055830347,50.03996558678477],[-5.642709461656887,50.0446041455431],[-5.679226949531803,50.0349567113799],[-5.69588222969122,50.049803081058386],[-5.692620618837254,50.05405374792163],[-5.710763017759136,50.057999115588665],[-5.717033530274901,50.0687657052559],[-5.689021373393879,50.0885028530682],[-5.710094154627122,50.12737090621855],[-5.673056040890699,50.166306328756534],[-5.629107617094459,50.16772982973664],[-5.600666308393665,50.1932509857619],[-5.590852605151905,50.18872290335358],[-5.538688440804627,50.216206924160666],[-5.498488412008356,50.21987442538994],[-5.475675114904642,50.21887651717574],[-5.479680589017299,50.21297712654967],[-5.469174924240433,50.20017820213932],[-5.436758920506881,50.19339194006021],[-5.430760031852423,50.18675555130976],[-5.441363263956919,50.17623953089951],[-5.437734443732579,50.17592068402751],[-5.428928391128484,50.18643904444966],[-5.433656707143385,50.19053954201927],[-5.42167828959241,50.184592904175894],[-5.43363285397555,50.193671605837324],[-5.391652816595132,50.22871103747819],[-5.395698383232392,50.24040414041045],[-5.330638006468159,50.24213918867321],[-5.242628992316351,50.28716056084923],[-5.23569185932699,50.318337261927745],[-5.200648058950386,50.32058102023605],[-5.181385838666922,50.34014539412065],[-5.153866509177707,50.346143803150476],[-5.146624568101578,50.37531293323523],[-5.157327499119392,50.38918924379331],[-5.143609566356409,50.38891429264003],[-5.142810799025838,50.3955352159205],[-5.149575979403434,50.401694187483294],[-5.135675274324425,50.401217139258165],[-5.135411124745281,50.40860759641389],[-5.082875318706428,50.403831583732966],[-5.123859610991947,50.41299086039352],[-5.101379556045866,50.41357879617862],[-5.099394538955481,50.42448195239245],[-5.074689055943176,50.416937440449885],[-5.054693331494909,50.42590560719032],[-5.063221746589939,50.4268964856514],[-5.042461781551494,50.444149173792304],[-5.041436531505624,50.46432185718834],[-5.032641037611041,50.46591862480153],[-5.038824032852097,50.47299844871274],[-5.035170453693075,50.49424349112512],[-5.046790595904119,50.49779429932539],[-5.0212554741707445,50.509233323956074],[-5.029531930274885,50.514317107238526],[-5.0242222537958305,50.538666818503934],[-5.039693855729035,50.54507237442881],[-5.036628226472688,50.54943066708773],[-4.983803485104203,50.54222273552289],[-4.972135500395807,50.55775951746667],[-4.945237307327766,50.56862502104987],[-4.9498614159442225,50.556200654016465],[-4.938737566557244,50.55264281842589],[-4.930841747725546,50.52996509820472],[-4.9386856718268435,50.5273574003096],[-4.942093110266967,50.52038623997181],[-4.936259255570181,50.51157603773579],[-4.937754728721895,50.524661613202994],[-4.919737465556831,50.53146403170857],[-4.89556181815381,50.52007652805944],[-4.899477382134829,50.52620106321317],[-4.885281237912582,50.5301745453316],[-4.842297495602171,50.523039048004904],[-4.86018866884967,50.537181539170795],[-4.900003278428668,50.53093297299756],[-4.926119769486181,50.54485336150669],[-4.931143072224236,50.56449773013229],[-4.915573254349935,50.57598717466677],[-4.933924175258423,50.58772440417968],[-4.918534623745173,50.59433757774188],[-4.908363395239022,50.58453942753509],[-4.885198791677797,50.5822877995382],[-4.867537668601766,50.589033436593716],[-4.870011044776657,50.59540764326385],[-4.800030052074511,50.59716312414438],[-4.770431960754946,50.622379958087365],[-4.758717222256886,50.65283559788677],[-4.766675263172063,50.65486746622825],[-4.758931505208359,50.66735383804303],[-4.764382229025155,50.669862777368834],[-4.7298317245902055,50.6736109634764],[-4.7261081735813955,50.684073729181215],[-4.680285039115431,50.69601813375108],[-4.681079403326443,50.70443062708741],[-4.655198325688693,50.71538078119257],[-4.6493474037653355,50.7288944034969],[-4.65389502874399,50.739845392993345],[-4.634573476568699,50.740961957840995],[-4.63976004366595,50.74572062000725],[-4.633164874755336,50.74993539988291],[-4.5669785947642465,50.77796278253002],[-4.558499920743645,50.78825806439446],[-4.558665552350753,50.8287242002789],[-4.551938504573063,50.829480447907024],[-4.558044729174785,50.87512340725191],[-4.568112427707434,50.8855445515158],[-4.561336539551976,50.89190952912029],[-4.569845774595574,50.90370214995505],[-4.555084905202634,50.925930269974515],[-4.456194248406607,50.92899317812081],[-4.462683271033765,50.913489775367054],[-4.420959185741248,50.866086189522264],[-4.433656905050658,50.86551349436529],[-4.442270460295019,50.84698061338894],[-4.438547325194653,50.82315250788651],[-4.445216220909696,50.810338899732706],[-4.492956262385963,50.79224859468634],[-4.451329884786928,50.785654224656135],[-4.4237666987741315,50.76456861567554],[-4.408844828018653,50.762422482460636],[-4.414418414759064,50.77440991303555],[-4.393215795811422,50.7779852106508],[-4.380209448545594,50.76947938800388],[-4.387884281192073,50.75787001444937],[-4.380817803682375,50.75648823327243],[-4.38493345266946,50.74771831419997],[-4.361505337608491,50.71878929934205],[-4.3667386630527725,50.697859431712295],[-4.348940854527475,50.68953823031545],[-4.331114235306137,50.640420137983746],[-4.300107044229469,50.63340856090564],[-4.312173074168619,50.58949717527407],[-4.308062619155485,50.57894367999334],[-4.29306347313625,50.584287787431734],[-4.285211479109027,50.57503579688755],[-4.2865544469387835,50.58398498276365],[-4.271149615276421,50.58221422452066],[-4.279515947830768,50.56917335883998],[-4.259596073263477,50.55114293991283],[-4.2687701420022375,50.535270899131255],[-4.253419347247462,50.54364439048633],[-4.226013623781357,50.52968246837519],[-4.207140040594965,50.53349034643319],[-4.212118438495997,50.52883658283571],[-4.202792984042797,50.50317978692841],[-4.185616164846164,50.50835612866831],[-4.1803044677302665,50.50293952139061],[-4.199357130345972,50.49236875631906],[-4.220658738913389,50.49888087540664],[-4.219277720611894,50.475376784185706],[-4.2393904089188235,50.46517906415056],[-4.230690434687062,50.455080020271346],[-4.217651293260383,50.46444799731671],[-4.199655695237418,50.436977701684015],[-4.221008807797005,50.42593034910801],[-4.226354819583518,50.4355936146984],[-4.236761797636121,50.43872283592924],[-4.226903203076318,50.43512529067443],[-4.223845563018813,50.42541111567535],[-4.229618389029977,50.425232224426416],[-4.20979817306702,50.42535417336592],[-4.212108415070245,50.39924633166094],[-4.229859050070868,50.39367892190167],[-4.235623211108244,50.4015283884949],[-4.232810544534149,50.393638469759544],[-4.2525642253837965,50.393521885123725],[-4.2452163943283745,50.3870584261867],[-4.254004414199122,50.383398502546555],[-4.271080307225236,50.38718120312215],[-4.276322873091669,50.37700386133805],[-4.284163337126258,50.38406282214894],[-4.280052315535513,50.38798151334116],[-4.288743613477938,50.38759217773057],[-4.281924413628636,50.39128088043954],[-4.290319578762171,50.39048619373504],[-4.282379208664366,50.397803777113985],[-4.293517463984077,50.38902629227585],[-4.303254499737101,50.39284870545398],[-4.316042180636536,50.39003530104943],[-4.295588340786352,50.387364590560125],[-4.305044664963545,50.380942417091035],[-4.30711286275141,50.374720294651816],[-4.295212327613842,50.38680355314058],[-4.277266355623241,50.374442621148134],[-4.2681556530392335,50.37524945376602],[-4.280034282896469,50.36968960879757],[-4.2492011048147456,50.37446642290614],[-4.230782769496914,50.39042857669986],[-4.201669450671625,50.387614375310754],[-4.208586672854583,50.3855257914129],[-4.19877897378595,50.383135670881344],[-4.194554470249084,50.37183492073183],[-4.2112641877223504,50.37355901372078],[-4.207685968903108,50.369675750212245],[-4.236779042962027,50.365882483324185],[-4.239304870099469,50.361674793889655],[-4.1967956327278175,50.35944848036632],[-4.208529183095926,50.347030514497206],[-4.176531000206984,50.360449949785725],[-4.167131498510375,50.35022140510078],[-4.170121004429191,50.34301292383673],[-4.201227260474671,50.332930719194614],[-4.188371364611341,50.317671360413485],[-4.22273726499256,50.311348898219364],[-4.2272898050450225,50.31905012261887],[-4.220348433735278,50.32605036836842],[-4.282705533029923,50.356835221752675],[-4.388453616602015,50.36449881427692],[-4.436505374172558,50.36104895189465],[-4.451015244089916,50.350975317738964],[-4.45452303994429,50.35260252417014],[-4.459410552272929,50.36962717677673],[-4.4660145112401475,50.376828017371444],[-4.459388038180076,50.35912693515016],[-4.468484283072375,50.363333561493874],[-4.483206509559965,50.36469124729682],[-4.457242354748407,50.358282713910626],[-4.455705007934719,50.35292992829279],[-4.4507946649603705,50.34898102572027],[-4.473694394128172,50.33318542409653],[-4.497627983055354,50.33736209547995],[-4.538906890249299,50.32371268565749],[-4.578459788594072,50.33254480907567],[-4.598424625577438,50.32388769292488],[-4.63801609882705,50.326151495864195],[-4.608832205355531,50.33828413879484],[-4.6297062230394594,50.33451697303371],[-4.627421105479,50.34791122980454],[-4.63531645500272,50.34693190025214],[-4.635256778820791,50.3583940871226],[-4.6059451328756,50.359203362902136],[-4.635974283212158,50.36017776347691],[-4.632829242702718,50.37972456581517],[-4.619098889735272,50.38309802386999],[-4.633550541902166,50.38065811912393],[-4.637447895994286,50.37306147581837],[-4.662692897157493,50.39078402331207],[-4.63873865343599,50.370392087184094],[-4.637627326344133,50.34665010193314],[-4.631237647536242,50.34465496627198],[-4.64545588044967,50.328439897797956],[-4.66759605959799,50.323073452763694],[-4.672891071407555,50.31399610751486],[-4.684733332180765,50.32010801532025],[-4.6814433266233735,50.33780722749294],[-4.691565568635862,50.346830249086956],[-4.756835994919184,50.3310338724766],[-4.766834955045144,50.32206728169658],[-4.752485754716471,50.29882705923242],[-4.781190120578347,50.29015570757457],[-4.777810961515614,50.2790527011542],[-4.787007185960018,50.26946922517434],[-4.781857464878583,50.26917437562868],[-4.7856967796264485,50.26180785274766],[-4.7670579653067,50.25673471954929],[-4.785436885590055,50.24561887567654],[-4.781064497644601,50.237566237621444],[-4.798232412036459,50.230164903093616],[-4.798525772570269,50.21946678875704],[-4.813183248240951,50.229817218653196],[-4.8629347900392785,50.23596607676287],[-4.918775647983835,50.19622386883599],[-4.933626811606895,50.20708970145845],[-4.957594695812975,50.20222663928215],[-4.972419696937955,50.18622105454609],[-4.972511836981472,50.16466078032933],[-4.983861273400511,50.15780806173919],[-4.981938138890128,50.151812389373575],[-5.009150174318714,50.13949473420698],[-5.017464890108586,50.14937369934587],[-5.004406445208113,50.15040793016892],[-4.991894762223712,50.177450915358165],[-5.005940945471957,50.17080658220522],[-5.000615992528414,50.1652680087708],[-5.005790840245169,50.156347468915854],[-5.023800859564048,50.15475558769382],[-5.014383072154589,50.190449617086884],[-5.025694094275663,50.18219400429787],[-5.034907733956348,50.203361892242],[-5.026741838464105,50.20400057361809],[-5.024417543175243,50.22070250427831],[-5.012300248493472,50.22578105114749],[-4.979777748162302,50.22132868877969],[-4.971910110967413,50.22585278673416],[-4.982713401452698,50.23232710466024],[-4.960153477796978,50.22736481426397],[-4.963732165922541,50.2387495560723],[-4.978705446738769,50.23797406633888],[-4.9749084714117195,50.23439213913342],[-4.984172074803949,50.23286805529073],[-4.9918217438858905,50.22636427662561],[-5.014778629660667,50.22786438448897],[-5.01211176937072,50.240828519921045],[-5.021687869874896,50.245200328906144],[-5.010257642889646,50.24901868597693],[-5.00585854950552,50.266184064951695],[-4.9915552657597715,50.279887524622275],[-5.009452129762431,50.26483517247442],[-5.011512871394326,50.25139161311116],[-5.028015375439668,50.24294995127251],[-5.04038225920506,50.251829637387544],[-5.046995057319533,50.263023452735176],[-5.04856700840873,50.261985915230255],[-5.039535011275109,50.24912247379747],[-5.050483949743739,50.248251669198744],[-5.035447307645192,50.246062813316094],[-5.031306432263779,50.23818086076959],[-5.016011457062719,50.24063194708949],[-5.02421133128397,50.235069779858385],[-5.018391132338012,50.22583982133761],[-5.02935409769412,50.22345703735458],[-5.032822919550313,50.227915683854526],[-5.0390417774227005,50.22954060224805],[-5.044331109877372,50.227532746427116],[-5.031144945126256,50.22430088825074],[-5.041652233009128,50.221006259319665],[-5.029027947558802,50.22109717610499],[-5.0284097413185,50.209951915768215],[-5.048067940827877,50.20902194910086],[-5.043915242105969,50.20332632496872],[-5.0589998939365,50.19336222924409],[-5.066615835576323,50.21046247906924],[-5.097153973646656,50.20761272848316],[-5.076090222204436,50.2050822524695],[-5.054763059802032,50.18411690628014],[-5.060803256606809,50.178461517091414],[-5.077338439774006,50.184245047601074],[-5.0650586385621,50.17773303945905],[-5.044834008476879,50.17508019024843],[-5.046398397617928,50.1687604309177],[-5.056198081588959,50.16129885578872],[-5.101051459471537,50.16948355667955],[-5.064285387210213,50.152100481246244],[-5.049257580373166,50.1557078338695],[-5.0419573354389,50.14414234087291],[-5.0550594648241045,50.14832165144855],[-5.076771927110998,50.13929362002316],[-5.0729333858230525,50.13432888509519],[-5.093391021465466,50.12617009642821],[-5.091283684717636,50.11437967902402],[-5.081501502083088,50.10988651115216],[-5.099456494279371,50.099669163545606],[-5.140381655109203,50.10013592799977],[-5.130203546041395,50.11025158959952],[-5.137828119972237,50.1117153496198],[-5.145229638724733,50.098699343439904],[-5.1631517456509615,50.09675200410766],[-5.159276314508155,50.10809731706718],[-5.163651971396953,50.11276670604875],[-5.169281092885049,50.09977655764385],[-5.165290796180264,50.096317621149275],[-5.159375236783185,50.09394055225536],[-5.193196753250655,50.09029544844688],[-5.186031191157898,50.088127512769596],[-5.19450995115982,50.08274377927081],[-5.154711540093333,50.09319446613245],[-5.14752206258162,50.08533911505234],[-5.150935233573925,50.094101351549845],[-5.1413299920659385,50.096418292733496],[-5.135604514669643,50.09108558974506],[-5.109171803520386,50.094880561810434],[-5.092992383129918,50.08814250219781],[-5.101788385304206,50.08915534803285],[-5.1178911004758465,50.082308725733576],[-5.07604943707083,50.08560012653863],[-5.079554415350798,50.06876197433858],[-5.067718933706715,50.06763264392727],[-5.057826037394253,50.052791294960244],[-5.068636812874065,50.035351156661115],[-5.096617683327789,50.02646222543489],[-5.091147073495499,50.01571024884366],[-5.10137980244277,50.00420705713523],[-5.122394171779316,50.00925124940517],[-5.166632557093922,50.00373498116976],[-5.170364770132003,49.99098687997142],[-5.186158041604032,49.9793525334096],[-5.185617386310989,49.96310560840134],[-5.215718915373663,49.95952514105838],[-5.218880564619043,49.97097970114869],[-5.245985069030446,49.97598542027818],[-5.243865089389435,49.98395502554486],[-5.254541059826096,49.996573729450134],[-5.2668719226032215,50.00047319948284],[-5.255923433068793,50.0216295214193],[-5.26632609086735,50.029406712458666],[-5.261516099129665,50.03360668316245],[-5.280179463473501,50.0430550167931],[-5.27563722678398,50.050272115320595],[-5.296956955134763,50.07032373187096],[-5.328503065366807,50.08758268299337]]],[[[-5.162894032375062,50.09601390024878],[-5.163193886389177,50.09599068028324],[-5.163254887637444,50.096226508171355],[-5.162894032375062,50.09601390024878]]],[[[-5.3995123559382865,50.24252992817094],[-5.400930503939984,50.241681417931424],[-5.402204882405313,50.242084004434126],[-5.3995123559382865,50.24252992817094]]],[[[-4.445928077673629,50.33616633308615],[-4.4520306745132245,50.33565453260815],[-4.450262886576026,50.338282354310614],[-4.445928077673629,50.33616633308615]]],[[[-5.478666308632288,50.11555385759433],[-5.478302888255474,50.118444525979],[-5.475494036962453,50.117249057624925],[-5.478666308632288,50.11555385759433]]],[[[-5.266151299971262,50.01269359069289],[-5.265448704018032,50.01145298178553],[-5.268736503087303,50.01188662135939],[-5.266151299971262,50.01269359069289]]],[[[-4.997903808490695,50.572218858324355],[-4.997050880945315,50.571332570009496],[-4.999338455978036,50.57225414837856],[-4.997903808490695,50.572218858324355]]],[[[-4.903892603919688,50.196074446638924],[-4.905720159046683,50.194808909556],[-4.906042827503409,50.19555494091486],[-4.903892603919688,50.196074446638924]]],[[[-4.233542587220383,50.46739461999743],[-4.235531245145496,50.46630877077027],[-4.235528802840995,50.46646865501446],[-4.233542587220383,50.46739461999743]]],[[[-5.722355199841275,50.121075316742925],[-5.721855954525744,50.119536656567384],[-5.722571225724227,50.11967534324808],[-5.722355199841275,50.121075316742925]]],[[[-4.913675168178688,50.59671634995001],[-4.9149554588161735,50.59614936479681],[-4.91448566434284,50.597457241663655],[-4.913675168178688,50.59671634995001]]],[[[-4.852048199701875,50.53073747205883],[-4.848675412162645,50.52708978147497],[-4.854804779388545,50.53006163490066],[-4.852048199701875,50.53073747205883]]]]}},{"type":"Feature","properties":{"county":"Wiltshire"},"geometry":{"type":"Polygon","coordinates":[[[-1.5290283889046887,51.45551175637824],[-1.523985693876609,51.441338223895606],[-1.5320625233026632,51.4295554923204],[-1.525288449200349,51.425017901488474],[-1.5711653414132354,51.41646462311638],[-1.5530121396709433,51.41007364250936],[-1.555602808893964,51.39558408604312],[-1.4954491182106684,51.36966443246024],[-1.5006084957992252,51.356267970927654],[-1.4857109130653536,51.34772330276952],[-1.4982989511277731,51.329376051072344],[-1.5275072823648959,51.33846596503465],[-1.5335618063921541,51.31622359724423],[-1.5195110345625846,51.295938563520934],[-1.5228073524983212,51.28705805210357],[-1.5425839347496428,51.2812507136033],[-1.5359164533396192,51.27730400616515],[-1.540512671037795,51.26083345992918],[-1.5298201729184804,51.260514110767154],[-1.5359552018938767,51.24861871546746],[-1.6074260549721948,51.25277009410635],[-1.633540816017443,51.21751594300019],[-1.6897880997242434,51.21476854953289],[-1.6940651318807511,51.20386964443486],[-1.6688353527765538,51.19077230034368],[-1.6723677787409608,51.1785439441189],[-1.6539864007431688,51.15596943788452],[-1.662975417732942,51.12719199695862],[-1.626249825120022,51.11733838003211],[-1.6363073742154313,51.09284214579858],[-1.627728486231053,51.078011330745476],[-1.6323757115994404,51.03277968903726],[-1.5993966758079097,51.02372940460607],[-1.6053673918859654,51.01725807157782],[-1.5975235930753107,51.0080554487471],[-1.6288046634759805,50.9990944932539],[-1.6196421229404754,50.982996468204135],[-1.602922905058774,50.9785219615242],[-1.6233991976602866,50.954637283812275],[-1.6349649607873724,50.95924217356388],[-1.661660033211617,50.94527788996036],[-1.7196173587347336,50.976780438832265],[-1.8003139146403284,50.991394777911125],[-1.8154217429306319,50.985922673113365],[-1.83581263468453,51.00942225932294],[-1.8528042661690352,51.00502770353991],[-1.8732640502315046,50.985012193702275],[-1.8744815937455348,51.00633057030291],[-1.9278759476606764,50.99769726595918],[-1.9499359443363191,50.98231061588816],[-1.9653579465580202,50.99203680092237],[-1.9940362849356463,50.97572818417038],[-2.037208206905365,50.97196987394426],[-2.0672830742738886,50.95182051624516],[-2.102860917951227,50.94560771174422],[-2.1194615634625142,50.959680232743395],[-2.119764319152637,50.97819068195144],[-2.1717985638335433,51.001000902094866],[-2.1886037360729116,51.01853231515998],[-2.1932086022443347,51.03771238544074],[-2.2446890397310213,51.07231037326365],[-2.2686201617111905,51.06874094515403],[-2.3258527767577983,51.07967555928311],[-2.3625294809268365,51.101623662652344],[-2.364527611217434,51.11887882572632],[-2.3445392074613585,51.12467816933],[-2.3458587238459767,51.1333687741218],[-2.332174079543266,51.13798360662704],[-2.298464669248329,51.17532243709414],[-2.266664188107743,51.21553361204054],[-2.26376413924291,51.23437279999503],[-2.244430561706636,51.263119085649365],[-2.253497200293177,51.28983475092654],[-2.2649687735824617,51.29616573408603],[-2.2799942332889462,51.29224524494579],[-2.285067537619616,51.30945713594076],[-2.2719545408250648,51.31425405205546],[-2.273094846882524,51.32287908654477],[-2.300926974477342,51.3332224950153],[-2.296409014701268,51.342661949200064],[-2.344279713720519,51.34540116694231],[-2.2965057411847853,51.36430139708687],[-2.2902885597266955,51.372620959532604],[-2.2967881953929226,51.39488726358821],[-2.2818125167583148,51.397228093640145],[-2.290861651850969,51.405712128216635],[-2.278540696859957,51.41588216389493],[-2.2953502087804023,51.42625231581259],[-2.2852633897258774,51.45792815435932],[-2.2957429604837576,51.45859000783719],[-2.290557850771319,51.48685757845507],[-2.3114229633181207,51.487373107361314],[-2.3243244412593236,51.4975094540484],[-2.252388217240433,51.52687352898633],[-2.2665017271418386,51.53626184961677],[-2.2617219070103785,51.544740951815164],[-2.268623722375847,51.55970891144562],[-2.2602995160333355,51.5699008004417],[-2.273992359953449,51.57235930767348],[-2.2674533109569874,51.58271743329206],[-2.245116456570671,51.58140949840894],[-2.241866908114761,51.592107194675734],[-2.2108133035527455,51.60295975609339],[-2.2065523294951226,51.595949474080925],[-2.1900123827552895,51.59250317297918],[-2.1827754892132423,51.5992295697878],[-2.1525378592005784,51.59034164203673],[-2.057173782390788,51.67244315919754],[-2.0155923499540918,51.650515540715915],[-1.9505192016247939,51.63696282133806],[-1.9630569119889478,51.658656428435485],[-1.9420595113904486,51.6704168580603],[-1.9209050118648745,51.657243770013736],[-1.8883972783901217,51.64885879237139],[-1.8763256288688648,51.65308521311682],[-1.8990131561012507,51.67968654964786],[-1.8738836520051247,51.682589810428745],[-1.8504841086506116,51.65628481521274],[-1.8151982251623753,51.663529295057394],[-1.823170927261,51.6734843276868],[-1.8124716232318177,51.68599996812441],[-1.8184879101996112,51.70230995998226],[-1.811942337076799,51.70314575611118],[-1.7886168377276472,51.66700185612769],[-1.7663196819840716,51.662684153106255],[-1.7110552952534646,51.671792976122504],[-1.6968309986928114,51.69204200243483],[-1.6830586294212178,51.69011034834442],[-1.7001891103128217,51.670741670401945],[-1.6906231629836646,51.663783581594615],[-1.691938077402118,51.65216458563678],[-1.6599542884958505,51.634990835670386],[-1.6737362067273711,51.622849850511],[-1.6670096341181209,51.61626446587061],[-1.6906167569975117,51.60544995425529],[-1.6847564795784862,51.59032690390543],[-1.691110647552957,51.58352376995268],[-1.676539814308955,51.569439020300315],[-1.655044519491883,51.5765063142455],[-1.647691326621312,51.57195189836151],[-1.6028123279239548,51.51829502695441],[-1.5847080068168276,51.52491211204892],[-1.582290926091176,51.49411178780616],[-1.5483902396980334,51.46065581703371],[-1.5290283889046887,51.45551175637824]]]}},{"type":"Feature","properties":{"county":"Isle of Wight"},"geometry":{"type":"Polygon","coordinates":[[[-1.2234377797392508,50.71935250783488],[-1.2164358036229923,50.73478341453759],[-1.1601758090616783,50.73318698216195],[-1.1095905617525885,50.721494970517384],[-1.0969768317830015,50.69495956400571],[-1.102830245596081,50.69978359541242],[-1.1082619014173047,50.69351486885838],[-1.0823470348065758,50.694416434667474],[-1.0698349224472077,50.68388086907431],[-1.0979273674216055,50.66522339901027],[-1.133554496634608,50.661883784907424],[-1.1606126635440857,50.64933414219396],[-1.1851343563884387,50.59724703082677],[-1.3027179969632343,50.57566642499688],[-1.3394428167804495,50.60189276914438],[-1.38929555805382,50.626798007610965],[-1.447269629237207,50.64348829669823],[-1.4851246080738343,50.666981713357316],[-1.5864165710858675,50.663132803026585],[-1.5489781935644567,50.67786566569562],[-1.5236864420823748,50.70632559357385],[-1.5029536270460924,50.70674154904458],[-1.5097745348800031,50.7058102679052],[-1.4998380155975453,50.69788319571887],[-1.5056514912631773,50.69347183431745],[-1.4975939972601506,50.698126242967625],[-1.5005628979534706,50.706746094618445],[-1.426850304789874,50.72625569531776],[-1.4119610459231071,50.72080093593671],[-1.4182618137379381,50.7188829863392],[-1.4124628513240909,50.71896084563454],[-1.4256298574751844,50.710606339752474],[-1.426597363897458,50.70547653002266],[-1.4135293731605543,50.71545093875588],[-1.413036267346897,50.70354375211196],[-1.4129000707058788,50.71150980817078],[-1.4069489817422405,50.708558741316],[-1.4120767357525086,50.714378854038685],[-1.3997232925059855,50.71077706672992],[-1.4099015118012608,50.71649193898595],[-1.4087025197090322,50.72049574798143],[-1.4034284720531012,50.7245074768098],[-1.4071036822893235,50.71798928635858],[-1.3766730078602858,50.710646804029686],[-1.3793193650519957,50.71746583208192],[-1.3699245735793641,50.719823593494795],[-1.3891534381652084,50.716657287248054],[-1.3952103398690043,50.71974470251855],[-1.3860612151127811,50.7226266199361],[-1.4097875215444706,50.72543462498489],[-1.354224469439681,50.738700627778805],[-1.318336450042072,50.76595564586699],[-1.3007132169858893,50.76678697863676],[-1.292772121864334,50.758603907836324],[-1.293859569014999,50.75058541498933],[-1.2829217339307317,50.72971995016805],[-1.29226036057869,50.70547214123013],[-1.291570616720519,50.70241796155276],[-1.2769899936152567,50.73166714470807],[-1.291191644392101,50.75101527438531],[-1.289499896605818,50.76357218091046],[-1.2677850493660159,50.76286810716169],[-1.2394624977194608,50.74405881969141],[-1.242655113596885,50.73877780948718],[-1.2138362573014658,50.73805291003409],[-1.2235776255242259,50.73137705163044],[-1.2234377797392508,50.71935250783488]]]}},{"type":"Feature","properties":{"county":"Northumberland"},"geometry":{"type":"MultiPolygon","coordinates":[[[[-1.5788461621559222,55.40889760672462],[-1.6114213333727654,55.385168007719585],[-1.621273601825994,55.3883061192319],[-1.6098239758700408,55.3948169866075],[-1.6234706734409754,55.38949180490116],[-1.6146446806041,55.37992884417704],[-1.6084865477903774,55.38394649761511],[-1.588597772659835,55.345253972269575],[-1.5731156913565338,55.339230631714535],[-1.6100485087403134,55.3499068984436],[-1.6266671647214863,55.34816880838252],[-1.57201098460474,55.338562940483975],[-1.5493941972936383,55.32172344520608],[-1.573135713959921,55.27534828033046],[-1.5543675697248918,55.24730068447251],[-1.5254507585606165,55.227207444569224],[-1.5288646883738792,55.22127836893045],[-1.4991547098837719,55.1855921166641],[-1.5126667109068146,55.18324611152912],[-1.5250776125795262,55.16263204349939],[-1.5400754059417348,55.16155747549832],[-1.5249348149853685,55.16051441422303],[-1.4976817061854837,55.12800656733769],[-1.5219401257933003,55.14357509131033],[-1.5529418736792948,55.14475885786323],[-1.5339813351962068,55.13762806582532],[-1.5589406345789585,55.13455495199782],[-1.527773681777279,55.13714681942052],[-1.5004958714344625,55.12701316405857],[-1.4929296296800663,55.119235478541015],[-1.494570338687969,55.102399902530436],[-1.4737368154146206,55.08467434934882],[-1.4771213647532995,55.08408203748971],[-1.4784279191363638,55.079391554439056],[-1.471200827529827,55.085441224538094],[-1.4620710446141716,55.07467382320197],[-1.491257907257803,55.06590652939606],[-1.4878136563995958,55.05359200580809],[-1.5073855438757788,55.04833504331592],[-1.5102842271644195,55.05500894109307],[-1.5323396853027607,55.054149510342356],[-1.5398683832115811,55.06159068676868],[-1.5598092294290133,55.05452431551273],[-1.5750801439032809,55.05561993626643],[-1.579050951973547,55.06299051380986],[-1.637893605385297,55.064768597812005],[-1.6476812435821329,55.079388743712435],[-1.7046127238755118,55.0709327799154],[-1.713759624556522,55.06547936449525],[-1.7105403231612393,55.05275028845024],[-1.6979266239870834,55.05237919631735],[-1.694915498654525,55.04289325002949],[-1.7502452966935786,55.02402080602143],[-1.7576094294871412,55.002958061571135],[-1.77384239636278,55.00413945886082],[-1.7697566800820452,54.98098374343039],[-1.7861579403081231,54.98448943209401],[-1.8128128612677366,54.976321791188056],[-1.8229981875536787,54.95575341036363],[-1.8337028095789423,54.95329281212333],[-1.8270119129650009,54.93070192681902],[-1.8411492960539964,54.929725523061016],[-1.8527213865776901,54.91741355516942],[-1.8210133486940014,54.90566188366939],[-1.854436644267501,54.89118451220412],[-1.850963756903276,54.884688544946854],[-1.8696711414236633,54.86155782371657],[-1.8666004957158941,54.855385521346285],[-1.8813813434702034,54.8465907742583],[-1.9152005847928508,54.83397800151697],[-1.9271933508969146,54.841373342802626],[-1.9224097022217563,54.84975186313772],[-1.9953622381146598,54.87003877184274],[-2.03975652817341,54.8482915458177],[-2.082475627052886,54.83822206247713],[-2.1381619627275734,54.842369498156906],[-2.1431305108878336,54.82695921847978],[-2.164264844995343,54.81582781919469],[-2.1694700769172637,54.80360995262438],[-2.1986006318823574,54.80673626573542],[-2.2189066930188086,54.7823774179831],[-2.2826777768470716,54.7982521091406],[-2.323284243602398,54.795008942843275],[-2.327385163410877,54.80533249571421],[-2.3484286135046473,54.80707927875063],[-2.3927264461263524,54.83451524558612],[-2.411623873535033,54.85643072596475],[-2.422690539424117,54.84283309067353],[-2.460595599248234,54.834170770459586],[-2.495584403015195,54.81024304328608],[-2.5296227289676154,54.80595007875897],[-2.5678486550075625,54.82357485898903],[-2.5826710962185335,54.84586682175718],[-2.5733522920000564,54.85354617583906],[-2.605430266703178,54.884382355395076],[-2.576414082770598,54.89671713926281],[-2.566221333473237,54.91923805448321],[-2.545508620333995,54.92839361314843],[-2.5676494473359615,54.94085600235007],[-2.5684264965425183,54.95829109143716],[-2.5955690089859282,54.96348095780789],[-2.6003454356449858,54.97366221359505],[-2.5733107684353427,54.98763777786637],[-2.567713747809223,55.002747345290786],[-2.5741808262828396,55.00370006040692],[-2.573186896382555,55.01611463251044],[-2.483049858123018,55.040019121635375],[-2.5039849080169145,55.06242990815136],[-2.492199893379653,55.068153734953306],[-2.5012342407658594,55.075224804014354],[-2.486341209364522,55.083045479089],[-2.5037070343415704,55.09075043731424],[-2.5569473407864742,55.08103912994132],[-2.5684260233298724,55.096261398727414],[-2.59355862372834,55.10512025937419],[-2.5989028380869597,55.1245757607255],[-2.656939477820754,55.13613185330493],[-2.6773244433664223,55.15548761179955],[-2.683253955559927,55.166630481001356],[-2.6745553711575853,55.175891485718594],[-2.6897902915132095,55.18898422854259],[-2.666814730622371,55.22158035703425],[-2.6314141440052925,55.22369806455651],[-2.6302290342039463,55.24479149115304],[-2.6114508080256034,55.247134438549985],[-2.646771231267026,55.26004384558748],[-2.6266560893278843,55.26222097434641],[-2.609238071892003,55.283248035644306],[-2.5733631217171724,55.29688439714098],[-2.5570898322154956,55.31160926597346],[-2.559041190370329,55.31783466244354],[-2.5202696721926374,55.32304705338447],[-2.4774719799813325,55.354332853404],[-2.4149966967660594,55.358921865067785],[-2.39980267562077,55.34833277688617],[-2.378911795756336,55.34916944972759],[-2.3374770928266733,55.36728098207272],[-2.3462331612040948,55.37306104811662],[-2.3300205252629866,55.381241553724045],[-2.344725405636711,55.399448799411914],[-2.3323664056020323,55.40991073263622],[-2.3132535231832896,55.406789343295515],[-2.260611311389721,55.432933997960106],[-2.231281900068144,55.42842933334061],[-2.194219689482417,55.445257995631685],[-2.1896374748605845,55.46116576141076],[-2.1655212971096485,55.468381933032106],[-2.20159175730403,55.475516037359874],[-2.2026493288651876,55.48954128578622],[-2.2288454678921443,55.50951875942648],[-2.2242833529643913,55.52278767234248],[-2.2332171781325596,55.52961326494659],[-2.240306477224507,55.555627144164085],[-2.2885358794880704,55.58005000973352],[-2.289232338190016,55.6037737362265],[-2.3160940870216553,55.6204584510898],[-2.3086260563639915,55.62887593763402],[-2.336012500658304,55.632054692069154],[-2.3057897457656655,55.647043811317594],[-2.2347993566496114,55.64081213616683],[-2.2481739296137344,55.65235319159136],[-2.218452689731427,55.664260238753165],[-2.2186591796836703,55.67590711744234],[-2.167231113584091,55.706035210545124],[-2.1769967696633348,55.718375023806814],[-2.1505060853100284,55.72319941660591],[-2.146051313012989,55.73844163969884],[-2.1387326509121887,55.7404726610239],[-2.12534973855282,55.73705837608295],[-2.117306823946014,55.738425765965346],[-2.116055625221516,55.74653983658928],[-2.1060115636043317,55.748158736795205],[-2.107278666480679,55.75944819008871],[-2.046034965706435,55.75798687727927],[-2.038138653897282,55.76012263197935],[-2.031653007588668,55.76975548896881],[-2.0134211502516792,55.77125847047144],[-1.960772325922538,55.733266245718255],[-1.8840933168246174,55.69445912205412],[-1.8802111637172747,55.68530138483893],[-1.8856273431355093,55.6839524832277],[-1.8732468670611386,55.68278396739717],[-1.8700250739063133,55.665913775194674],[-1.8390167167010112,55.64234610650312],[-1.8131862268573227,55.633704637240214],[-1.783962717025337,55.644103703618214],[-1.7647767304302724,55.62590964426973],[-1.7863319540187876,55.61600437066198],[-1.7690879014000984,55.602968174358814],[-1.7423378478956648,55.618562214322196],[-1.730708559953037,55.61751208886789],[-1.6394287060067276,55.57823059264036],[-1.652163696254083,55.571255877778896],[-1.6456638897857927,55.574176500634564],[-1.6189127003724417,55.55219792331962],[-1.6323816760579828,55.55026159388854],[-1.6381132987221483,55.54090698492686],[-1.6105932764544353,55.521718266653835],[-1.6187025017568166,55.514503535821795],[-1.6142744132327957,55.49815431735342],[-1.5911332592944076,55.492408362477235],[-1.5930449300517675,55.45702857563591],[-1.5863302688992227,55.4466458513185],[-1.5933453646718405,55.44023495818596],[-1.5753575247367608,55.43088012397549],[-1.5788461621559222,55.40889760672462]]],[[[-1.538978333333894,55.33629922893865],[-1.5376602484275375,55.3330023721934],[-1.5407594054411253,55.33476355948741],[-1.538978333333894,55.33629922893865]]],[[[-1.7917160814960449,55.65812023697654],[-1.7869128258308162,55.64705954169058],[-1.7952825978253188,55.65779378218871],[-1.7917160814960449,55.65812023697654]]],[[[-1.6195716962078717,55.632792491847844],[-1.6235405413441313,55.63250454201222],[-1.6268880120632991,55.63458040854257],[-1.6195716962078717,55.632792491847844]]],[[[-1.6219519697847935,55.63137296246743],[-1.6242265760974157,55.62915865680718],[-1.6244061160861587,55.6318467678037],[-1.6219519697847935,55.63137296246743]]],[[[-1.6473364242104962,55.61685143242635],[-1.6483262321856522,55.616068043642706],[-1.6499001334093464,55.617260332561365],[-1.6473364242104962,55.61685143242635]]],[[[-1.6067920324906309,55.643669944979145],[-1.610431557369324,55.64337962068841],[-1.607920167718168,55.64419322340695],[-1.6067920324906309,55.643669944979145]]],[[[-1.646615022634334,55.58342749574603],[-1.6457217737396668,55.58221744046843],[-1.6472424001126778,55.58332077990853],[-1.646615022634334,55.58342749574603]]],[[[-1.6197048075934508,55.63985890576752],[-1.6211884662741949,55.6390796280048],[-1.62236159759884,55.63912113054357],[-1.6197048075934508,55.63985890576752]]],[[[-1.6550825054352616,55.61693227931888],[-1.655214496583026,55.61613063533932],[-1.6573672457576256,55.61627619915188],[-1.6550825054352616,55.61693227931888]]],[[[-1.6303695624973746,55.640178993382676],[-1.6287867258918245,55.63867524535753],[-1.6301110833220134,55.63898160514667],[-1.6303695624973746,55.640178993382676]]],[[[-1.6278753859929573,55.63780939045204],[-1.627030766036606,55.63700689072746],[-1.6292016850309874,55.63732163173469],[-1.6278753859929573,55.63780939045204]]],[[[-1.6423960666662583,55.61583880894409],[-1.6424529012863927,55.61576374347809],[-1.6432943261980058,55.61630761750823],[-1.6423960666662583,55.61583880894409]]],[[[-2.085656856928195,55.76272387710688],[-2.086123041725926,55.793045310160174],[-2.0344219081111894,55.8110886606163],[-1.984520823553113,55.76484823735218],[-2.00420609889845,55.7654836021354],[-2.0165689595075205,55.774649908984294],[-2.0388678001638603,55.76910558783025],[-2.040491146695591,55.760639410610054],[-2.0648521357168503,55.763405294431365],[-2.045269940229562,55.75919025320998],[-2.0670397202227093,55.761322280966674],[-2.085656856928195,55.76272387710688]]],[[[-2.067033064115072,55.761137209098735],[-2.0642223116959078,55.760277053172565],[-2.0724171198559955,55.760931087126274],[-2.067033064115072,55.761137209098735]]],[[[-1.854955479415693,55.68563001027186],[-1.7792113141249368,55.685626096803816],[-1.7788745127170953,55.66773066854648],[-1.802438934621788,55.66828386387373],[-1.8155912076197704,55.68241003284497],[-1.8423949472509966,55.67871488524304],[-1.854955479415693,55.68563001027186]]],[[[-2.122488271155807,55.73766146666721],[-2.1255375237312317,55.73751372511447],[-2.129068434791188,55.73903841461774],[-2.122488271155807,55.73766146666721]]]]}},{"type":"Feature","properties":{"county":"Herefordshire"},"geometry":{"type":"Polygon","coordinates":[[[-3.0731210449508968,52.23579250476714],[-3.0442151059517473,52.23792748601758],[-3.0436789447307206,52.245542118886355],[-3.0499357731801764,52.24503614092125],[-3.0455987619917484,52.25307205638782],[-2.9496213774306113,52.26952590079178],[-3.011787256961496,52.277495640421655],[-3.001530326018581,52.32018679922184],[-2.9668011585115317,52.32944903961631],[-2.9546513666030205,52.34915476636235],[-2.933149221668718,52.35005216611134],[-2.938889259320648,52.36105794108076],[-2.9008051174035394,52.3672702948256],[-2.9223107554758148,52.375147345033575],[-2.917685143811962,52.38628850915749],[-2.893060829097793,52.379656880796325],[-2.893135088507931,52.37408848410321],[-2.8884568473096572,52.38515420407897],[-2.8554416078068074,52.39529798489913],[-2.805432535631027,52.38825206933206],[-2.8073889191878405,52.37596765587762],[-2.792112188822899,52.37453370232898],[-2.792420136996022,52.356863582184545],[-2.732766660694945,52.355532515253536],[-2.7483798187904114,52.334902392418236],[-2.7669868828719766,52.336112631546385],[-2.7141233829001723,52.30885711399609],[-2.6798111484298013,52.31202307151484],[-2.6892857709741986,52.31620174111579],[-2.669676187985736,52.341558744026635],[-2.6239345374519276,52.32139410140877],[-2.628073635343032,52.31343546421504],[-2.6180348130582245,52.30695694183587],[-2.6632057747618627,52.30393716375359],[-2.639877140439877,52.286375517096374],[-2.5989671655846727,52.28354176855742],[-2.5964493085911773,52.27659322221111],[-2.6282969202463726,52.261164573298494],[-2.6342331037400792,52.250754917412856],[-2.628870707218899,52.240349144675605],[-2.5742054743135543,52.25273140233293],[-2.5258195260688243,52.24809661579119],[-2.4956508570444407,52.2569415604049],[-2.50311284171006,52.27744955053976],[-2.451402711313903,52.28508281996326],[-2.4279957837924497,52.27060994838698],[-2.468098943921831,52.25603803221415],[-2.474701705530806,52.24135904927753],[-2.4648575242407738,52.234373954927754],[-2.4230652847919307,52.237260503492195],[-2.3859112816916412,52.22645082680847],[-2.4040412247356806,52.22124765305963],[-2.3928942644880515,52.21032764331698],[-2.407863301401692,52.20272128582693],[-2.4191464260071487,52.18797234965872],[-2.415068269383489,52.183262209345074],[-2.4254617325723355,52.177017115488944],[-2.4220107494154806,52.172412822846525],[-2.4351751873057923,52.168216644619875],[-2.4151950067166554,52.145240223618345],[-2.379321194162944,52.1551115962699],[-2.3587221620774406,52.15189629257563],[-2.3446082330272104,52.13259119512462],[-2.355548046671479,52.12821708775381],[-2.349117907814559,52.09564570202803],[-2.338298110954077,52.09544889736948],[-2.339425287713433,52.0689238901142],[-2.35154807563865,52.05637495159595],[-2.351378478552819,52.0213590075925],[-2.392892200004582,52.012958809708046],[-2.3990184986113596,51.99614594515261],[-2.421012985677014,51.994241478700204],[-2.4372937592592407,51.997167012725576],[-2.436115404281369,52.014574408497445],[-2.4635419660384024,52.014411047302765],[-2.4625540589767,52.02190995503065],[-2.4789323241618173,52.02253040375237],[-2.491252343990533,52.01049081577017],[-2.4709799155296586,51.99477751123066],[-2.4949129625913864,51.98107522018978],[-2.4922448696830557,51.9641287916014],[-2.50090647888365,51.96060915047426],[-2.465486976806526,51.951696428986246],[-2.466043054239953,51.927974478150425],[-2.446449603089652,51.91508834992197],[-2.440154333178015,51.90244207728257],[-2.445388523058003,51.90055583923886],[-2.439314744015457,51.899514167567496],[-2.487794751908159,51.88041750879951],[-2.5086243749429262,51.88516905705852],[-2.5222334203066774,51.864696000046585],[-2.534051816242464,51.86039636240374],[-2.5849118237884454,51.86022150405301],[-2.5821103399583265,51.84972829580146],[-2.5983686152736616,51.85649337652072],[-2.625466969396256,51.838963975420775],[-2.6367100665308083,51.84309526481403],[-2.650400759681949,51.826124711117316],[-2.666197500149914,51.83562353658674],[-2.6933656691806083,51.83387293057628],[-2.6973367263940333,51.84479809566495],[-2.716101350058537,51.84073525079176],[-2.719605104717118,51.84891928629495],[-2.738848628903935,51.836616538883824],[-2.7787988744449135,51.86585908828429],[-2.768428364135874,51.880540976396105],[-2.8361006792835335,51.90604503873706],[-2.8420180399812116,51.91775984127138],[-2.8619199062412766,51.91401818929966],[-2.8450285481387634,51.92213317490388],[-2.875422547765801,51.933088765750774],[-2.9717980442796117,51.904964974345205],[-2.9766653434911916,51.92749021259706],[-3.0081232804432703,51.92713053348802],[-3.0085230671357244,51.9380812004518],[-3.0259445316604,51.957282316629424],[-3.0673679250982304,51.98314277277744],[-3.0991988901530894,52.02268577815703],[-3.0864919250053613,52.04114283688584],[-3.090780928489569,52.05082529402303],[-3.125895620398534,52.07831078112714],[-3.118860058885526,52.08872765414977],[-3.122715180552802,52.10315789121695],[-3.1054657798553493,52.105386250216135],[-3.104985017750501,52.11672763796984],[-3.141229487578657,52.12992202630453],[-3.1358733406682338,52.13790835504666],[-3.0936900359204174,52.14430596892309],[-3.0725382649884163,52.15577319703338],[-3.0840343784494215,52.16316742762533],[-3.0988960166924797,52.15473389079979],[-3.1219948656365597,52.16691678960624],[-3.094651083121383,52.183742296992065],[-3.1020818486637793,52.20272041865527],[-3.0720917952361013,52.213087291320356],[-3.0780119634351593,52.21604797959629],[-3.0731210449508968,52.23579250476714]]]}},{"type":"Feature","properties":{"county":"Grampian"},"geometry":{"type":"MultiPolygon","coordinates":[[[[-2.043853385897311,57.24322520105724],[-2.076838826259688,57.17757820178779],[-2.0988097798283447,57.17739575511839],[-2.0765540442649364,57.17662887571815],[-2.0718716907408394,57.14448062257619],[-2.061040146127264,57.145695550959175],[-2.07247632738743,57.14181142319542],[-2.0755952669252173,57.14478830939428],[-2.093768583546076,57.14586817412356],[-2.075432915704858,57.14127247153686],[-2.089731807126373,57.14048229779551],[-2.095656348470947,57.137645516077335],[-2.097952940518521,57.1303151053818],[-2.114357284009726,57.12841171281204],[-2.120837592306548,57.12187866792004],[-2.095758555869724,57.12977094872258],[-2.091801415217029,57.138830600366866],[-2.07116548407546,57.139764957105704],[-2.0555972294912754,57.144890540136316],[-2.0464653912253143,57.139431726012475],[-2.0573604746632883,57.13082321665414],[-2.048627027952308,57.128314392333074],[-2.073068128565771,57.103687031679684],[-2.0962060490626997,57.07390060829438],[-2.092097750751534,57.06799644379343],[-2.16130442555605,57.01804613528566],[-2.1822065187898136,56.98596904373406],[-2.1773531115251337,56.97952706183092],[-2.209153640135899,56.96764051131279],[-2.1910650427243765,56.95074801341772],[-2.200517133603247,56.94851700032546],[-2.194920049591342,56.946152121183104],[-2.2021721040988504,56.93324015783767],[-2.1964840738700953,56.90885278121365],[-2.2164608884891615,56.89459345261617],[-2.214855804222023,56.88177636233586],[-2.2622499715919373,56.84451248778382],[-2.2745749163609843,56.84554076443426],[-2.2772619314314815,56.829619004023336],[-2.289878586454007,56.827409326399234],[-2.3161943824903983,56.80151549783631],[-2.3759152698719728,56.77359427156067],[-2.401179898180947,56.77379502534138],[-2.437694355795521,56.7525590282816],[-2.4314149750070464,56.75241556152227],[-2.4617647753305394,56.747453220554284],[-2.4803787872458196,56.76366073985461],[-2.529411122282688,56.78503466006628],[-2.6158191331869545,56.78329401879257],[-2.6316103357130296,56.8090772240884],[-2.652786760144776,56.81042178183259],[-2.650970177546834,56.8225969126039],[-2.666171648049031,56.83465716676685],[-2.6717348485830663,56.85869264008516],[-2.665970846446132,56.85935506226136],[-2.6622006060850274,56.88859684533076],[-2.680636895859506,56.887628144595915],[-2.681288147593995,56.91034396815227],[-2.724687109008466,56.92583000545622],[-2.7413773314390526,56.949375897366906],[-2.7656695866104775,56.959961291327524],[-2.8245085181409872,56.961936400095404],[-2.8331661199212577,56.97700745552445],[-2.8510873933836587,56.972565666518136],[-2.892428586847264,56.98680409259514],[-2.954079224532965,56.966800569210264],[-3.026340013503696,56.972773213324636],[-3.083169708512124,56.958431912844254],[-3.0836358194922835,56.95069720944673],[-3.098652171070193,56.945324053352365],[-3.094614382012303,56.93234619463147],[-3.110773460919448,56.91873215731142],[-3.1067539930822607,56.895036521356815],[-3.12033787903248,56.88844693467441],[-3.1604468163128,56.90682166988161],[-3.1739158921934782,56.90039801662511],[-3.284247185504126,56.92855670557624],[-3.2910982815879546,56.92544498480758],[-3.2848544212835824,56.90726680170485],[-3.337061601466381,56.8958392125117],[-3.3721380274088917,56.87461515221633],[-3.4049618235532133,56.884020775459916],[-3.421286910014441,56.879572931620324],[-3.429832085915106,56.886546175394685],[-3.4657067513331654,56.87281073969288],[-3.489849446642074,56.87671633730876],[-3.5025405414449886,56.887112210901776],[-3.5292499410456823,56.88360747371667],[-3.537655314215853,56.89225532234679],[-3.560781867375312,56.884103290206006],[-3.5684604802169146,56.89462162953868],[-3.558717384702904,56.900345535095084],[-3.572242892073745,56.91098912496251],[-3.5787909326027734,56.92953630308849],[-3.6436560140752214,56.92328223430575],[-3.6547349030208034,56.93289802464097],[-3.675470760241593,56.93244208435258],[-3.683551934819562,56.91611581060743],[-3.7102691772248106,56.91357862650893],[-3.7406864075651227,56.9336083619515],[-3.783497979431975,56.923080771492344],[-3.8016462642035607,56.9358802547785],[-3.787842617184067,56.96323123574373],[-3.760390837479683,56.97438472130266],[-3.758145923410665,56.9871434525493],[-3.7482296774236388,56.99310914788148],[-3.7443961140741604,57.016711899686946],[-3.757390848619784,57.03779704619085],[-3.7324395464653635,57.05674318052958],[-3.747100604085324,57.05766707441021],[-3.7580642275079903,57.06930608124008],[-3.7497329678743734,57.076282559402465],[-3.714890758201568,57.07898809421456],[-3.706166101801611,57.08929579448934],[-3.6564651163599624,57.107765665667415],[-3.6546980076785838,57.115902010312396],[-3.6163595815424023,57.11270974830373],[-3.583255719519883,57.13624908019049],[-3.560357657416997,57.14105527207895],[-3.536027358992537,57.167266220884315],[-3.4524819113610454,57.176800898072486],[-3.432102477932109,57.20416257801469],[-3.446797585880793,57.21208418531257],[-3.4306438021998407,57.221230914518365],[-3.4346835612878355,57.229306371219266],[-3.4633565654362983,57.23785170485978],[-3.4477462254788245,57.2566026158367],[-3.4614137250110124,57.27417429544453],[-3.449248870401547,57.280939985819096],[-3.4938746404521717,57.296167292871324],[-3.4939366207572715,57.3046564578321],[-3.394567046882859,57.37107433126493],[-3.398767038778239,57.382899751062716],[-3.3856825923144527,57.38880749455732],[-3.397655430253962,57.39565102366547],[-3.4041763228402826,57.417130412247815],[-3.4811566365229347,57.437733580413706],[-3.502771987002252,57.46067848650352],[-3.5662550116819296,57.446928396162335],[-3.609850091300009,57.44735833479863],[-3.617764137715488,57.435438430439504],[-3.6598527891202686,57.428154644479974],[-3.701302478699658,57.437271373586505],[-3.691429096973597,57.443356373503235],[-3.6945267874539467,57.45538953756463],[-3.682708323730769,57.48983142374925],[-3.7053446496643905,57.51232638711295],[-3.6908857643670463,57.52022671373938],[-3.7223076150974417,57.52865192027513],[-3.7118708523179125,57.53410717169906],[-3.7206326051126735,57.55662080642012],[-3.729730849646893,57.56096695277473],[-3.712338086726917,57.567139876408945],[-3.7486823760929178,57.59089168468287],[-3.7387529341051855,57.59817922332681],[-3.762799185761489,57.63058422523307],[-3.7332681128689633,57.64471606818333],[-3.7218153229078794,57.64448315239783],[-3.7606309010664236,57.630574264974335],[-3.702608831589878,57.646376901889084],[-3.689551580465063,57.65781348940984],[-3.7221355174967967,57.65163319305091],[-3.7149078520904424,57.654902784808634],[-3.644029482978447,57.663164978148416],[-3.619642002372973,57.65526833732213],[-3.6240809486834933,57.64464277105355],[-3.6410540608759545,57.64398522615084],[-3.646406845229843,57.63979920506177],[-3.630440137535843,57.63928109660553],[-3.63717813056473,57.632589948642895],[-3.621252272285439,57.63835980488315],[-3.5920752821467996,57.63032006363048],[-3.580142606545146,57.63645561190595],[-3.5858231091196173,57.64694486464597],[-3.6242899201408907,57.662774950788915],[-3.514886043809816,57.66835754667502],[-3.4931530223369402,57.68441444169271],[-3.4895163346019475,57.6994841462003],[-3.497600085795527,57.70418060410419],[-3.4583662730733447,57.70390024878545],[-3.3458990230880006,57.72449865287672],[-3.289232394462241,57.72518519811417],[-3.2575014770113873,57.70525171925063],[-3.2794290116400724,57.719214682178404],[-3.2305887088250502,57.701572570050416],[-3.099611591962249,57.674080034882095],[-3.10698191770178,57.67473261783917],[-3.1053613013114783,57.668529667302764],[-3.0924900387280356,57.671041701568946],[-3.1001988269883185,57.675699052236936],[-3.027250111463248,57.66360690153705],[-2.932309640145658,57.68684923940593],[-2.921722695548424,57.69752713819321],[-2.849311396273217,57.70703268041659],[-2.8347837698372587,57.69404882040256],[-2.792323442227749,57.70060701724467],[-2.7489628680463087,57.69094410811962],[-2.740431018013908,57.681881898414886],[-2.7142153779757288,57.69269046340035],[-2.68358374043405,57.68280195430861],[-2.6674119324633945,57.69051721946047],[-2.6382165566046822,57.68020506838663],[-2.5741741352712353,57.68269124927515],[-2.5536408615371555,57.67066725309539],[-2.5223576504730256,57.67055986467428],[-2.5141477531027854,57.660413577834056],[-2.5282396771596205,57.65192837676894],[-2.514555189921749,57.657018347085476],[-2.4956927270550566,57.67318026980736],[-2.396502471568787,57.668288231059485],[-2.362110742381644,57.67604173081798],[-2.3446357223711205,57.66990086217224],[-2.3249369268887223,57.67756378777897],[-2.3255067751939134,57.686884276135764],[-2.297548690183733,57.696203114133525],[-2.2633262735129893,57.679306068154354],[-2.21168999873047,57.679543293198144],[-2.191905846601224,57.67130941813418],[-2.118089307228161,57.701115292592654],[-2.041251857207574,57.691769389769654],[-2.0023011203836862,57.69861365215749],[-1.995609277717007,57.68112688654264],[-1.9200372609493566,57.67486769809913],[-1.8857277129677494,57.63846686220549],[-1.8903709643085649,57.63887693038209],[-1.8907698676680489,57.63429178013988],[-1.8866822993977672,57.638500048483586],[-1.82345684853717,57.61212330558718],[-1.8262679117169487,57.567874325366354],[-1.8041364756920653,57.556391306059076],[-1.806889009422213,57.53098850449959],[-1.7972603854557279,57.51732814502786],[-1.8114775421418825,57.51808211073964],[-1.7673979312797012,57.506197411610984],[-1.7700971465184512,57.500410718519596],[-1.7704345981190368,57.50685282232891],[-1.7894438878878438,57.5034192426169],[-1.793539766016229,57.49474449502349],[-1.7756278693752512,57.496328621664915],[-1.796090000418882,57.48466026299113],[-1.7755507254209406,57.474802751140636],[-1.7814517269139145,57.4611386362065],[-1.8195995664775089,57.435340938137834],[-1.8153711961254109,57.42756843106217],[-1.8285698262070034,57.42197289408315],[-1.833743850512459,57.41627582518468],[-1.8278167033134796,57.416665926561286],[-1.8384031929034133,57.41009501463948],[-1.8490160072162571,57.416258151263136],[-1.859450380332849,57.40804386817264],[-1.8645916579449089,57.400377390857024],[-1.8581451802859899,57.39014444890699],[-1.9101683697031144,57.36587593264348],[-1.9228010442204806,57.35022827281375],[-1.9880193128177994,57.31003430961214],[-1.9991046966061605,57.33887127977273],[-1.990588210111372,57.34896128483044],[-2.0172238712419532,57.36121548326704],[-2.0527162622191284,57.36351316466834],[-2.017977881424388,57.3599047924205],[-1.9952395362592528,57.34683890183338],[-2.014429597495358,57.33497635016242],[-1.998654912317755,57.331520698077355],[-1.9942801779648258,57.32180484216715],[-2.0028012506804225,57.316180779934605],[-1.9946441699918596,57.31964000821319],[-1.9901121876710237,57.30499244549785],[-2.043853385897311,57.24322520105724]]],[[[-2.0790712662322077,57.09296791345718],[-2.0794297994364106,57.092553389384484],[-2.080388639090838,57.0928138793077],[-2.0790712662322077,57.09296791345718]]],[[[-2.0723981037515182,57.102057892730066],[-2.0724026628858176,57.101854872414066],[-2.072826790796004,57.10181599745511],[-2.0723981037515182,57.102057892730066]]],[[[-1.7738357002751304,57.470837868441436],[-1.7723807627887544,57.46988382191755],[-1.7753396988913046,57.46999618302345],[-1.7738357002751304,57.470837868441436]]],[[[-1.8169141884410542,57.42445462729921],[-1.81885497115983,57.42426339739027],[-1.81975895852405,57.42561878863806],[-1.8169141884410542,57.42445462729921]]],[[[-1.8090515608696465,57.43893805040468],[-1.809148414926145,57.438770431901155],[-1.8096574086194732,57.438909531284004],[-1.8090515608696465,57.43893805040468]]],[[[-2.1965547455561087,56.93898492710534],[-2.196211000430608,56.93799282112965],[-2.1974450565932733,56.938594547407284],[-2.1965547455561087,56.93898492710534]]],[[[-3.348837591432421,57.72955461758853],[-3.3530756216609974,57.729496836422015],[-3.346751529222388,57.73031164743458],[-3.348837591432421,57.72955461758853]]],[[[-3.638939673512529,57.643317292581884],[-3.6361063276145447,57.6418240225678],[-3.6417304554733496,57.641934399230884],[-3.638939673512529,57.643317292581884]]]]}},{"type":"Feature","properties":{"county":"Tayside"},"geometry":{"type":"MultiPolygon","coordinates":[[[[-3.3721380274088917,56.87461515221633],[-3.337061601466381,56.8958392125117],[-3.2848544212835824,56.90726680170485],[-3.2910982815879546,56.92544498480758],[-3.284247185504126,56.92855670557624],[-3.1739158921934782,56.90039801662511],[-3.1604468163128,56.90682166988161],[-3.12033787903248,56.88844693467441],[-3.1067539930822607,56.895036521356815],[-3.110773460919448,56.91873215731142],[-3.094614382012303,56.93234619463147],[-3.098652171070193,56.945324053352365],[-3.0836358194922835,56.95069720944673],[-3.083169708512124,56.958431912844254],[-3.026340013503696,56.972773213324636],[-2.954079224532965,56.966800569210264],[-2.892428586847264,56.98680409259514],[-2.8510873933836587,56.972565666518136],[-2.8331661199212577,56.97700745552445],[-2.8245085181409872,56.961936400095404],[-2.7656695866104775,56.959961291327524],[-2.7413773314390526,56.949375897366906],[-2.724687109008466,56.92583000545622],[-2.681288147593995,56.91034396815227],[-2.680636895859506,56.887628144595915],[-2.6622006060850274,56.88859684533076],[-2.665970846446132,56.85935506226136],[-2.6717348485830663,56.85869264008516],[-2.666171648049031,56.83465716676685],[-2.650970177546834,56.8225969126039],[-2.652786760144776,56.81042178183259],[-2.6316103357130296,56.8090772240884],[-2.6158191331869545,56.78329401879257],[-2.529411122282688,56.78503466006628],[-2.4803787872458196,56.76366073985461],[-2.4617647753305394,56.747453220554284],[-2.424560082749811,56.75474066917878],[-2.45468920286097,56.703398729829864],[-2.4759699040272447,56.707094213004375],[-2.4781430306034387,56.72209779631471],[-2.5159271493605955,56.723483687408255],[-2.528830849261132,56.70951103283319],[-2.5300245981209213,56.715649088029835],[-2.538885725352106,56.71942290640944],[-2.531522035374504,56.71409839927827],[-2.5427731728579963,56.7133915442032],[-2.5160906318656986,56.69855107935421],[-2.4760484987787184,56.70517049558441],[-2.436443729557502,56.70170051561305],[-2.4474500550966782,56.680702726752656],[-2.483367374698852,56.671719227851135],[-2.5114192786354694,56.651387359299854],[-2.5007195140230483,56.62953825343261],[-2.4834977179240543,56.62875971509516],[-2.4805813396750844,56.622413473740416],[-2.517775357166618,56.59290057171796],[-2.520910594145884,56.58127340057658],[-2.5375216924623323,56.575981843748316],[-2.5410526528182844,56.56518357545701],[-2.618887200507453,56.54489044719883],[-2.636007049859433,56.52718082900283],[-2.7165804673568403,56.49495704165714],[-2.734249224766898,56.464242804691],[-2.8027363881794756,56.480169208255596],[-2.870170110932574,56.46243923019592],[-2.909344634307586,56.46802281073668],[-2.997665188097634,56.45126173351917],[-3.0381253623292577,56.450985054485585],[-3.051930167695414,56.45838182270574],[-3.1265628760192423,56.43108698449714],[-3.2288176291660102,56.36823762066654],[-3.2784911596521025,56.36038835929472],[-3.3029296021189496,56.35786245150362],[-3.3393496731380656,56.37556738669275],[-3.3811113191930664,56.38545275331225],[-3.4084002297643745,56.380329000434614],[-3.3818949650486076,56.383818210203266],[-3.3013318570794965,56.353625732886464],[-3.335066302894352,56.352591194890614],[-3.338357736197207,56.338950961564365],[-3.3440778959607504,56.351904796174324],[-3.3669191394024063,56.353060669939104],[-3.379871713097725,56.34956117042884],[-3.386042569475165,56.35177092861418],[-3.3971392366596014,56.3492277351588],[-3.351662390227109,56.34891068759161],[-3.344995164114087,56.351282519070615],[-3.3388164182565534,56.338109923584014],[-3.3303182471688717,56.34259785910579],[-3.333635521971678,56.35170360302716],[-3.2556517304961274,56.346314174383345],[-3.2729246847208353,56.33396421748672],[-3.266594593136554,56.328174492693385],[-3.300684183395417,56.313969923510804],[-3.294483070543513,56.31125312960106],[-3.2997509602705715,56.30995981998391],[-3.2937532131964153,56.28871190620364],[-3.324862813608172,56.282795075012345],[-3.3356506654542217,56.28939552319497],[-3.383645788076607,56.26875687491384],[-3.353385149037158,56.25538907652479],[-3.367492982215228,56.239729059045956],[-3.279991115479994,56.23371715575936],[-3.290756836649392,56.22582329893831],[-3.2648859411632833,56.22004268212644],[-3.274917026189531,56.21413082532718],[-3.2609445390028333,56.19607383837487],[-3.309125214952545,56.1853048220084],[-3.292922138625296,56.17344418169188],[-3.3056744612887714,56.168095113391104],[-3.3455186341296805,56.17290344385292],[-3.3716850564594756,56.164428382004296],[-3.369912092558938,56.145840349657114],[-3.410030899261657,56.1389439822949],[-3.4537026700864617,56.15037781326985],[-3.5400065101999254,56.14646197453743],[-3.546083849684282,56.15854354518572],[-3.5639185876126454,56.15986910940993],[-3.5828869099255156,56.1508719667194],[-3.5809517191716673,56.13930976101765],[-3.6398337290696774,56.133577466514524],[-3.644705338880713,56.146551920826944],[-3.6366604868358023,56.1512891119245],[-3.6478573874885796,56.15967672230975],[-3.59330172838992,56.17300719936775],[-3.5979959572864857,56.18107768170528],[-3.571407999245425,56.192936280143556],[-3.619291243751181,56.20549843700646],[-3.638063347537636,56.19685405434884],[-3.651067473089731,56.202971024386386],[-3.666936009182929,56.18862805534114],[-3.686453619773925,56.19585290279679],[-3.7377963766025997,56.18926503171276],[-3.7521882469802814,56.211908488166785],[-3.7808786134607577,56.21722709629831],[-3.836410429038596,56.19562119507585],[-3.8472022429094386,56.22597243498595],[-3.8752213139292477,56.21474504584921],[-3.900704468451143,56.23410293538514],[-3.9163362033712494,56.224911572268354],[-3.939926523982616,56.227993584717844],[-3.9562088280180094,56.24657308645048],[-3.9671095444471742,56.245312895278964],[-4.005280588007646,56.27493429853698],[-4.037562255818346,56.269111360510365],[-4.038546509975382,56.280263355395796],[-4.052205521878585,56.27349105600388],[-4.078503277726231,56.28991524226338],[-4.084079301134565,56.280888891337376],[-4.11569390700222,56.28103092871195],[-4.13987113139631,56.297820045028665],[-4.188206223142283,56.30421824630005],[-4.197926204285572,56.31443017857143],[-4.221059564778793,56.31963404247399],[-4.237411692712675,56.329211587601236],[-4.222628242371382,56.34230187692533],[-4.242029719805294,56.35278118203915],[-4.240623355173209,56.38439049168664],[-4.19645180588687,56.3866955434717],[-4.202050498688648,56.457819234986275],[-4.161891485212221,56.44472683363074],[-4.134435037871463,56.46402416926439],[-4.098617736170705,56.46534499002031],[-4.108805636258543,56.48893640116589],[-4.154482195425168,56.510285334392925],[-4.296886256678776,56.475043561506155],[-4.310213519220131,56.51557784230942],[-4.333132483690336,56.529307853798684],[-4.331225040558357,56.53901783564785],[-4.365032614479098,56.54709131983269],[-4.378494274505699,56.53359227599154],[-4.402826907464185,56.52682856907298],[-4.441977622820086,56.52573664670005],[-4.477391084757184,56.513010265166],[-4.494354531206303,56.51265701743854],[-4.507415934933791,56.52336259068061],[-4.528794801264491,56.51856561328311],[-4.52850162665436,56.50489758909743],[-4.577263443468022,56.50522004555036],[-4.625147482277507,56.486484001766556],[-4.620328129568091,56.48043846290108],[-4.63397416671238,56.472748220968796],[-4.670833257499135,56.47975227556653],[-4.686206210121081,56.4905471109146],[-4.6582991915690055,56.51068255227585],[-4.653722628045738,56.52600985175179],[-4.659453404826925,56.53445230858013],[-4.697625512738684,56.541043661301984],[-4.69758476083537,56.549955765074074],[-4.599524289834897,56.57665892873924],[-4.559839616080492,56.573002923167905],[-4.570512842703081,56.576251579124616],[-4.5861396620256025,56.599653571572254],[-4.636796343962373,56.6250253258228],[-4.618305336178098,56.63781413051542],[-4.631201801174571,56.647580707914656],[-4.6298110996923985,56.655015642088365],[-4.664136821349416,56.63979740376457],[-4.71542043417938,56.64232822204587],[-4.717536244474079,56.67658750761212],[-4.65756892607617,56.67474153154335],[-4.592015914572287,56.69318241752449],[-4.591207656990739,56.70446928265968],[-4.605916664713415,56.70795935549553],[-4.575995372050819,56.734788960193306],[-4.589871690443102,56.75988126808758],[-4.5467931935400445,56.77236718445221],[-4.549652901602046,56.781947411850766],[-4.528527744990821,56.80131800201058],[-4.517285994373855,56.804906635933584],[-4.469098029489383,56.777858055118784],[-4.441843787148577,56.773843190678974],[-4.374263661958696,56.832259004469535],[-4.330510174879621,56.82393138155385],[-4.329722021046605,56.83696748299005],[-4.303959226804489,56.851397208527885],[-4.227695991392901,56.857602990348724],[-4.216953728720949,56.86899994642349],[-4.199399781399244,56.87044271494018],[-4.191918298072034,56.87746659356026],[-4.2055409281284675,56.88444696875334],[-4.17449212696619,56.911706825257625],[-4.136212902927999,56.89723513964831],[-4.040886582157758,56.89617406561541],[-4.034755624024423,56.90148757704216],[-4.022892208220794,56.88875268766743],[-4.011549626438769,56.898021267544266],[-3.999384805579723,56.890290442984245],[-3.9677633442748337,56.899279570194956],[-3.9624121446739307,56.90980040679165],[-3.9707087416023445,56.91794091652907],[-3.9694055435779174,56.929377503098834],[-3.950685399870011,56.947116338919415],[-3.9386133733759707,56.948620526004355],[-3.936367277218385,56.93542889834035],[-3.9002880117974335,56.931840528874176],[-3.8947243495827495,56.922755532676064],[-3.8548326995083855,56.922788012077135],[-3.8242778505030124,56.9383867604268],[-3.8016462642035607,56.9358802547785],[-3.783497979431975,56.923080771492344],[-3.7406864075651227,56.9336083619515],[-3.7102691772248106,56.91357862650893],[-3.683551934819562,56.91611581060743],[-3.675470760241593,56.93244208435258],[-3.6547349030208034,56.93289802464097],[-3.6436560140752214,56.92328223430575],[-3.5787909326027734,56.92953630308849],[-3.572242892073745,56.91098912496251],[-3.558717384702904,56.900345535095084],[-3.5684604802169146,56.89462162953868],[-3.560781867375312,56.884103290206006],[-3.537655314215853,56.89225532234679],[-3.5292499410456823,56.88360747371667],[-3.5025405414449886,56.887112210901776],[-3.489849446642074,56.87671633730876],[-3.4657067513331654,56.87281073969288],[-3.429832085915106,56.886546175394685],[-3.421286910014441,56.879572931620324],[-3.4049618235532133,56.884020775459916],[-3.3721380274088917,56.87461515221633]]],[[[-3.249028838265605,56.35619352555204],[-3.26920680150327,56.35478010857716],[-3.245465916056518,56.35835071675884],[-3.249028838265605,56.35619352555204]]]]}},{"type":"Feature","properties":{"county":"Strathclyde"},"geometry":{"type":"MultiPolygon","coordinates":[[[[-5.488518777109739,55.58480185578719],[-5.489955404762182,55.53000584387915],[-5.504223465234586,55.52717051041375],[-5.512796711935996,55.505189268214515],[-5.507002747995424,55.500004808546244],[-5.515717577954697,55.496396404030065],[-5.511170581217489,55.4877252038987],[-5.544481393647917,55.46774106834746],[-5.545493063691699,55.449670327619174],[-5.555146218101128,55.441988044355924],[-5.550537061259405,55.43428185487242],[-5.58055114790531,55.42412973797086],[-5.6041108781332,55.425924863155466],[-5.583890366158821,55.4137219928132],[-5.5514742139749425,55.417788942160016],[-5.526514470417898,55.39200051976699],[-5.516566269114297,55.369197200982015],[-5.561848815510255,55.32366367408348],[-5.603516481205972,55.30753821725976],[-5.686078558005557,55.30779509100617],[-5.719995214728789,55.29324038014881],[-5.756369563080863,55.28942321882383],[-5.803377074966527,55.30507630413075],[-5.796701301886965,55.3344313369497],[-5.80412374744996,55.36464320977295],[-5.7965115500879385,55.369017508251886],[-5.796651199035316,55.3897734330881],[-5.7553076316154534,55.41417357562312],[-5.750090674716,55.42469387831369],[-5.722276930695567,55.42669091085985],[-5.712917836016578,55.45830339523141],[-5.713679056293892,55.52068989488677],[-5.703823439400552,55.532615425328736],[-5.715327351682418,55.57797766189202],[-5.692729262601222,55.58737195288731],[-5.672327998184169,55.63286146896019],[-5.67153618345933,55.65607410036801],[-5.663071476940875,55.667837293555024],[-5.676549497499495,55.68244094818624],[-5.619996144254237,55.70972208600325],[-5.5975005967349345,55.736432897016094],[-5.601405905304031,55.740279006420565],[-5.584258246152208,55.74804066145979],[-5.569825919781013,55.76692574281403],[-5.55344205793011,55.76705051656684],[-5.478998968988904,55.804018478034635],[-5.484382790401025,55.80665302804555],[-5.447082426537346,55.83713966515777],[-5.450570744530886,55.84701882211856],[-5.435502745345776,55.857207631494084],[-5.445924305103664,55.85716491912776],[-5.462754917884813,55.83668277908549],[-5.4753712910067085,55.83519370484441],[-5.484577054727739,55.81953151101599],[-5.525129337570719,55.79403277213976],[-5.613861745385362,55.761867516751934],[-5.614501308972739,55.77181538880518],[-5.600346506677827,55.77749372531054],[-5.620977695899415,55.7820839142928],[-5.6046605591032606,55.79128485824113],[-5.608031340878646,55.79508000200059],[-5.640071390712167,55.78683618578475],[-5.664404408260571,55.799508303536044],[-5.671147854379974,55.814024812487474],[-5.6628783540499,55.84737375319589],[-5.6254189200577525,55.88340274276619],[-5.61872136630143,55.90084013921196],[-5.569021748105622,55.937415760812925],[-5.609101125453488,55.92917202828354],[-5.678448062974719,55.88662314758967],[-5.685698174472432,55.89615196576319],[-5.681126653901134,55.907256125418165],[-5.6884742955822585,55.91087985234261],[-5.665164296002024,55.94917748939247],[-5.5975178446206515,56.0079837518079],[-5.572534313438954,56.01703154707348],[-5.5656045282688105,56.03002302549804],[-5.59817889666273,56.01592548191218],[-5.566176430078106,56.041275876952035],[-5.588661477940106,56.03046747879154],[-5.581311743546117,56.03890382706088],[-5.5868194439256795,56.03906281207869],[-5.59683272064055,56.025456294805174],[-5.609063960868569,56.02393741733998],[-5.580323559007961,56.05266646432856],[-5.612041017641083,56.02426825820474],[-5.624754303776695,56.024686070241884],[-5.6122351805735144,56.018058945116586],[-5.645103575866158,55.98526804337636],[-5.658404948251656,55.98362423170798],[-5.635713824232868,56.01291692662638],[-5.651979681520619,56.00067444495081],[-5.66336247560287,55.97932262070613],[-5.672800739335918,55.978483822319404],[-5.67038958602182,55.97318328783254],[-5.654745512741978,55.97729854385816],[-5.674942064726111,55.95985868616995],[-5.687839373455253,55.955892486202906],[-5.676721189250182,55.96919539753161],[-5.714978751869676,55.9486741563934],[-5.654393929415678,56.02429413476677],[-5.635823764413575,56.029094678607834],[-5.641806528927035,56.033610683966415],[-5.6326498385857295,56.05253771053465],[-5.584699697502965,56.09172712138532],[-5.567673714182269,56.08771009338964],[-5.5529750909115245,56.09082628077834],[-5.550404708787943,56.080752308731],[-5.526937584412962,56.07239445942468],[-5.514270364629676,56.07371374358261],[-5.517159822398074,56.07886853970688],[-5.509533941794552,56.078546399082406],[-5.5178788099595835,56.0791716989222],[-5.515097224569107,56.073878978758856],[-5.528432830643202,56.074857446164806],[-5.5288799985083,56.08510150657075],[-5.54502573110493,56.08450348590835],[-5.530287533070375,56.10055708333787],[-5.554723890735841,56.10120382945814],[-5.550937434731201,56.10791677127896],[-5.562839605316705,56.104826763100704],[-5.56848667419458,56.11127034966641],[-5.548317711912424,56.143214292414605],[-5.501331594600745,56.18607574256296],[-5.508068011263698,56.19121696807742],[-5.525490234577817,56.18824832245821],[-5.579416897511923,56.157138776002114],[-5.580476649276598,56.14596271338082],[-5.598270673190825,56.13276310348637],[-5.614647795673523,56.13157111686761],[-5.591102108774157,56.15157189257597],[-5.604544538837439,56.149117705701876],[-5.6014161921672585,56.16195940684411],[-5.585884305051486,56.16885251707342],[-5.586990671633781,56.17754293288441],[-5.557337081922953,56.20385668978447],[-5.56634501524922,56.21091242051674],[-5.5409509787562605,56.21782286636804],[-5.548435934797706,56.23045962355803],[-5.566046755606493,56.23737274590707],[-5.481332249596631,56.256981011143566],[-5.505204974638187,56.27011059598402],[-5.517338773462296,56.259554721872426],[-5.561844950990802,56.260736903103265],[-5.581682526541509,56.2481510353108],[-5.596511575361109,56.249131286982696],[-5.593357957514656,56.26685950033465],[-5.579192383472788,56.283885212953294],[-5.584750974030528,56.28735018428745],[-5.591944284451475,56.28265837444635],[-5.577649080292801,56.3334779702569],[-5.550548795599775,56.34839875133475],[-5.520445027815946,56.34044153606101],[-5.498916544177047,56.352124992655234],[-5.46941279023427,56.35394372937182],[-5.444290283507649,56.36220252337562],[-5.453230136201345,56.36792219201292],[-5.479121032175427,56.355548490637666],[-5.4957399552499755,56.35841351223166],[-5.492951357744855,56.36334008928069],[-5.520442263130959,56.345407871840266],[-5.5373677048473535,56.3573512137569],[-5.533428691170259,56.372347848940834],[-5.52290906327229,56.377606005539654],[-5.529971072088762,56.37967679835497],[-5.514034439431618,56.39565603952965],[-5.472645728005829,56.41415885175554],[-5.486389134973726,56.42623268160497],[-5.483889675073678,56.43593172399053],[-5.44104246371076,56.45567034317424],[-5.435718178880624,56.454582472191426],[-5.445237650733199,56.4489145173962],[-5.440012151751297,56.447425226709726],[-5.3498753497286105,56.45972787495484],[-5.33044364051779,56.45054856831451],[-5.316073445923508,56.45774444739818],[-5.286107479097384,56.44866704095569],[-5.269209223737046,56.4505476380752],[-5.266953256353015,56.457920178882866],[-5.248672261745589,56.437466440543474],[-5.237185392365292,56.436269294774846],[-5.231825474613331,56.437622746242326],[-5.22956071301411,56.44445168231581],[-5.190486772315759,56.44830599967281],[-5.156894408838146,56.47194449787762],[-5.135324426861987,56.47684681085371],[-5.144143625218303,56.4820350523253],[-5.136233911941325,56.48992211388572],[-5.118345701345665,56.48945492309815],[-5.1277493251115915,56.49257976297451],[-5.103310900756472,56.51245262635866],[-5.095919649625908,56.528485585071536],[-5.061742715090819,56.52710748137099],[-5.051884831064833,56.53617714976106],[-4.9943197301900675,56.54213116582769],[-4.985127300566707,56.55648691423518],[-4.951532236135658,56.56368039957766],[-4.947472349140218,56.57572684720054],[-4.87852154887988,56.56604983416522],[-4.838609610824815,56.573839594839185],[-4.83002482695312,56.56921788383566],[-4.801100310781792,56.57359890460903],[-4.779442900740018,56.58776924395429],[-4.726188249509082,56.587806557757034],[-4.7022285905236,56.605555411698475],[-4.686574883546219,56.600628016389244],[-4.626423674326964,56.61559701502271],[-4.609816704676937,56.61480993226599],[-4.559839616080492,56.573002923167905],[-4.599524289834897,56.57665892873924],[-4.69758476083537,56.549955765074074],[-4.697625512738684,56.541043661301984],[-4.659453404826925,56.53445230858013],[-4.653722628045738,56.52600985175179],[-4.6582991915690055,56.51068255227585],[-4.686206210121081,56.4905471109146],[-4.670833257499135,56.47975227556653],[-4.639066089058162,56.47603727287283],[-4.655348097868711,56.47303394684957],[-4.665530669095683,56.4600800891723],[-4.700072675888775,56.467354502935585],[-4.726404567417082,56.459489460097714],[-4.733324235564013,56.45491964981084],[-4.723039338924921,56.44638727290774],[-4.733388320338296,56.43424171401329],[-4.768073942957841,56.43649213008272],[-4.7645700676094815,56.432031394373254],[-4.789920953810478,56.42732902612899],[-4.798601768439288,56.41677912302251],[-4.811659009362129,56.41759814642407],[-4.812635987770981,56.398107731302254],[-4.835147042027055,56.39013452511734],[-4.834219573959742,56.37809357603903],[-4.854357396005752,56.370674276016594],[-4.78317305968452,56.343855883961595],[-4.778733736363632,56.33900763395352],[-4.79281948194668,56.333127055391664],[-4.785899502049741,56.323831932319244],[-4.739897079469744,56.331914210171036],[-4.720948083697741,56.32732580381143],[-4.721849353887243,56.32146831194068],[-4.715903720022795,56.32998464558042],[-4.658469020103614,56.32192884508107],[-4.676702538288279,56.31287167403407],[-4.670658912753394,56.30251339718997],[-4.682108453869937,56.29783925242902],[-4.660305524076005,56.28114298932276],[-4.697124744582221,56.274440701235726],[-4.701415886995855,56.25465875059783],[-4.685532574729148,56.21909474629404],[-4.695367180660118,56.19916888960544],[-4.655590824076206,56.164989401613724],[-4.641149755676572,56.12347785029613],[-4.5904236206211095,56.11088129797755],[-4.605308835473224,56.08888997382564],[-4.587369669943809,56.07322414048709],[-4.53235050142909,56.07342322411636],[-4.506307534447197,56.05859070816985],[-4.499702821971038,56.06112896953628],[-4.504863149465436,56.067573592503294],[-4.475480481938159,56.06121760060433],[-4.480501465637057,56.0514549820421],[-4.49889703025968,56.0476610528768],[-4.487203253643185,56.03905984608344],[-4.492145798637631,56.03374623928013],[-4.479125171485259,56.01998245043046],[-4.48239467019286,56.011521136380196],[-4.470792468591038,56.0022883554599],[-4.446026338430229,56.002782455011996],[-4.430339165871499,55.979023702286185],[-4.414022666893122,55.971341170948904],[-4.366367357864206,55.9804270726641],[-4.335210065535787,55.95941468042834],[-4.28640048866625,55.95778218107037],[-4.2936298332769445,55.96282988559201],[-4.288636532775885,55.966831375289786],[-4.2726518085173515,55.96534435525225],[-4.2805463998858535,55.9752722985583],[-4.27426969006631,55.976875793736816],[-4.275771363392045,55.99521815314445],[-4.294089349174083,56.00868757091652],[-4.296323880753516,56.025654763037004],[-4.275263203151821,56.028709917918505],[-4.256994081110371,56.01722745086561],[-4.222531157248343,56.02032990412051],[-4.197933988323215,56.010054007933164],[-4.1627232497965565,56.030291152826116],[-4.15237582645507,56.00803625357897],[-4.136396910852386,56.00624726155471],[-4.09990940336614,56.01930270358329],[-4.096276648251963,56.02747060194847],[-4.020121060027584,56.028037147938484],[-4.030341131653935,56.00973312935686],[-3.9884178400291406,56.00778875633055],[-3.9746349195190867,55.99087725074652],[-3.9893240429273575,55.98728446874722],[-3.9852312590401584,55.98278163067327],[-3.9446097921778938,55.9815619803391],[-3.949721632117406,55.97144323653985],[-3.9380951795856114,55.9629178978431],[-3.8603786019460427,55.95925117727474],[-3.9037605838767324,55.93811862110974],[-3.8330288875769485,55.907799790259695],[-3.809169352872324,55.9048575699437],[-3.831248559324856,55.89358995433139],[-3.82285697282737,55.88386903411197],[-3.7954394806497596,55.87351098818642],[-3.7703307595642213,55.880966806735515],[-3.7622293445777775,55.87269342083727],[-3.7119220823905112,55.8820707113981],[-3.7111270931188636,55.87379931039277],[-3.747182988771833,55.86550595660998],[-3.7502477281637274,55.85899945802106],[-3.732747015507181,55.82321122106937],[-3.7150721385953447,55.81405392966005],[-3.7416329574322353,55.79940579005713],[-3.7334688454227156,55.793033028014456],[-3.744012302917584,55.782008587680124],[-3.7327157289133717,55.77787017312267],[-3.6986703753367847,55.79462859862913],[-3.5915491002274536,55.81021529269505],[-3.5834080497359095,55.79871487331524],[-3.554998755004156,55.78569103511751],[-3.5470639438026152,55.790732605841704],[-3.4560562253839398,55.76361790411],[-3.453135661569119,55.74872682292906],[-3.435893909591282,55.73179968101047],[-3.439519302625898,55.72407692992815],[-3.419181258736296,55.71056606660807],[-3.396404611771757,55.71631214790386],[-3.4011652506019714,55.70223901668054],[-3.4857362208551415,55.64902265887521],[-3.489039358679176,55.63501624721145],[-3.4778172988202027,55.63268258509106],[-3.481675142306404,55.61642312034218],[-3.530009322865694,55.61139292039101],[-3.526883474145708,55.59701966489684],[-3.488476131673811,55.562667595466365],[-3.5034180198448506,55.547442023491016],[-3.4866023832032282,55.517053287390674],[-3.5044278159672158,55.51246803680577],[-3.51190868334598,55.49383228744325],[-3.5221786463472213,55.49026313066433],[-3.51847374313703,55.4737785067495],[-3.539564550682939,55.443171752492184],[-3.507377576237776,55.41226450056021],[-3.531399433790853,55.39643623607806],[-3.5498314106050173,55.398985286607086],[-3.558167648331756,55.38811332423575],[-3.578493928195232,55.38496333292556],[-3.5726914916582664,55.355103496271525],[-3.5882043066296525,55.346027589265866],[-3.573964859788492,55.32836063054804],[-3.6070278986202604,55.32582724970308],[-3.6215518216552844,55.31654155768824],[-3.6186745161187126,55.29620478887459],[-3.6636134083382776,55.29175072876907],[-3.678363832057766,55.30894754822591],[-3.698913691541613,55.31365562159731],[-3.711157088376228,55.32315915033061],[-3.710461550880611,55.34414891791545],[-3.7201798291287194,55.350244907932215],[-3.711039238475542,55.36321106763091],[-3.7536601396883276,55.37494146438744],[-3.7645943124963392,55.4011024631436],[-3.816402669007535,55.42726896947092],[-3.825498767252478,55.44441561187121],[-3.8954362347085727,55.45975803768738],[-3.9509818971055815,55.462592222262565],[-3.969790309332641,55.454364123797326],[-3.9862264518953454,55.46405183811299],[-4.016451779131901,55.4465571183088],[-4.002721241704035,55.436515501018796],[-4.090820532342352,55.41208815248699],[-4.107486455508367,55.369042681610594],[-4.08572964353262,55.351260896960675],[-4.119135920579456,55.32227095003684],[-4.116382051490017,55.299579343739644],[-4.142617878735756,55.28362651208703],[-4.1716348850115965,55.29434878021283],[-4.202884772855855,55.31820049367917],[-4.2395147094252055,55.321435079307356],[-4.2576691906412565,55.30528614364324],[-4.300482640504021,55.310689871789876],[-4.312920045027235,55.29151570783981],[-4.3601513643869545,55.257988375533955],[-4.355343013614598,55.25266124826543],[-4.381554923071595,55.20728913208225],[-4.377383140046689,55.201456169226326],[-4.392189649819381,55.20246725463475],[-4.397360934380589,55.18636718569673],[-4.409217453829399,55.17921595450805],[-4.407271335217341,55.15696293300521],[-4.420645922772194,55.143741052764646],[-4.439173520744507,55.13788316480079],[-4.447454184234343,55.159452478753565],[-4.442689305967278,55.16843777265011],[-4.461846667280313,55.1702204224898],[-4.478620668859817,55.15292608188163],[-4.564966628681471,55.15801539820556],[-4.5840008235568295,55.141976787751105],[-4.623170598151021,55.140784511524146],[-4.66358798664414,55.11418895282745],[-4.656319642826452,55.09459383032038],[-4.662032128014141,55.08974963326015],[-4.646629457312546,55.078066923032814],[-4.629514208747942,55.07678396883411],[-4.625223414943511,55.0684492145354],[-4.633749510698129,55.05136512395203],[-4.645814659546415,55.04877057298324],[-4.646739859266021,55.0563823567497],[-4.715171534764862,55.03751125084744],[-4.741456657364938,55.047309009242994],[-4.761073673371955,55.03797466773724],[-4.775992215424849,55.04183772179371],[-4.789167219849254,55.031054423207614],[-4.802353106824001,55.04439310636001],[-4.830604648808239,55.03464149960864],[-4.841055708046159,55.04474503750151],[-4.884551047914674,55.03890302439498],[-4.882592603860548,55.04715715434091],[-4.896211488152084,55.05362101924779],[-4.894729831988064,55.06086162428543],[-4.923046194620447,55.06620772463477],[-4.933399402112609,55.064371796185945],[-4.930781284465994,55.05138155766507],[-4.9605591250381735,55.021501252339775],[-4.978059959701538,55.0221211686854],[-4.9732310200698615,55.01153667956912],[-5.0397521505619975,54.99779350986128],[-5.054943255129953,55.0122211871588],[-5.059643475687452,55.030595699068606],[-5.0502052673835465,55.05403494461123],[-5.006257414462068,55.09381136603674],[-5.010251447790908,55.104106152986716],[-4.995811515242496,55.12397638365266],[-4.996518722730887,55.13835297170564],[-4.941532934440895,55.1640248764017],[-4.910832028613546,55.19835899827392],[-4.865184360834363,55.221733268805274],[-4.859048536541813,55.23221353842956],[-4.8649662739343995,55.24535849180198],[-4.858446803296283,55.24455364282035],[-4.837712647152287,55.277793335310776],[-4.837461372753491,55.311055687612075],[-4.845608307264337,55.32583885618737],[-4.774597872634537,55.360047368323244],[-4.769618367516587,55.40065646132818],[-4.75358625995948,55.41619661408858],[-4.7128886141537505,55.43291267925371],[-4.6479362208485355,55.437127849742495],[-4.644455767296321,55.46900986252335],[-4.6224679617049045,55.459241347320614],[-4.643933618960364,55.470613451820654],[-4.631884474565333,55.47382520800185],[-4.6203458423113,55.49700113107291],[-4.630690136765505,55.5177630473634],[-4.625440599676707,55.51710724832143],[-4.664097316722355,55.54193816117673],[-4.68547392186382,55.54583720310912],[-4.6837617604073865,55.55113737899974],[-4.676015166053316,55.54431642512465],[-4.682623790955127,55.55030749029256],[-4.659219576635347,55.54801626197793],[-4.658242804136147,55.57019354649689],[-4.670787518221107,55.58868441853764],[-4.695657894712257,55.60413690107567],[-4.6792555254934,55.610293395288004],[-4.681860306911661,55.6222536296549],[-4.687367186488225,55.60911086293554],[-4.713608069341059,55.63490468574065],[-4.6887102472138285,55.6402666390988],[-4.714814811994215,55.634891455338135],[-4.691293070693201,55.60900134636498],[-4.698220399574927,55.605821625243095],[-4.756336259105684,55.631182107938905],[-4.82176320328025,55.63744023454234],[-4.826236953030739,55.64114765658414],[-4.818418507946939,55.63950377051809],[-4.815338067398667,55.64751009867647],[-4.862474849434298,55.68410556146546],[-4.905218733530029,55.699118598283825],[-4.90305406669144,55.7222008981746],[-4.884591924936758,55.72856714088089],[-4.895094443507745,55.73673742639627],[-4.873372211762987,55.73035307657518],[-4.868789521327613,55.743327124577036],[-4.881383844331937,55.75160511445803],[-4.85738691160797,55.74688299464513],[-4.855770577155077,55.76055785871334],[-4.854810591697168,55.774457448842945],[-4.888382322639073,55.81863064623953],[-4.8893642882094674,55.88219798848881],[-4.898668349113418,55.89122162307785],[-4.871195562610508,55.909966860745605],[-4.882384649166938,55.91510949316535],[-4.874875664683976,55.920157123235086],[-4.876876839318733,55.943694592691855],[-4.817351925137892,55.96294903655799],[-4.811614134775827,55.957437934569505],[-4.7835136111955805,55.96228545935831],[-4.745328937182916,55.94426410425095],[-4.7238657155664106,55.946517734960686],[-4.71394445220615,55.94329424524859],[-4.733515022389872,55.94474622739098],[-4.67831405462788,55.93470947729713],[-4.57188471904204,55.92317484559596],[-4.487066383910813,55.92643118305765],[-4.426239234028746,55.89844126143388],[-4.434663507868692,55.90416359889143],[-4.419695674019077,55.90132848668606],[-4.40663070936867,55.891266796906926],[-4.409398807422339,55.880015267533764],[-4.4032524682462135,55.89120809234166],[-4.354720240183334,55.87307663764273],[-4.352532926424514,55.8653550086953],[-4.351929851256683,55.87200657038128],[-4.270610887050437,55.85533063748129],[-4.341686510729621,55.87071182367665],[-4.414838989046837,55.902722663528486],[-4.443864390479316,55.908380748166664],[-4.475741812669947,55.92758159027597],[-4.563249601909073,55.93525965932207],[-4.56401950408763,55.942547335530755],[-4.574923103859487,55.9449146669733],[-4.572732707270735,55.95098247075092],[-4.577797137531099,55.95282517802008],[-4.573899938327908,55.956377895310155],[-4.574848030300821,55.95944728757539],[-4.580058397753796,55.953054655602486],[-4.576146111049522,55.9441817225167],[-4.565403625983011,55.93897001531566],[-4.6664371117517796,55.95836389490303],[-4.683621306892825,55.97088078905405],[-4.701751194371988,55.96738198060717],[-4.700689958736912,55.97525896166517],[-4.685074826977055,55.97568663225981],[-4.700175515209628,55.99169557342385],[-4.787563231918499,56.01508365175987],[-4.7878910130040815,56.025680090254546],[-4.819115760775065,56.052851901316274],[-4.817274510913268,56.06516971827057],[-4.835922504552994,56.080579359858305],[-4.841794835887476,56.05881218252348],[-4.825806944916414,56.0335780446844],[-4.806194942594192,56.01289279836963],[-4.795606514970405,56.012541069673844],[-4.792840139062038,56.000833183770645],[-4.770914351021151,56.00110436529119],[-4.766945725109277,55.989595650515014],[-4.803305273505456,55.98261295175046],[-4.854175799137326,55.99161305444619],[-4.880002740033987,56.05816832752942],[-4.769257746114795,56.186950398681795],[-4.748457484160792,56.19578744567178],[-4.744012144509616,56.20498684810045],[-4.749838839520127,56.206681951173195],[-4.7862060268892765,56.18583679324583],[-4.826512393345609,56.14139505790193],[-4.832119755693529,56.12354300018254],[-4.862585642275519,56.100208862700754],[-4.886838869451328,56.109134548134726],[-4.891477872306533,56.123123816838415],[-4.882826206059324,56.1428262113086],[-4.9007926748901856,56.16996929407764],[-4.906504121586881,56.1736552910071],[-4.91768145927596,56.16401100730645],[-4.8999732745989855,56.14607670371147],[-4.909323192975303,56.11216686421465],[-4.874454418352257,56.088914429233846],[-4.8939441512913024,56.06245669712495],[-4.914445427739055,56.05124288317402],[-4.899359944027382,56.02001465145696],[-4.895893907339024,55.98776414856787],[-4.928033850821624,55.988822766197536],[-4.960909232909768,56.0053037801408],[-4.954634361359788,55.99490313232221],[-4.963580056626673,55.99172810050563],[-4.908134243666883,55.967996618293746],[-4.92460797658338,55.950408068878794],[-4.92037895484926,55.94541623659334],[-4.933648030835881,55.943037694657356],[-4.951078190114648,55.89775546907113],[-4.971788925716075,55.881843012458525],[-4.978835452294233,55.861772076321735],[-5.0447255770164094,55.87096439426536],[-5.0405215456250385,55.88181670922626],[-5.068477120755545,55.95217046665862],[-5.103815325099316,55.97057051250016],[-5.122880087536209,55.99937289587674],[-5.121224390078666,56.00946968210333],[-5.129580783551916,55.998321859569046],[-5.118101212077366,55.97232301768813],[-5.082435594946585,55.93851278754142],[-5.074973570049154,55.90386093431328],[-5.082219604088326,55.89786118551136],[-5.105233945326502,55.90015913078599],[-5.178651534789725,55.932891842645354],[-5.190019402200988,55.947264597767884],[-5.183514530079629,55.97231675255391],[-5.186198942466249,55.98565108962933],[-5.191269383528695,55.98461633337767],[-5.202578005573369,55.944336811162884],[-5.195103845458455,55.93447836434015],[-5.207454452582066,55.91643917390506],[-5.236870972619345,55.90442492416912],[-5.242187571696549,55.894425495746724],[-5.2086711786989355,55.85631418949963],[-5.2043921801086555,55.826917689211285],[-5.24935364493197,55.84063693133963],[-5.256624564332758,55.85186611740972],[-5.286974947862738,55.84921638953489],[-5.291967831462524,55.85761783655437],[-5.31246299144791,55.85249567215205],[-5.304410457631439,55.85544097289506],[-5.31719635411337,55.85730370590677],[-5.311165151364846,55.87580470593746],[-5.316809104612584,55.87076994856052],[-5.32072001247773,55.87535192440618],[-5.313583768227828,55.8777623622199],[-5.347872621596621,55.887861973433665],[-5.345715181123765,55.896893088031554],[-5.352218066863085,55.898266842455904],[-5.343926072110734,55.903801397927495],[-5.350906444169695,55.90988148153814],[-5.336790985438609,55.91974626127257],[-5.347888878551577,55.927520795408036],[-5.3270381611290265,55.95583233543123],[-5.346773933267029,55.96901202326816],[-5.338640893064704,55.98196316689656],[-5.341881755833897,55.9950729539082],[-5.30150648764418,56.02364012955961],[-5.288583123351695,56.04929172219341],[-5.264255385990844,56.0712278252344],[-5.202812067629817,56.107070589623525],[-5.210758066414787,56.11659845751993],[-5.203295393283194,56.12833865074774],[-5.1017759413494215,56.1559802123962],[-5.079766601894981,56.16757547424094],[-5.084070814923622,56.17545596882802],[-5.055164530296691,56.2109123670113],[-4.939370554334543,56.25458416483776],[-4.917435396625771,56.272541688361834],[-4.997631806572507,56.24232222747568],[-5.045710027264829,56.23441567562312],[-5.041898716255288,56.25954775613138],[-5.045073390207714,56.24645622416247],[-5.071503571448843,56.238389880737856],[-5.077517728173202,56.223345272574726],[-5.110709371904662,56.199480843678124],[-5.105838590863208,56.186811506661144],[-5.117508837221991,56.17071406850966],[-5.145796960488987,56.15678739709137],[-5.192119838722481,56.14987995156256],[-5.236595999587711,56.1284819619812],[-5.255170537109948,56.113473698009365],[-5.257143674184818,56.09740148359594],[-5.283272499841895,56.089296387572205],[-5.305272045645303,56.0615385277703],[-5.319573725297233,56.05861966744758],[-5.321344085399828,56.06863058441586],[-5.333895568849708,56.06821358634299],[-5.336551326443999,56.06275835546678],[-5.3262353030178105,56.05801158726111],[-5.341762074821556,56.04937272765132],[-5.338095339020122,56.03130283614082],[-5.3465462214882935,56.02180508419462],[-5.364284189447671,56.022591922205564],[-5.384532283083603,56.002637870891924],[-5.394276396023194,56.00735492757225],[-5.405805649740166,56.00149980681063],[-5.42754413715651,56.01136496673811],[-5.430476670747134,56.03478286350607],[-5.440333600736716,56.038228347879055],[-5.448157184018833,56.0173195577366],[-5.4431003140106515,56.01253772472863],[-5.450613261130064,56.00808297575124],[-5.445528713526527,55.986554994375126],[-5.4511207877922905,55.97191620515162],[-5.431628455748079,55.95072831604758],[-5.41951301458609,55.89645899468922],[-5.4025131968836355,55.88825462059854],[-5.413051760332622,55.88988654093334],[-5.395446406241901,55.870548385290945],[-5.4150666071918305,55.863582437024036],[-5.385197069258883,55.86247573239315],[-5.339820086933021,55.82717337153203],[-5.314577196213786,55.78314107876406],[-5.327598714854502,55.764578788570525],[-5.350730821204349,55.76613784508448],[-5.3942672409979835,55.75206353737221],[-5.451031688157793,55.70710393490512],[-5.448777279881008,55.687679429727176],[-5.460249375300252,55.682784352214405],[-5.469749061990673,55.650368376525414],[-5.4836030473057935,55.64258472064601],[-5.47640717442594,55.63391930216509],[-5.475849480051894,55.604763455258514],[-5.458999887709911,55.590719887528635],[-5.464926049817757,55.58540593619607],[-5.4584619131108285,55.57642666228395],[-5.467197891047215,55.57262306644712],[-5.4702046511837645,55.58237396513608],[-5.4878329268521835,55.578972678397555],[-5.4846179468461935,55.584527184967435],[-5.488518777109739,55.58480185578719]]],[[[-5.572362209328874,55.286647934106185],[-5.564517874154897,55.281486959799174],[-5.5825622238834764,55.27448869666803],[-5.597400743052224,55.278682602160174],[-5.572362209328874,55.286647934106185]]],[[[-5.5387170396745695,55.42731699240249],[-5.544927843509285,55.422130161751774],[-5.55379630308123,55.424892160968625],[-5.5387170396745695,55.42731699240249]]],[[[-5.574329173534224,55.2942377014005],[-5.570455266980152,55.28979689609756],[-5.573486472137564,55.28995090034077],[-5.574329173534224,55.2942377014005]]],[[[-5.555286612932931,55.28756045714219],[-5.558780732349072,55.28708091913096],[-5.556782174032723,55.28789899958902],[-5.555286612932931,55.28756045714219]]],[[[-6.120122089411115,55.93448147516395],[-6.132084809205006,55.889724826138306],[-6.120101488461723,55.88229037323643],[-6.103149095522587,55.845133355463794],[-6.104031233584597,55.812881982341175],[-6.084039065422311,55.782620989477834],[-6.046912199962032,55.76364355854277],[-6.052833749621911,55.7419590131833],[-6.02874990118307,55.72366133695604],[-6.040291620628424,55.70965144273204],[-6.030581230893986,55.7012927634436],[-6.035877231544669,55.69142844210706],[-6.024840315145178,55.69580227822521],[-6.030823709176045,55.68364033162617],[-6.0199662004427,55.68416782870429],[-6.049830451193229,55.671574352192465],[-6.056972837944872,55.66019554420322],[-6.073373458001465,55.66331153672605],[-6.074194849443739,55.642312116500456],[-6.0863161490069615,55.64898510876906],[-6.149392431605971,55.62556454874941],[-6.217828602977763,55.63050233307209],[-6.211505476932798,55.620260217917945],[-6.2343593062081135,55.59663808347655],[-6.267838776280018,55.57906840707556],[-6.339186975617759,55.59109411168342],[-6.3278115558457975,55.60932003752487],[-6.3331214108756075,55.619671499812014],[-6.303403241760328,55.64874818870042],[-6.273447824325575,55.64952996213918],[-6.2590904165831285,55.65759214043832],[-6.287536450751554,55.70220640051389],[-6.311471179213333,55.719423089204994],[-6.341317737286547,55.716134928862445],[-6.33560416411419,55.72373048821055],[-6.340092687916087,55.72958803892958],[-6.3315015399796035,55.74198560303133],[-6.261946818970854,55.76389137542237],[-6.252261426488036,55.77102325074349],[-6.259703900921599,55.784304699798234],[-6.347298212570656,55.78416358723812],[-6.371731501592296,55.74464629486647],[-6.414762675250445,55.70604227020904],[-6.488212406337821,55.6710089516652],[-6.509801346502786,55.67683569291322],[-6.513723114170748,55.68833372080977],[-6.525697282020984,55.6929383791328],[-6.493121795825043,55.71309415606987],[-6.506996651024074,55.718880012082536],[-6.497767330727471,55.73551490103304],[-6.4613196065213545,55.75180489216778],[-6.470883552573306,55.754988280788474],[-6.45597824306537,55.77268723835882],[-6.4565603857461635,55.78245248873744],[-6.486960897482921,55.79271870920991],[-6.45654296504327,55.80922625894143],[-6.455352842358431,55.82519929219912],[-6.464956531451772,55.827706277917386],[-6.451302877027912,55.841820155507776],[-6.45898277205827,55.840281059233696],[-6.4511649871111265,55.84354765504922],[-6.454645973732119,55.852438722328806],[-6.428345451151846,55.86046687331037],[-6.415034924342404,55.85177769732517],[-6.3920902217581395,55.85807795727549],[-6.327588816604292,55.89161298077904],[-6.321721569077435,55.88642739298081],[-6.337915670421916,55.868515921316984],[-6.346092429263321,55.83451173099556],[-6.3345311340635355,55.82233729278191],[-6.318789744000778,55.82186749248263],[-6.3282133127921165,55.83433813399872],[-6.305374966740002,55.86685243119698],[-6.316303790926764,55.87346828923525],[-6.279650545886122,55.87671093073882],[-6.196887001807305,55.92691676944995],[-6.120122089411115,55.93448147516395]]],[[[-5.709471321543339,56.14971372204769],[-5.687399650459844,56.12918238505457],[-5.694774020176039,56.12130990919614],[-5.6875502288464785,56.11143310230903],[-5.75550713944755,56.047716612367694],[-5.77718227900619,56.01621639020725],[-5.79306079655709,56.013210718501696],[-5.820379173735875,55.97307984764135],[-5.836436853151003,55.97079551414514],[-5.838419438361154,55.9549748425697],[-5.850602911700977,55.9422613444919],[-5.845044086395919,55.940335494507416],[-5.876154497900963,55.90520643509554],[-5.872864585373245,55.88980730338461],[-5.886930149669258,55.879022168053595],[-5.881666531576257,55.891499056193716],[-5.897394839210811,55.88988642206082],[-5.893941045405696,55.872123399635896],[-5.9021025005189465,55.867071583517],[-5.91714577687151,55.872568591893014],[-5.936519321844155,55.867399379438105],[-5.951131359623254,55.83461707681695],[-5.939647173281288,55.82592400995464],[-5.952716341162314,55.817284790227845],[-5.964125331400072,55.792236414114946],[-6.035811769354238,55.795403867249746],[-6.064655852846953,55.80608915676757],[-6.087366397975184,55.83129401397504],[-6.086312728840475,55.863466318341345],[-6.096571676214279,55.871884066966025],[-6.087434114045867,55.89973004632351],[-6.042707514377145,55.94062582947978],[-6.000422103380457,55.95304263597496],[-5.9149632689904506,55.95632248178201],[-5.848684288621711,55.97805728613971],[-5.8548104337037925,55.990328222011726],[-5.882478045494416,55.9698870080194],[-5.893525462246429,55.982392600980404],[-5.8951448237304405,55.97426175442227],[-5.91423695233714,55.97450577424576],[-5.9245764251500175,55.96228848080524],[-5.940373006750486,55.960371771563025],[-6.006122365319435,55.97307508365177],[-6.000910457691828,55.988910396752665],[-5.964631749738228,56.015337214448714],[-5.964177808252812,56.02726242816615],[-5.894448489234225,56.065679689855926],[-5.821357509742157,56.08959493119032],[-5.822593723210445,56.09654340017055],[-5.800415130924876,56.11178377999098],[-5.785186660184455,56.10843854779354],[-5.75679046675325,56.12209788510667],[-5.73839966204361,56.14121834726895],[-5.722213695249157,56.13790158253687],[-5.724079082390189,56.146266431916],[-5.709471321543339,56.14971372204769]]],[[[-6.133079950823422,56.12124119024585],[-6.167431429686719,56.07887370000012],[-6.196664146288218,56.061778921964745],[-6.182571854574555,56.05198769711262],[-6.204725766604959,56.03074313565231],[-6.216893748209873,56.02894746442874],[-6.2217896257364975,56.04114203546283],[-6.228710684181886,56.03426376969366],[-6.249670469813026,56.03423500229867],[-6.241162185839537,56.043054243796],[-6.246342414714479,56.04537607504003],[-6.27872772530824,56.03587767822385],[-6.247855483958532,56.055248502357024],[-6.261223338034552,56.05719343171027],[-6.245609010206165,56.063353708296965],[-6.256164543327092,56.06537838341648],[-6.241316168641718,56.072567156251246],[-6.252335657198272,56.07509123956201],[-6.246235332462907,56.08409911395821],[-6.2128309643829,56.10573359416253],[-6.184219292506327,56.1016301374774],[-6.175259173183507,56.10683348378969],[-6.180830119771162,56.11767156604045],[-6.149458058687186,56.13293044253496],[-6.133079950823422,56.12124119024585]]],[[[-5.675965501705372,56.19172176668242],[-5.672338327308543,56.168218350309644],[-5.700576132308748,56.15962868745525],[-5.744842950510494,56.161310085213856],[-5.751889585040653,56.17023289642094],[-5.7284332831748745,56.18885766606794],[-5.69007042081645,56.20080941363283],[-5.675965501705372,56.19172176668242]]],[[[-5.723024316497285,55.729882516068855],[-5.71156865896769,55.72228050908874],[-5.730852937449926,55.71082928415378],[-5.722505954076489,55.69952839726349],[-5.7343682172286945,55.68435355482171],[-5.717993031706676,55.68521527952314],[-5.736527495969287,55.67713016806525],[-5.73815192843504,55.66789534455902],[-5.729072845079244,55.666763773605474],[-5.734358840424107,55.65940117138605],[-5.763721269510571,55.64582395119853],[-5.7687155199521065,55.65508067106645],[-5.759625102420384,55.66801178703341],[-5.770498885219031,55.66775863723894],[-5.774342269707841,55.67684825610045],[-5.746131199594541,55.709197997689394],[-5.736926901062557,55.707308375936606],[-5.733854388515486,55.72232391899176],[-5.7429888750653,55.718225386359414],[-5.7409528879202325,55.72378441804764],[-5.723024316497285,55.729882516068855]]],[[[-6.2183985456511826,56.028018467248195],[-6.205936798810209,56.0199253611271],[-6.231141845555096,56.018986443548926],[-6.23740982809657,56.00727157969908],[-6.257259745485293,56.00102714668796],[-6.252867139892979,56.013517214889816],[-6.2742839958753605,56.020629957270465],[-6.2183985456511826,56.028018467248195]]],[[[-5.6906423495774066,56.235339413040116],[-5.6984284172442266,56.223761773119],[-5.691514942873851,56.221941035283955],[-5.694544045927366,56.20991433810024],[-5.685434115470798,56.203002426436335],[-5.715277196569839,56.21184586602857],[-5.6906423495774066,56.235339413040116]]],[[[-5.7533905089596304,56.24179988461814],[-5.777628688982335,56.23707257113249],[-5.772070960034576,56.24596054926],[-5.753939823589681,56.24979474509177],[-5.7533905089596304,56.24179988461814]]],[[[-5.749176681397158,55.63963827317756],[-5.753325783606258,55.62527226568227],[-5.759129408125344,55.62871165031072],[-5.749176681397158,55.63963827317756]]],[[[-5.710198770207482,56.23468362644866],[-5.724863145140845,56.22673481614899],[-5.728263938612474,56.228758710352665],[-5.710198770207482,56.23468362644866]]],[[[-6.132585817059771,55.6188744522856],[-6.1422364015454916,55.6133508623613],[-6.153026297136066,55.61440532424188],[-6.132585817059771,55.6188744522856]]],[[[-5.801878384956479,56.22167256194622],[-5.818782112400501,56.21638530305901],[-5.799862805497061,56.22901798490225],[-5.801878384956479,56.22167256194622]]],[[[-6.336299987393539,55.89719487451681],[-6.34453329610301,55.89721228278129],[-6.329386996060948,55.90335458024107],[-6.336299987393539,55.89719487451681]]],[[[-6.5131489808107945,55.676586493592396],[-6.506285460903584,55.67134128959078],[-6.5151766515579,55.67191095287284],[-6.5131489808107945,55.676586493592396]]],[[[-5.789461645052601,56.23273830390028],[-5.785697382477246,56.23785414982517],[-5.779792262773955,56.23665188755525],[-5.789461645052601,56.23273830390028]]],[[[-6.275801813147041,56.01874700461817],[-6.261760427883622,56.01621096223551],[-6.279854447677279,56.016555596885546],[-6.275801813147041,56.01874700461817]]],[[[-6.264071540717594,56.00376530387062],[-6.256894431839381,55.99854362056574],[-6.268802647714133,56.001650577153235],[-6.264071540717594,56.00376530387062]]],[[[-6.089505576720601,55.63833146337625],[-6.087683852869381,55.6434994760891],[-6.083502332779158,55.64045953544631],[-6.083677375399755,55.6398532830936],[-6.089505576720601,55.63833146337625]]],[[[-5.71868538220413,56.23917189910844],[-5.719875082680424,56.234545914760254],[-5.72389441234565,56.237032353897995],[-5.71868538220413,56.23917189910844]]],[[[-5.992087865711046,55.79132202856332],[-5.991660051458847,55.78663178459357],[-5.99522993262329,55.788138834764524],[-5.992087865711046,55.79132202856332]]],[[[-6.518236748513137,55.68336005989407],[-6.514956086432566,55.677763929936006],[-6.521536642248439,55.68099342692082],[-6.518236748513137,55.68336005989407]]],[[[-6.020526197391261,55.6692305056108],[-6.0230373067650484,55.664727406725575],[-6.0257821299536145,55.668598712138525],[-6.020526197391261,55.6692305056108]]],[[[-5.643121003755528,56.13133878972116],[-5.64799686518388,56.129018724914566],[-5.642576095692495,56.135531352655555],[-5.643121003755528,56.13133878972116]]],[[[-6.039042483119043,55.793607829998365],[-6.038747672835221,55.79087723329828],[-6.0395792207400705,55.793751480885625],[-6.039042483119043,55.793607829998365]]],[[[-5.719236160388359,56.2065835334038],[-5.723952902272968,56.20498473985572],[-5.72162134363477,56.208944301832645],[-5.719236160388359,56.2065835334038]]],[[[-5.930405250068827,55.84080545390228],[-5.937337836192025,55.833493430260624],[-5.935495773212716,55.83739669907124],[-5.930405250068827,55.84080545390228]]],[[[-5.9065792314237235,55.85998266761529],[-5.91053216404591,55.85683995747291],[-5.909030491264417,55.8615413572704],[-5.9065792314237235,55.85998266761529]]],[[[-5.742383744311856,56.25144460102009],[-5.747575431104818,56.24730845219292],[-5.74722944842505,56.250209749255],[-5.742383744311856,56.25144460102009]]],[[[-5.592185860763884,55.76343545858892],[-5.597793466095477,55.75932282412668],[-5.597462587980952,55.76175549531059],[-5.592185860763884,55.76343545858892]]],[[[-6.218650155129752,56.00783484487138],[-6.223051572819554,56.00367729083877],[-6.222694048400114,56.0062907289436],[-6.218650155129752,56.00783484487138]]],[[[-6.027932770635371,55.67248949996382],[-6.028583390784276,55.67053908643368],[-6.033641262341798,55.67097972385908],[-6.027932770635371,55.67248949996382]]],[[[-6.2711158980825275,55.99844406110081],[-6.275338734857406,55.99773534850448],[-6.274063493680524,56.00013603810962],[-6.2711158980825275,55.99844406110081]]],[[[-6.053703328699257,55.65988152776487],[-6.05803250700467,55.657348070713915],[-6.052775675938078,55.66182725685709],[-6.053703328699257,55.65988152776487]]],[[[-6.247082027539435,56.0300854716877],[-6.247885850161627,56.028383172155266],[-6.24832926178191,56.02989361255631],[-6.247082027539435,56.0300854716877]]],[[[-5.739126110337579,55.65185537819456],[-5.7419449552462805,55.64817029455178],[-5.743204539933607,55.648133840873406],[-5.739126110337579,55.65185537819456]]],[[[-5.921200837435111,55.847772711670956],[-5.925404623014034,55.84453679861002],[-5.923092177837203,55.84827380308215],[-5.921200837435111,55.847772711670956]]],[[[-6.038970168676551,55.6587279465625],[-6.0397881824775865,55.65568221714584],[-6.040779432108958,55.65832198725802],[-6.038970168676551,55.6587279465625]]],[[[-6.042827546825488,55.67148635362293],[-6.044815127099918,55.67131733611328],[-6.039404236416657,55.67539886755178],[-6.042827546825488,55.67148635362293]]],[[[-6.261568290466,55.78341612956978],[-6.261828660166087,55.78178367060171],[-6.265892978798872,55.78297358709982],[-6.261568290466,55.78341612956978]]],[[[-6.27035182225353,56.00053466927574],[-6.269284041924975,55.998714467143316],[-6.273646796577795,56.000141511419926],[-6.27035182225353,56.00053466927574]]],[[[-6.267606756823111,56.0151801376673],[-6.264221972267612,56.01421904399153],[-6.2711488544008525,56.01435309574272],[-6.267606756823111,56.0151801376673]]],[[[-6.352026740645959,55.88793163538054],[-6.356863484480437,55.88717659059721],[-6.352778389283375,55.88908832912104],[-6.352026740645959,55.88793163538054]]],[[[-6.028608791820106,55.66919987501568],[-6.028566237062188,55.670449719201336],[-6.025172299097328,55.67141110757008],[-6.028608791820106,55.66919987501568]]],[[[-5.774612900448901,55.66592430608664],[-5.776924250185902,55.664107794948826],[-5.776042637461303,55.66651338430867],[-5.774612900448901,55.66592430608664]]],[[[-6.049624559593126,55.662366437343955],[-6.052057699851891,55.661576711834094],[-6.048155657384989,55.66356840194386],[-6.049624559593126,55.662366437343955]]],[[[-5.458437304534524,55.83816649688102],[-5.4603340729445735,55.83595979018734],[-5.460230636366573,55.83794068481409],[-5.458437304534524,55.83816649688102]]],[[[-6.047567622297628,55.66977404131186],[-6.0475547980637705,55.66856475697869],[-6.048324592730224,55.668590318782186],[-6.047567622297628,55.66977404131186]]],[[[-6.042264397279624,55.65624803906813],[-6.043576431115656,55.65501315849683],[-6.045931306544562,55.655097285068415],[-6.042264397279624,55.65624803906813]]],[[[-6.074508558976894,55.810923051259685],[-6.075465072329838,55.810119436648066],[-6.075835270843688,55.81182484376224],[-6.074508558976894,55.810923051259685]]],[[[-6.253891754991005,56.03587905160915],[-6.251836656841779,56.03465041082431],[-6.25453177226919,56.03493025439317],[-6.253891754991005,56.03587905160915]]],[[[-6.276385480892447,55.99820264834523],[-6.277108344970635,55.997120747938936],[-6.279448273391217,55.997309239668404],[-6.276385480892447,55.99820264834523]]],[[[-6.184051642208388,55.6219782653466],[-6.182852744454816,55.621269382672544],[-6.1861474023195795,55.62118328807988],[-6.184051642208388,55.6219782653466]]],[[[-6.088675769063642,55.64249060499824],[-6.090838237497721,55.64240378274651],[-6.089883232224431,55.64331814146196],[-6.088675769063642,55.64249060499824]]],[[[-6.2453827926309975,56.03034683856453],[-6.242672511631376,56.0289540797538],[-6.244554215260621,56.029123088252405],[-6.2453827926309975,56.03034683856453]]],[[[-5.693633911425002,56.242342139929406],[-5.6944511478013515,56.241607382678204],[-5.695622928083751,56.24318578568529],[-5.693633911425002,56.242342139929406]]],[[[-5.731014730585562,55.6703774784224],[-5.73272725171717,55.66965225123647],[-5.731141987229721,55.67138200273033],[-5.731014730585562,55.6703774784224]]],[[[-6.2504997474092745,56.029075455225275],[-6.247679567557374,56.027864971807425],[-6.251497154121033,56.0287981986169],[-6.2504997474092745,56.029075455225275]]],[[[-5.7826581893483056,56.01328333021965],[-5.784760207340872,56.01210351919967],[-5.783043223682603,56.01393691108543],[-5.7826581893483056,56.01328333021965]]],[[[-5.920801830402349,55.96572312997331],[-5.919298132497242,55.963751455232156],[-5.9210601286862214,55.964799857885815],[-5.920801830402349,55.96572312997331]]],[[[-6.04551630430063,55.65281494598579],[-6.048506345636182,55.65188139642894],[-6.046553750796802,55.653039794542515],[-6.04551630430063,55.65281494598579]]],[[[-5.888884302190504,55.96989541439382],[-5.891103793061044,55.96750255917874],[-5.890303113883921,55.968998477793996],[-5.888884302190504,55.96989541439382]]],[[[-5.928377727865972,55.85061892991064],[-5.929472666754685,55.84824584323421],[-5.929105136993439,55.850265196788996],[-5.928377727865972,55.85061892991064]]],[[[-5.743557318440919,56.14486630047774],[-5.744582982024319,56.14485912953987],[-5.743739797575499,56.14560767238962],[-5.743557318440919,56.14486630047774]]],[[[-6.039898693158226,55.65949049478628],[-6.04069902932433,55.659057427656485],[-6.040642199700103,55.65957722659271],[-6.039898693158226,55.65949049478628]]],[[[-5.9116188236192455,55.970391858871444],[-5.912356723345233,55.96954202222608],[-5.911679993984888,55.97047925651191],[-5.9116188236192455,55.970391858871444]]],[[[-5.6679863686411345,55.96197630945462],[-5.693834030937426,55.931528803332384],[-5.706069825294023,55.93876432674462],[-5.691578358892784,55.957538223805365],[-5.680296342518487,55.95190580654276],[-5.6679863686411345,55.96197630945462]]],[[[-5.526872775463519,56.16873826262793],[-5.553552645433446,56.14698618043065],[-5.546222874414198,56.15671831159872],[-5.526872775463519,56.16873826262793]]],[[[-5.545016440023167,56.166451484630784],[-5.530916212998443,56.18172180750278],[-5.527526611225218,56.17954456934275],[-5.545016440023167,56.166451484630784]]],[[[-5.5603732893177025,56.13357484063054],[-5.574203923923948,56.12803207050248],[-5.556703728692863,56.14194789569832],[-5.5603732893177025,56.13357484063054]]],[[[-5.551067113822497,56.16304568130929],[-5.560460556970113,56.155564311531876],[-5.558437291203573,56.16166565268589],[-5.551067113822497,56.16304568130929]]],[[[-5.739464756267994,55.914056109848495],[-5.730687521834176,55.91684934488114],[-5.737398178615261,55.91038736030137],[-5.739464756267994,55.914056109848495]]],[[[-5.607165816441207,56.12357058144581],[-5.615171411007857,56.11771667392275],[-5.61183952124834,56.123802445986314],[-5.607165816441207,56.12357058144581]]],[[[-5.619936787135797,56.15178403327823],[-5.625104790513264,56.14415160690771],[-5.624314682333804,56.15006274600112],[-5.619936787135797,56.15178403327823]]],[[[-5.662610314958556,56.02077043873171],[-5.663777672137901,56.02428054390331],[-5.658923806570981,56.027417404258095],[-5.662610314958556,56.02077043873171]]],[[[-5.6401684894304385,56.044183231830054],[-5.6446539683523556,56.03682161648069],[-5.644225577495626,56.0419818162353],[-5.6401684894304385,56.044183231830054]]],[[[-5.716247189629096,55.919377074700044],[-5.7212425476189015,55.91544954062126],[-5.71683692216189,55.92227254793311],[-5.716247189629096,55.919377074700044]]],[[[-5.600004154828818,56.00907027198572],[-5.605286714234714,56.005656349919434],[-5.601653643637767,56.01078036024955],[-5.600004154828818,56.00907027198572]]],[[[-5.658170947629788,56.022851781024094],[-5.659511164501476,56.021981545284035],[-5.651889549297856,56.02801153338269],[-5.658170947629788,56.022851781024094]]],[[[-5.559734681464752,56.14381154305378],[-5.557507768270866,56.14280583518169],[-5.559634662738868,56.142731012850206],[-5.559734681464752,56.14381154305378]]],[[[-5.66904052899044,56.016271082476166],[-5.6743026458597905,56.01033247256047],[-5.671672989545032,56.01559463376249],[-5.66904052899044,56.016271082476166]]],[[[-5.642203703369217,55.98482642003125],[-5.648580179621957,55.98002431945589],[-5.647734768231946,55.98250811329698],[-5.642203703369217,55.98482642003125]]],[[[-5.395678028842135,56.000384619554744],[-5.399523441471765,55.99799551588851],[-5.394315430791029,56.00414424734205],[-5.395678028842135,56.000384619554744]]],[[[-5.656698392635537,55.97872055610958],[-5.662206456501237,55.97778348908735],[-5.657886576045242,55.98017785747305],[-5.656698392635537,55.97872055610958]]],[[[-5.5696902718378265,56.20868638558047],[-5.570907421795398,56.20637805544301],[-5.573765717560526,56.206876168141356],[-5.5696902718378265,56.20868638558047]]],[[[-5.538430318924335,56.09437170921223],[-5.542981747012814,56.09279347853101],[-5.540919414506733,56.09537917767372],[-5.538430318924335,56.09437170921223]]],[[[-5.712544093867579,55.921089416875176],[-5.715343193771282,55.91746219061825],[-5.7151918380526165,55.92047896251128],[-5.712544093867579,55.921089416875176]]],[[[-5.60262026575039,56.15783648297739],[-5.604545654577332,56.15822672714926],[-5.602003135541133,56.16049976004162],[-5.60262026575039,56.15783648297739]]],[[[-5.653047604875996,55.982515546436154],[-5.650948903143292,55.9796510498668],[-5.656086140170373,55.97750239659622],[-5.653047604875996,55.982515546436154]]],[[[-5.6963513954315825,55.919036984765505],[-5.700422231270554,55.9147964310565],[-5.69997007677317,55.91677020040338],[-5.6963513954315825,55.919036984765505]]],[[[-5.565392459520924,56.09082944374518],[-5.56737843461294,56.08991092353743],[-5.5669820506407675,56.09299077669534],[-5.565392459520924,56.09082944374518]]],[[[-5.616334956795269,56.114940234218025],[-5.6193303118175875,56.112137003495874],[-5.62068919185553,56.11272650039137],[-5.616334956795269,56.114940234218025]]],[[[-5.565193787091259,56.158223878407426],[-5.56526959938027,56.156424334813956],[-5.566780207717123,56.15709013088601],[-5.565193787091259,56.158223878407426]]],[[[-5.658695122870445,55.894973365725455],[-5.662774650951501,55.89106199587424],[-5.663241039541452,55.89151116105321],[-5.658695122870445,55.894973365725455]]],[[[-5.688906338113083,55.90978341214863],[-5.690933244183649,55.90946633732032],[-5.6903602631813985,55.91126835618977],[-5.688906338113083,55.90978341214863]]],[[[-5.627674895054387,56.142970141259724],[-5.629802441304447,56.14196012602634],[-5.628398566583141,56.14423910445066],[-5.627674895054387,56.142970141259724]]],[[[-5.6140293839922935,56.117552338401794],[-5.61592011194218,56.11532103908511],[-5.615954246694128,56.11705534631283],[-5.6140293839922935,56.117552338401794]]],[[[-5.386246783670459,56.001237679145795],[-5.388765499817052,55.99775651626421],[-5.388042270296266,55.999906285006126],[-5.386246783670459,56.001237679145795]]],[[[-5.701021998572787,55.93274356499477],[-5.703144418559616,55.93115112536344],[-5.702755686643232,55.93286673096254],[-5.701021998572787,55.93274356499477]]],[[[-5.6688234880468755,56.014492714988776],[-5.671274606664145,56.011740115396364],[-5.670686863885853,56.01357845262693],[-5.6688234880468755,56.014492714988776]]],[[[-5.635028030313731,55.90906807128098],[-5.637031798422068,55.90730495081862],[-5.635723698640924,55.90982975262003],[-5.635028030313731,55.90906807128098]]],[[[-5.5877377657576295,56.03328088596621],[-5.587856265748583,56.032158901573474],[-5.588087471540326,56.032215812443084],[-5.5877377657576295,56.03328088596621]]],[[[-5.706284055372567,55.944472029270834],[-5.708682035087619,55.94056485528722],[-5.708009294314142,55.94274311577475],[-5.706284055372567,55.944472029270834]]],[[[-5.706882583088887,55.937161816421124],[-5.708962321742127,55.93616098359475],[-5.706471358065493,55.93847349129649],[-5.706882583088887,55.937161816421124]]],[[[-5.660528582851948,56.07228931302245],[-5.662752865488037,56.07158934172148],[-5.660262018143981,56.073376189431755],[-5.660528582851948,56.07228931302245]]],[[[-5.573235837655623,56.01923649831048],[-5.575136125579649,56.01730671619324],[-5.574616093064188,56.01888626102449],[-5.573235837655623,56.01923649831048]]],[[[-5.626164348405435,56.117636700345216],[-5.627481676566915,56.115561434388276],[-5.628373242615625,56.115629614080746],[-5.626164348405435,56.117636700345216]]],[[[-5.5765663446214315,56.121926100053024],[-5.5787419012035775,56.120829030441094],[-5.576829382837916,56.12267821945822],[-5.5765663446214315,56.121926100053024]]],[[[-5.568351254553618,56.20320791721881],[-5.569483661863401,56.20171056030455],[-5.569511001816633,56.2031349924462],[-5.568351254553618,56.20320791721881]]],[[[-5.240246609330866,56.10193790913201],[-5.241077422168029,56.10066552344651],[-5.240973112076716,56.10277190602722],[-5.240246609330866,56.10193790913201]]],[[[-5.575638624801702,56.11096941402099],[-5.576604143730543,56.11042454965863],[-5.5760451115821805,56.11215264663784],[-5.575638624801702,56.11096941402099]]],[[[-5.352637220448444,56.01908918032207],[-5.352112017247261,56.01851879677848],[-5.352747885501723,56.018525216645955],[-5.352637220448444,56.01908918032207]]],[[[-5.7450502795505605,55.9472770506663],[-5.745815287181743,55.94588167693349],[-5.746306996141975,55.946031504645354],[-5.7450502795505605,55.9472770506663]]],[[[-5.686311203718142,55.89957040516626],[-5.686347663028526,55.89885897981079],[-5.686738569336946,55.89943620658411],[-5.686311203718142,55.89957040516626]]],[[[-6.117237445745978,56.65305820074802],[-6.11263045539613,56.64389871545139],[-6.0665601769516755,56.63858510411995],[-6.058254481508919,56.628093501608504],[-6.069228314745794,56.620484635512334],[-6.0325067356258355,56.61024000851573],[-6.0122301165537735,56.587970525919594],[-5.989371447666943,56.57968772091417],[-5.988276006833179,56.56580823848156],[-5.973148608798161,56.55779116288475],[-5.961907499057992,56.537779501292206],[-5.975264070954963,56.53152618197291],[-5.951489998131687,56.51804452920754],[-5.940265685373492,56.52482200745112],[-5.920251809605268,56.516453893747375],[-5.863743749897655,56.52160301738674],[-5.824591364644887,56.506233479513895],[-5.823627642477225,56.5171212004227],[-5.796613721543337,56.514845961794926],[-5.768436109787569,56.48928355948386],[-5.7415275552649945,56.48190467672718],[-5.719853199604063,56.485167675552894],[-5.7119537212405485,56.47402273283223],[-5.678314524612523,56.46074132857787],[-5.6833597043104165,56.451838699108535],[-5.661560070446422,56.44818513190877],[-5.652253045192427,56.45651578030325],[-5.645866583217065,56.44718854738367],[-5.651687694222966,56.42453443017108],[-5.669267311548952,56.42819774375071],[-5.664105972383591,56.43259122536386],[-5.6794566434857865,56.440987257991566],[-5.686381744084612,56.43487299249429],[-5.693857285773743,56.42720324691046],[-5.675570076202227,56.43479978703577],[-5.675264189664883,56.41962545718239],[-5.652623369355999,56.41547223607072],[-5.666792708396938,56.39054281099924],[-5.6794893013458205,56.38370600038133],[-5.717516324192509,56.390653340174524],[-5.710982844444979,56.41460443639834],[-5.748193818141922,56.41349663283412],[-5.731767941011007,56.39606010069822],[-5.754197745461826,56.39441106017996],[-5.758140243666477,56.38121327545187],[-5.79398239630197,56.36644460597595],[-5.709218590683019,56.38376304518205],[-5.691287573300638,56.38257756644477],[-5.695420282704694,56.37058079002184],[-5.745802408397413,56.341750267000535],[-5.834124042337451,56.31086016773776],[-5.888958188155588,56.3216782972117],[-5.846168250245108,56.34555258137782],[-5.852352854880923,56.35390074332152],[-5.8766738886107595,56.35622818788406],[-5.902229435790213,56.34687432412987],[-5.9344237176512085,56.3215351955647],[-5.986802100543641,56.322854005893646],[-6.044964666545345,56.29263585444564],[-6.078979724556908,56.30238189651389],[-6.126605209503103,56.29672747272498],[-6.142852026580165,56.284424973827356],[-6.198599197372601,56.292050205046756],[-6.22546931418684,56.283376513414694],[-6.245395530846825,56.288574523983435],[-6.2646494337475005,56.264241620507654],[-6.272602878227016,56.26516699997967],[-6.269463019463174,56.27399556643854],[-6.299714793351074,56.27420109962457],[-6.305191937788783,56.267066989893216],[-6.330227865034541,56.27299606148188],[-6.3230327825580614,56.282633298232135],[-6.349888557148863,56.282837695775704],[-6.353535034633479,56.297036937777676],[-6.346797515857648,56.30598939475359],[-6.376354868584504,56.3091324294423],[-6.368863145968135,56.31360310596682],[-6.373682061848265,56.32056196384777],[-6.36553761552989,56.33628951021251],[-6.353638090776117,56.34526004829689],[-6.294476071051943,56.3442030674074],[-6.286527688819949,56.33291724577651],[-6.285057838506909,56.34051848980285],[-6.27305624495793,56.337367386942844],[-6.267382594306592,56.32429786031453],[-6.297851124894847,56.324376663803],[-6.23644441070138,56.31570619522871],[-6.231356035912382,56.31727805049168],[-6.241175151037428,56.32243752899833],[-6.236976944626512,56.33035201614602],[-6.2478691688927785,56.32975978873648],[-6.253454692079461,56.338487193619464],[-6.2485598563558975,56.343077234170444],[-6.227693750849449,56.34235621074865],[-6.213835401888306,56.33309432221185],[-6.190298584110073,56.332205100898555],[-6.1765495626932125,56.33432405929745],[-6.185537128251385,56.33794582639656],[-6.177746956017349,56.34103311048009],[-6.141931022027953,56.33729583922601],[-6.130330169255978,56.34674883402153],[-6.10313304999719,56.34227788375009],[-6.077327659546508,56.35466075860866],[-6.018648528148594,56.364506840264305],[-6.003294985571331,56.37841147758983],[-6.012224255528376,56.37851082611188],[-6.014856734448887,56.388063868041776],[-5.997164001632583,56.38281632257003],[-5.9796834614657985,56.3858335973207],[-6.022727718479113,56.39465517016472],[-6.059417880997636,56.37584065228068],[-6.072511886359688,56.383853861046425],[-6.0801510221871675,56.37328295637052],[-6.105523115407936,56.3668390407734],[-6.1948537034882785,56.35884560837005],[-6.209354335116233,56.37228393890232],[-6.205993426302093,56.38522286553851],[-6.151161057604873,56.41307863535283],[-6.129082680624579,56.44842561172395],[-6.0547602117457435,56.45137046313549],[-5.996807131370043,56.482492441838836],[-6.0072434604041485,56.499649519697336],[-5.995320787130239,56.49319730116367],[-6.000945160219088,56.49831250461627],[-6.007616243763001,56.50010808039111],[-6.013268643324128,56.49992225581909],[-6.035677055265338,56.4882711755342],[-6.121377190002294,56.47225473105322],[-6.149726356449859,56.48141579127305],[-6.137896832262871,56.491423261317955],[-6.148723486813993,56.50017680857521],[-6.22535302725907,56.52885567715924],[-6.286793755799653,56.52346396773959],[-6.340470905166799,56.53721060655665],[-6.333596836179133,56.555160090937065],[-6.30521330461778,56.558441577196014],[-6.279718123919574,56.57734323703789],[-6.315202977603726,56.57708515978806],[-6.323767270212474,56.60616113599093],[-6.274568223040332,56.60274339706552],[-6.254071408138421,56.61305622055594],[-6.188287947119591,56.582385272328736],[-6.224173357826717,56.60500882069999],[-6.211907331955496,56.60313877631234],[-6.226977565294625,56.614178744470806],[-6.227004974566698,56.63343710688323],[-6.1946039992584065,56.62373702480688],[-6.208159692607546,56.63550673645531],[-6.198529929865733,56.63204635324208],[-6.198255407109293,56.64233937796644],[-6.117237445745978,56.65305820074802]]],[[[-6.726521900052219,56.54058433993272],[-6.730041529566307,56.52572674767326],[-6.804753702397259,56.52364621525997],[-6.814334985219532,56.51254366719307],[-6.795344425970431,56.50590104852763],[-6.811630947832265,56.488857052395204],[-6.8451756981780685,56.487232596886585],[-6.847488845127471,56.49286169775411],[-6.876149476627214,56.486547851111155],[-6.895523708814277,56.47421215706016],[-6.8898939153609895,56.45944058176768],[-6.894565627296485,56.45050578383404],[-6.888184050745247,56.448269386729365],[-6.911713428912308,56.44039995184234],[-6.932765491333492,56.44311229443491],[-6.942765148969912,56.45674415785993],[-6.95710884535484,56.45918926285177],[-6.980114222588865,56.45184668049084],[-6.981516871704223,56.45931636290928],[-6.9703984921106095,56.46760425032106],[-6.979518136171133,56.47900635234732],[-6.973733650554612,56.48833051594104],[-6.9863072217875155,56.50374129647221],[-6.999027464225477,56.50347615040461],[-6.954749187809498,56.52123877285468],[-6.950913513521622,56.52901154598013],[-6.912424982055437,56.530866574443856],[-6.906942061613194,56.52397360611037],[-6.872877910509891,56.518918862386954],[-6.859237930339371,56.531307447659614],[-6.817438726897275,56.54332461178953],[-6.778565487332474,56.53707127261375],[-6.754053630195102,56.55604860235759],[-6.742364047775813,56.54366696726756],[-6.726521900052219,56.54058433993272]]],[[[-6.453451289508282,56.6878148854455],[-6.4526841738546805,56.67476458881713],[-6.493860441866974,56.62684993158088],[-6.506122024951826,56.61668798240884],[-6.534109908356486,56.63942116283897],[-6.5233008385971765,56.61319072876902],[-6.543628022442167,56.60568425140884],[-6.550057599841041,56.5947492486065],[-6.565558103461794,56.594666625019634],[-6.566711959412044,56.58650076237779],[-6.578397590819933,56.58582279480343],[-6.580104387942516,56.59190345759402],[-6.59885497501477,56.583232729436574],[-6.6009425142660705,56.589108713165245],[-6.610822951173421,56.57539471748973],[-6.612471374965494,56.58098532942717],[-6.62048874479193,56.57870361296947],[-6.62496941843968,56.59249022656386],[-6.637988353380046,56.57308535271671],[-6.64721187307628,56.573482370802665],[-6.6480938912089576,56.58290803539714],[-6.670643930094155,56.58328929393205],[-6.6818397102701015,56.578266164821926],[-6.681965899750489,56.56494338736681],[-6.694857703321767,56.5631383365693],[-6.710162333919923,56.57670335307753],[-6.678794194706819,56.59533320518517],[-6.655853024614967,56.59369061774643],[-6.658510982859121,56.60056687947869],[-6.644302500945848,56.60185939498839],[-6.636988400416323,56.61796863772183],[-6.615893084341306,56.62360356227006],[-6.612239156051653,56.63776283334362],[-6.5473095359165825,56.66000904122536],[-6.531838337308494,56.67613537830904],[-6.506598228897406,56.67869924162783],[-6.499399720567694,56.68272878527294],[-6.503814473459845,56.68568553757953],[-6.492618521418968,56.68184524926977],[-6.494738796790194,56.69050233659767],[-6.453451289508282,56.6878148854455]]],[[[-6.216597863815607,56.49838934848809],[-6.178609736103943,56.48201846436395],[-6.173355945202472,56.488363221508706],[-6.162058263060475,56.478716404887834],[-6.154156899962061,56.48259872496587],[-6.141837884360283,56.47139163309523],[-6.204125252424163,56.46037286067831],[-6.208546542567367,56.472628231808535],[-6.224564139621396,56.47076616975699],[-6.241080715413299,56.46606255525347],[-6.268605601073359,56.47842134826704],[-6.245127154178422,56.49750101895114],[-6.216597863815607,56.49838934848809]]],[[[-5.498146634257831,56.41989745618009],[-5.497605834527609,56.41281203724085],[-5.551587690988258,56.37275425455432],[-5.560047435997493,56.37043887812097],[-5.55383579228723,56.378621851868814],[-5.564603810543792,56.38210910764169],[-5.588977337546357,56.38038295345021],[-5.574954557981835,56.397849438823535],[-5.56540422661011,56.39792247382915],[-5.563362074606505,56.40823973982642],[-5.522859059895637,56.411196468237804],[-5.498191517302231,56.42502453682825],[-5.489455931631338,56.421243270282815],[-5.498146634257831,56.41989745618009]]],[[[-6.4070653153960215,56.31447345136134],[-6.421567682371976,56.306804463970984],[-6.443519045269774,56.314671667865845],[-6.421884359931447,56.3251351603905],[-6.43101454554154,56.33327928509566],[-6.426865182593703,56.338613172955526],[-6.3814441058259925,56.34864929717924],[-6.4070653153960215,56.31447345136134]]],[[[-6.279550802020614,56.49722687468262],[-6.272572976612304,56.489625653960246],[-6.25410771888281,56.49410109115542],[-6.278527964155798,56.473955621296135],[-6.28170452086455,56.483100445276406],[-6.307267387456465,56.48105003149033],[-6.300833567339281,56.49713410206077],[-6.279550802020614,56.49722687468262]]],[[[-6.356165154427934,56.2956402941778],[-6.362273924974834,56.28446539318018],[-6.371734963671506,56.29161878665308],[-6.3854458493008455,56.28796708101008],[-6.375731466118752,56.295165002759376],[-6.373358722322514,56.30033633017796],[-6.356165154427934,56.2956402941778]]],[[[-6.076789492298242,56.467410382995254],[-6.080797289484211,56.462863233438775],[-6.10053479487528,56.46405922159456],[-6.08963518855697,56.470149611322796],[-6.076789492298242,56.467410382995254]]],[[[-6.252634692395445,56.45334257800615],[-6.26012115723799,56.4464801390233],[-6.266340952526936,56.45574091782243],[-6.252634692395445,56.45334257800615]]],[[[-6.707593511938946,56.56434241944804],[-6.732888637594175,56.56017744927191],[-6.711296248004447,56.56842987393886],[-6.707593511938946,56.56434241944804]]],[[[-6.160154905052987,56.439693340144515],[-6.165902103823942,56.44335376752032],[-6.149758069682977,56.44563939244892],[-6.160154905052987,56.439693340144515]]],[[[-6.430105330920726,56.48182212614402],[-6.42916054974754,56.487463273000955],[-6.420644549229839,56.496652087430355],[-6.417178245839189,56.49216152986615],[-6.430105330920726,56.48182212614402]]],[[[-6.045838112969275,56.624994857096596],[-6.031135972066273,56.613104768750546],[-6.044794084455276,56.61736214762464],[-6.045838112969275,56.624994857096596]]],[[[-6.346810969921992,56.43547260311762],[-6.337885858547155,56.43422505498651],[-6.3433902575421675,56.431464336189016],[-6.346810969921992,56.43547260311762]]],[[[-6.397699614446121,56.509547568927196],[-6.390108951813701,56.50733065802798],[-6.397728515388214,56.50546002204314],[-6.397699614446121,56.509547568927196]]],[[[-6.764363177150539,56.51881060033147],[-6.762341497402741,56.511624559578514],[-6.769722641079112,56.51443392381776],[-6.764363177150539,56.51881060033147]]],[[[-6.344690145796561,56.2739455307863],[-6.349189874124077,56.27165118805014],[-6.356296813962682,56.27387426904397],[-6.350571383730335,56.275411551221346],[-6.344690145796561,56.2739455307863]]],[[[-6.469571673734515,56.46460799104468],[-6.48047464721434,56.45593904397218],[-6.478296960580501,56.4612347012196],[-6.469571673734515,56.46460799104468]]],[[[-6.455786793263153,56.28585126307039],[-6.453842259352715,56.28276426483467],[-6.460434008296454,56.28611085504672],[-6.455786793263153,56.28585126307039]]],[[[-6.521947713175387,56.61061677037311],[-6.526523519163471,56.60367367434545],[-6.5268950494030715,56.60874670042899],[-6.521947713175387,56.61061677037311]]],[[[-6.371637879797107,56.33329843808706],[-6.3688295672737265,56.339309887453],[-6.365652362626452,56.339643309797395],[-6.371637879797107,56.33329843808706]]],[[[-6.445425599016233,56.69875326470007],[-6.4461494128154255,56.69487704225237],[-6.447182767901129,56.694980336665736],[-6.445425599016233,56.69875326470007]]],[[[-6.306561084391246,56.49722596347657],[-6.303407767148595,56.493552387502874],[-6.310935444166818,56.49652691182492],[-6.306561084391246,56.49722596347657]]],[[[-6.152578726433509,56.485636245642844],[-6.15239966376021,56.48288584890353],[-6.15885103079198,56.486509627249625],[-6.152578726433509,56.485636245642844]]],[[[-6.383537456180716,56.29299517389885],[-6.388059839328915,56.289267797242346],[-6.388945235413031,56.29177791941703],[-6.383537456180716,56.29299517389885]]],[[[-6.393188509884528,56.28916651335688],[-6.391203749576523,56.285676025361646],[-6.39374423163153,56.2865346279973],[-6.393188509884528,56.28916651335688]]],[[[-6.237104493017733,56.463309337400105],[-6.238057509662726,56.460785562159515],[-6.242726132931937,56.461498193172176],[-6.237104493017733,56.463309337400105]]],[[[-6.352277991779258,56.28134846436911],[-6.356577189152683,56.280145104448074],[-6.353991223504371,56.283086738522755],[-6.352277991779258,56.28134846436911]]],[[[-6.25185094739779,56.32620804977832],[-6.250915894244296,56.323015202086125],[-6.254263103142409,56.3252193078346],[-6.25185094739779,56.32620804977832]]],[[[-6.048039175537782,56.621636397609464],[-6.045350892717159,56.619869706738534],[-6.0510532473011756,56.620249522658085],[-6.048039175537782,56.621636397609464]]],[[[-6.293238617470271,56.26875788771988],[-6.296492278824287,56.26789151212571],[-6.294589351827079,56.27094210291892],[-6.293238617470271,56.26875788771988]]],[[[-6.628390695903736,56.56663429222739],[-6.631394700560089,56.565774631281336],[-6.631736472811904,56.568251459896835],[-6.628390695903736,56.56663429222739]]],[[[-6.4199245848106,56.50100856794049],[-6.424930284744365,56.49778869762767],[-6.425668456956184,56.49776411413041],[-6.4254442935046185,56.49862599358969],[-6.4199245848106,56.50100856794049]]],[[[-5.867647232138132,56.35127795395421],[-5.871221221205245,56.35036502587965],[-5.868226515764519,56.35235529935948],[-5.867647232138132,56.35127795395421]]],[[[-7.005448111204389,56.5247969867076],[-7.002572732149344,56.52287070219484],[-7.006756252675868,56.52379493553906],[-7.005448111204389,56.5247969867076]]],[[[-6.633074039724927,56.12989571426808],[-6.6321172439835845,56.12861274559413],[-6.636205834027507,56.128533737319934],[-6.633074039724927,56.12989571426808]]],[[[-6.712505382789673,56.57126709843257],[-6.711092462359758,56.56914827763968],[-6.714525415266526,56.57051928026338],[-6.712505382789673,56.57126709843257]]],[[[-6.631972769850784,56.13185339483562],[-6.633233895924472,56.130487089804525],[-6.635801419568511,56.13183365447838],[-6.631972769850784,56.13185339483562]]],[[[-6.344496023308732,56.272450348199385],[-6.342164544822535,56.27092234381787],[-6.347060830862158,56.27191199797037],[-6.344496023308732,56.272450348199385]]],[[[-5.600496652635567,56.383036587458015],[-5.599323573764437,56.380451887899966],[-5.601919530233512,56.381712329074524],[-5.600496652635567,56.383036587458015]]],[[[-6.381337162491228,56.29750283280985],[-6.38579432837788,56.29743922428515],[-6.384539430485533,56.29862601360287],[-6.381337162491228,56.29750283280985]]],[[[-6.637944620845788,56.13187810745053],[-6.637597859770066,56.130472363714034],[-6.641318773892313,56.13140296110019],[-6.637944620845788,56.13187810745053]]],[[[-6.45065579068738,56.70310574724469],[-6.448878977210912,56.70167698677313],[-6.452379746629283,56.70238365509512],[-6.45065579068738,56.70310574724469]]],[[[-5.572373389220384,56.379919774046],[-5.576430507525307,56.37868777536321],[-5.573279042231037,56.3808511640171],[-5.572373389220384,56.379919774046]]],[[[-6.481446503370842,56.453988017294776],[-6.483322171506129,56.44909897830981],[-6.482519958971139,56.45306811565994],[-6.481446503370842,56.453988017294776]]],[[[-6.383052698979424,56.30040112712857],[-6.380868351891434,56.29814004725326],[-6.383671912410467,56.299040926262634],[-6.383052698979424,56.30040112712857]]],[[[-6.460904006909277,56.349065028401895],[-6.461404188559333,56.34750302752335],[-6.46325400579758,56.34884766885502],[-6.460904006909277,56.349065028401895]]],[[[-6.381527860490643,56.51881478998861],[-6.3830554298019235,56.51738742203153],[-6.383613075864826,56.51897317962698],[-6.381527860490643,56.51881478998861]]],[[[-6.562723875153529,56.59155345723338],[-6.563305381826986,56.59294327821013],[-6.560874102866238,56.5930149390616],[-6.562723875153529,56.59155345723338]]],[[[-6.514057119857363,56.617386081305064],[-6.513359427506477,56.6166718552472],[-6.516264750838849,56.61895397281376],[-6.514057119857363,56.617386081305064]]],[[[-6.414230393141945,56.501956447156346],[-6.4135023822348955,56.5047325483164],[-6.412402667312484,56.50491924871597],[-6.414230393141945,56.501956447156346]]],[[[-5.536825855603878,56.414448938163275],[-5.538740907687166,56.41373814035075],[-5.5377948953556055,56.415791627325525],[-5.536825855603878,56.414448938163275]]],[[[-6.433871930621294,56.3308728886805],[-6.4316825844112016,56.330318660576495],[-6.434248833749673,56.330695602182544],[-6.433871930621294,56.3308728886805]]],[[[-6.233216143861094,56.46005167924323],[-6.2370352463680705,56.45795609676983],[-6.235193480131741,56.459939154915006],[-6.233216143861094,56.46005167924323]]],[[[-6.381238107499808,56.29445280386503],[-6.378959123623119,56.29312595641306],[-6.381985050434618,56.293279565302186],[-6.381238107499808,56.29445280386503]]],[[[-6.770958204429514,56.54755496623026],[-6.769579616042776,56.54592122668629],[-6.772655947273825,56.546940883276015],[-6.770958204429514,56.54755496623026]]],[[[-6.614945247756656,56.57881994831302],[-6.613830221365357,56.57682849092526],[-6.615606520646994,56.577027788730476],[-6.614945247756656,56.57881994831302]]],[[[-6.374997580843019,56.352942898266285],[-6.378110969125391,56.35240550819669],[-6.375932815432272,56.3538227318158],[-6.374997580843019,56.352942898266285]]],[[[-6.435749952038362,56.306475690619585],[-6.435492517385355,56.307896823526455],[-6.434033410813977,56.30749638467934],[-6.435749952038362,56.306475690619585]]],[[[-6.376937413173441,56.51971609017706],[-6.376757452171238,56.51860450821567],[-6.378567108902925,56.518965306985145],[-6.376937413173441,56.51971609017706]]],[[[-6.62999044123462,56.56335125250447],[-6.631063281556252,56.56337239019104],[-6.631014358516161,56.5652410633234],[-6.62999044123462,56.56335125250447]]],[[[-6.223206859196168,56.46310150018211],[-6.225772693195447,56.46250010035104],[-6.2229804724882545,56.46402010465372],[-6.223206859196168,56.46310150018211]]],[[[-6.169357601426344,56.45778760370998],[-6.16824632729573,56.45684032795122],[-6.17106701877231,56.45686222533375],[-6.169357601426344,56.45778760370998]]],[[[-6.22142700547837,56.46900203016071],[-6.221372223312345,56.46704783250386],[-6.222806199972301,56.46876618795352],[-6.22142700547837,56.46900203016071]]],[[[-6.164871108391485,56.48737768204398],[-6.161799647981667,56.48575415705991],[-6.165048307959687,56.48660932656794],[-6.164871108391485,56.48737768204398]]],[[[-6.220576826360939,56.464642207783676],[-6.2193648396381205,56.4627993594831],[-6.220847020995258,56.462834327768725],[-6.220576826360939,56.464642207783676]]],[[[-6.760282991220533,56.55195939631432],[-6.762890970609876,56.55119806725612],[-6.760977186777405,56.55275138936912],[-6.760282991220533,56.55195939631432]]],[[[-6.467283632679459,56.34797509291254],[-6.466935927162422,56.34678958845563],[-6.468280618458916,56.346927418833246],[-6.467283632679459,56.34797509291254]]],[[[-6.451570110541314,56.70162114011245],[-6.451532684130361,56.700475698702824],[-6.453706169300638,56.70115788818538],[-6.451570110541314,56.70162114011245]]],[[[-7.013744111625285,56.52407477586535],[-7.013827959695546,56.52243387206406],[-7.015289132462262,56.522896595266474],[-7.013744111625285,56.52407477586535]]],[[[-6.30898191811045,56.47132017694577],[-6.309833487259851,56.47101359499186],[-6.307013782581722,56.47288535437118],[-6.30898191811045,56.47132017694577]]],[[[-6.209696282893985,56.46643772897179],[-6.211107730490121,56.46533859399839],[-6.210539869036906,56.46745229991595],[-6.209696282893985,56.46643772897179]]],[[[-6.031281752953892,56.612253612724736],[-6.030402183018532,56.61082417146292],[-6.032693219518732,56.61186521514033],[-6.031281752953892,56.612253612724736]]],[[[-6.402446715929117,56.34973414575915],[-6.405225669612211,56.34887489757321],[-6.403079598432732,56.35036977009581],[-6.402446715929117,56.34973414575915]]],[[[-6.246712895092256,56.41171258378083],[-6.246157300178599,56.4103025956879],[-6.247651171407613,56.41060228049406],[-6.246712895092256,56.41171258378083]]],[[[-5.620984389926222,56.367686941680034],[-5.620307414066371,56.36618725923734],[-5.622190794587729,56.36699979912584],[-5.620984389926222,56.367686941680034]]],[[[-6.676521090139848,56.5963083635919],[-6.678363196186807,56.59613206418388],[-6.677310029068515,56.59747019112344],[-6.676521090139848,56.5963083635919]]],[[[-6.222834626810611,56.46912405612582],[-6.224141703805891,56.4689410190439],[-6.22449047127977,56.47061539606967],[-6.222834626810611,56.46912405612582]]],[[[-6.766380742244256,56.52136798432031],[-6.767081248935316,56.52046843148467],[-6.768104596197341,56.52232724425469],[-6.766380742244256,56.52136798432031]]],[[[-6.368780113175034,56.30566417612727],[-6.368588370372523,56.30469508539106],[-6.370855372214582,56.30464195225338],[-6.368780113175034,56.30566417612727]]],[[[-5.969455391265078,56.31427514987554],[-5.9668505976978325,56.313795396508226],[-5.970199922112257,56.313719374432104],[-5.969455391265078,56.31427514987554]]],[[[-6.217227354848013,56.46161753591566],[-6.218476003521367,56.46051120702033],[-6.219021433058966,56.4617228700783],[-6.217227354848013,56.46161753591566]]],[[[-7.005723160917427,56.52256805006972],[-7.006369175737343,56.52160623889273],[-7.008439602691244,56.5216305522584],[-7.005723160917427,56.52256805006972]]],[[[-6.182389767874251,56.28513074948904],[-6.184679946854379,56.285003755534504],[-6.182938095258988,56.28593059428466],[-6.182389767874251,56.28513074948904]]],[[[-6.13027586335236,56.47448902963524],[-6.130048462904869,56.47366834894369],[-6.13192273408761,56.47474028723807],[-6.13027586335236,56.47448902963524]]],[[[-5.863629021297858,56.34002882754404],[-5.861342824881523,56.33903465139718],[-5.864308066805804,56.339540037804966],[-5.863629021297858,56.34002882754404]]],[[[-6.5643872456613375,56.659549128387056],[-6.5630045027347395,56.65851603607214],[-6.5653725810084085,56.65898671412535],[-6.5643872456613375,56.659549128387056]]],[[[-6.578924761523571,56.5850612480255],[-6.579040387558366,56.583478926514],[-6.5790680015560685,56.583502906632276],[-6.578924761523571,56.5850612480255]]],[[[-6.39741060864688,56.240471187871655],[-6.397255465881923,56.2389653061454],[-6.3978782417294155,56.24043091449187],[-6.39741060864688,56.240471187871655]]],[[[-5.836074559202372,56.30943430622146],[-5.838386795094449,56.308308706543215],[-5.837845061144028,56.309223219204256],[-5.836074559202372,56.30943430622146]]],[[[-6.410541886160954,56.239073553230405],[-6.412043358237096,56.237986891506914],[-6.412171064554992,56.23885978932308],[-6.410541886160954,56.239073553230405]]],[[[-6.411365363077783,56.23965896348754],[-6.413160296645343,56.23927879577613],[-6.413297570410964,56.240084900342254],[-6.411365363077783,56.23965896348754]]],[[[-6.432319710385704,56.33408207828498],[-6.432305163181518,56.33337350174323],[-6.433276404847492,56.333520822439596],[-6.432319710385704,56.33408207828498]]],[[[-6.161650688924535,56.48921253755493],[-6.159887344524852,56.487590752139255],[-6.16197638262412,56.488708553379546],[-6.161650688924535,56.48921253755493]]],[[[-6.303197882539424,56.26557600532333],[-6.3036678765370695,56.26441331973248],[-6.3044050796611915,56.26541771102289],[-6.303197882539424,56.26557600532333]]],[[[-6.457637980614086,56.69466184102573],[-6.4579863445177175,56.69395289697518],[-6.459223834086462,56.69526273988734],[-6.457637980614086,56.69466184102573]]],[[[-6.363527688670986,56.34412198655629],[-6.3644961222129846,56.343843622000094],[-6.364562293184502,56.344257950095724],[-6.363527688670986,56.34412198655629]]],[[[-6.242482510704549,56.457679185137195],[-6.242118391654333,56.45845671401741],[-6.24054358570075,56.45854947357709],[-6.242482510704549,56.457679185137195]]],[[[-6.238536322295115,56.456924477427506],[-6.23917910410236,56.4567462104151],[-6.238581183923355,56.458325992250266],[-6.238536322295115,56.456924477427506]]],[[[-6.212739239918712,56.33566412544741],[-6.213718188297388,56.33490690701205],[-6.21363055487878,56.335867455684486],[-6.212739239918712,56.33566412544741]]],[[[-5.501824841752479,56.4084286407896],[-5.503471845138624,56.40768684373858],[-5.5030709924457195,56.4082603442645],[-5.501824841752479,56.4084286407896]]],[[[-6.331203496736844,56.27732848174484],[-6.330491209484079,56.27653498625205],[-6.330892626452249,56.276368018052516],[-6.331203496736844,56.27732848174484]]],[[[-6.457499494856857,56.2864224964461],[-6.457270894886363,56.286166520379105],[-6.457775143854791,56.28639322576148],[-6.457499494856857,56.2864224964461]]],[[[-5.097631850277872,56.53574457871042],[-5.134723639923649,56.50345201375236],[-5.155912051816561,56.50126967721567],[-5.184591707180626,56.46096083058415],[-5.230226435542497,56.44663598390367],[-5.256745134065544,56.46403646505886],[-5.288198958534484,56.46044385016018],[-5.346479739547868,56.47178244042209],[-5.361955318566604,56.47012775032686],[-5.366584190738605,56.45898315121059],[-5.407029443714804,56.45889240252253],[-5.400375859997228,56.46833396622608],[-5.405355662482356,56.48431651623295],[-5.427044928512337,56.49566966823235],[-5.419525637197765,56.50755085491042],[-5.458904579540024,56.47471272442685],[-5.451632241144757,56.48797820678768],[-5.473777733613475,56.48187462101503],[-5.45152042347888,56.49704348334284],[-5.456786581214053,56.49646857972977],[-5.43518958003346,56.521169736960246],[-5.4306824081466045,56.51730011332672],[-5.420304420156108,56.526557845182],[-5.411679457717043,56.52073056617934],[-5.4018914898202635,56.52544949739089],[-5.401897350430197,56.51663896666377],[-5.389775984459312,56.51020033783263],[-5.358905205518363,56.51358137495848],[-5.310335479847251,56.53006555170426],[-5.294222410564648,56.54621291077914],[-5.249487562254294,56.548422333930766],[-5.2430943938600025,56.56423101619231],[-5.231477736069626,56.56389015423821],[-5.242657360321237,56.564831231434624],[-5.284986132168517,56.54835068832453],[-5.32298745401485,56.54820409978712],[-5.36645118396478,56.523835717415515],[-5.374036003723767,56.529324834285404],[-5.382796818542592,56.52415806007095],[-5.393220300680973,56.54373862602955],[-5.416720248688504,56.53902153075219],[-5.405083255538569,56.54903881974931],[-5.42118270878005,56.54751828490729],[-5.408272728943145,56.56067965290551],[-5.39106488885941,56.568778746659646],[-5.385500291948679,56.567064270195225],[-5.390355299385686,56.55954749140293],[-5.369395679323471,56.56590928886466],[-5.3877797716813625,56.57528540952117],[-5.3837102569833615,56.582103271766805],[-5.360793304317147,56.60390226804095],[-5.325090532327128,56.620649640013646],[-5.297372285114996,56.59800068012013],[-5.274671035132386,56.60072244262911],[-5.249668458111236,56.59216006246618],[-5.216473527166717,56.602156823445654],[-5.210755563621666,56.60976574739637],[-5.213821239020436,56.631916935726125],[-5.152977835718106,56.62666995750342],[-5.153069593628708,56.612824541549266],[-5.118842837479829,56.61656446460711],[-5.079950723583746,56.60945410044094],[-5.086744617794085,56.59624191471],[-5.108902262600673,56.58748721619744],[-5.095432453305554,56.57388176662542],[-5.099674358000458,56.55528584510611],[-5.114462683901657,56.54797191328571],[-5.097631850277872,56.53574457871042]]],[[[-5.429353704169916,56.560288529798235],[-5.507001143941814,56.49807196765963],[-5.598475237454193,56.46104971263483],[-5.576360246279589,56.47555214243452],[-5.570833388149122,56.499096922678476],[-5.522364341544421,56.51251141406904],[-5.467830270429537,56.54914122998447],[-5.470313845955527,56.558394716670804],[-5.455942662444655,56.549772123918196],[-5.429353704169916,56.560288529798235]]],[[[-5.581167098399173,56.326742459174454],[-5.590228236431561,56.30175101723246],[-5.611317426623979,56.2928636147377],[-5.600313352018259,56.29035415380845],[-5.599160713417255,56.2799609983802],[-5.624354874344762,56.26534316070347],[-5.63724688173189,56.275668119308506],[-5.633585645957824,56.29082218656486],[-5.654192309153175,56.29765593323606],[-5.619142863194035,56.32202354066929],[-5.611718021435357,56.31490565034852],[-5.603029680548399,56.31779243667915],[-5.61150343067441,56.309468841283305],[-5.581167098399173,56.326742459174454]]],[[[-5.633336503193529,56.25471983327068],[-5.617786868023469,56.247507297219286],[-5.634393239795199,56.219013587713505],[-5.628387966039843,56.21595332173001],[-5.629777189119314,56.20446221908023],[-5.635613887378407,56.20562571200061],[-5.6289630072549945,56.19972637869271],[-5.633852733464115,56.188766787597615],[-5.648148524928148,56.195028465195904],[-5.650169975650947,56.208905197362846],[-5.665532774761099,56.219179693856205],[-5.650526556805168,56.24730979115287],[-5.654157669789643,56.25617120210506],[-5.639146196835555,56.27021761406658],[-5.630995309444642,56.26539176683798],[-5.633336503193529,56.25471983327068]]],[[[-5.609248476453662,56.229354197074066],[-5.591294633863296,56.22303894367333],[-5.588717083746313,56.2073975445349],[-5.611292228979772,56.195388164840395],[-5.618346304302591,56.20954429173641],[-5.609248476453662,56.229354197074066]]],[[[-5.38073535717786,56.59560749203338],[-5.397141188279614,56.5785786389512],[-5.4030662730594,56.58879987307945],[-5.38073535717786,56.59560749203338]]],[[[-5.404600714155409,56.530940799566274],[-5.408899016142394,56.526527354149266],[-5.4193557852811765,56.52944013879111],[-5.430576075444965,56.52504176492908],[-5.415157718103263,56.534965403337715],[-5.404600714155409,56.530940799566274]]],[[[-5.607933278083595,56.25638739089102],[-5.620098055336948,56.25005175472182],[-5.626238863089241,56.25386194795025],[-5.609374197871848,56.265774599381196],[-5.607933278083595,56.25638739089102]]],[[[-5.581258163969728,56.49311963785122],[-5.594956765315923,56.490177317575174],[-5.574151838963292,56.496622621646615],[-5.581258163969728,56.49311963785122]]],[[[-5.673023474439357,56.30840232192099],[-5.673014926778287,56.31330874312785],[-5.663681795876925,56.316992462646944],[-5.673023474439357,56.30840232192099]]],[[[-5.656700000238625,56.29469387905257],[-5.65339859290021,56.29003369729985],[-5.664051860538776,56.28944394684417],[-5.656700000238625,56.29469387905257]]],[[[-5.661892854180696,56.23883633440929],[-5.666913562115364,56.23807150860412],[-5.665308800642402,56.239736714706275],[-5.661892854180696,56.23883633440929]]],[[[-5.4283535790136055,56.45789817072306],[-5.4324110418453,56.455738824936155],[-5.431171180429919,56.45947665070654],[-5.4283535790136055,56.45789817072306]]],[[[-5.520097747155581,56.48627854966466],[-5.526448452780814,56.48467222247815],[-5.520972569292186,56.48792985862585],[-5.520097747155581,56.48627854966466]]],[[[-5.456628646045711,56.52379252688638],[-5.460839930179805,56.52059857715088],[-5.454305582150051,56.52576617610569],[-5.456628646045711,56.52379252688638]]],[[[-5.415766011379706,56.56586774607741],[-5.421947787473663,56.56436252613427],[-5.415204071534292,56.56770371329579],[-5.415766011379706,56.56586774607741]]],[[[-5.601456264814322,56.458438549590745],[-5.608380240514657,56.45502881910411],[-5.602062790172499,56.45946973328559],[-5.601456264814322,56.458438549590745]]],[[[-5.63957723161611,56.1884363167569],[-5.63694772124553,56.185576452375855],[-5.640502489075744,56.18811057455509],[-5.63957723161611,56.1884363167569]]],[[[-5.690197431275523,56.25112275909229],[-5.693603362372331,56.250956238195464],[-5.6915206786382075,56.25340968487351],[-5.690197431275523,56.25112275909229]]],[[[-5.447584639477402,56.55708147302875],[-5.451140475011534,56.55632111081546],[-5.44633431930817,56.55945438467662],[-5.447584639477402,56.55708147302875]]],[[[-5.595869214351225,56.29390174161823],[-5.596900134853056,56.29214239050083],[-5.600055244787139,56.29273266710719],[-5.595869214351225,56.29390174161823]]],[[[-5.510153369868043,56.48830457099301],[-5.508523771316325,56.48678937701936],[-5.5161186304948915,56.48463379165337],[-5.510153369868043,56.48830457099301]]],[[[-5.47659315365668,56.5542273543783],[-5.479584389075617,56.551118317539384],[-5.4803073942849245,56.55280440671271],[-5.47659315365668,56.5542273543783]]],[[[-5.657984478392457,56.24169895340481],[-5.659685573632547,56.241566065117425],[-5.657699980338666,56.24506111920983],[-5.657984478392457,56.24169895340481]]],[[[-5.588760128551873,56.325483702476106],[-5.591450395652679,56.32276034801961],[-5.591714354836866,56.324007500864134],[-5.588760128551873,56.325483702476106]]],[[[-5.655049293077346,56.24452815761859],[-5.656940798717975,56.240745306924474],[-5.655852658437103,56.245839590843836],[-5.655049293077346,56.24452815761859]]],[[[-5.604302648714653,56.320584771354376],[-5.605669190636435,56.318555275837895],[-5.607641992158084,56.31881873270537],[-5.604302648714653,56.320584771354376]]],[[[-5.5787904070639005,56.239751917528615],[-5.580297419548702,56.23813112704724],[-5.5806516795661,56.23814331964206],[-5.5787904070639005,56.239751917528615]]],[[[-5.589791914361815,56.33192758693102],[-5.593735081006424,56.33011716050223],[-5.589744137092522,56.332839923282386],[-5.589791914361815,56.33192758693102]]],[[[-5.57245147990808,56.22327963570603],[-5.574234716523331,56.220076718272935],[-5.574463666251345,56.22158057564858],[-5.57245147990808,56.22327963570603]]],[[[-5.440442722929938,56.55996293477948],[-5.444128700686307,56.55789124689044],[-5.440272410161515,56.56023826048088],[-5.440442722929938,56.55996293477948]]],[[[-5.419741660777989,56.56155537336366],[-5.421716664324026,56.56000423493026],[-5.419157524793535,56.562163212912054],[-5.419741660777989,56.56155537336366]]],[[[-5.587366058053044,56.326894749813086],[-5.588873985454042,56.326279257492736],[-5.585568447212408,56.32871407990006],[-5.587366058053044,56.326894749813086]]],[[[-5.492674319044122,56.431394204584606],[-5.491738459013621,56.42948374981149],[-5.493432573875645,56.43010967109768],[-5.492674319044122,56.431394204584606]]],[[[-5.661351305072876,56.24322214797501],[-5.660571705699168,56.2423710880657],[-5.6613477789742035,56.24307609292099],[-5.661351305072876,56.24322214797501]]],[[[-5.233294686307364,56.43858496846378],[-5.23765356045278,56.437308846256734],[-5.233720133846658,56.43898918758144],[-5.233294686307364,56.43858496846378]]],[[[-5.44847439939905,56.55435981981414],[-5.450846397619366,56.55396936498242],[-5.448763038147031,56.555151926431755],[-5.44847439939905,56.55435981981414]]],[[[-5.587460969423185,56.28337587132612],[-5.589909584496343,56.28144460369588],[-5.587800322730537,56.2838919885972],[-5.587460969423185,56.28337587132612]]],[[[-5.550754579366622,56.256031168328754],[-5.551386951398106,56.255532374600485],[-5.551072140391088,56.25822870345566],[-5.550754579366622,56.256031168328754]]],[[[-5.514763493003447,56.47629382137056],[-5.517850997939606,56.47527049877954],[-5.51442354728925,56.476941029596624],[-5.514763493003447,56.47629382137056]]],[[[-5.527041506630135,56.48373870086572],[-5.528366525939392,56.48339191038647],[-5.527342549903029,56.48453459535037],[-5.527041506630135,56.48373870086572]]],[[[-5.324154034018341,56.455481406996284],[-5.323420465828224,56.45652019980737],[-5.322806129570975,56.45605626529496],[-5.324154034018341,56.455481406996284]]],[[[-5.5109641621882135,56.477584906610204],[-5.512195910799562,56.477166356584284],[-5.5105490391736165,56.477932266502926],[-5.5109641621882135,56.477584906610204]]],[[[-5.307224044688245,55.848005613843036],[-5.30784817509252,55.84703044542457],[-5.308761220588087,55.847859111875295],[-5.307224044688245,55.848005613843036]]],[[[-5.192074584102758,55.93256306623396],[-5.192847656452935,55.932127057423834],[-5.193718450183254,55.93342615692923],[-5.192074584102758,55.93256306623396]]],[[[-5.33794842665016,55.88192680302797],[-5.337698623956947,55.88068496413371],[-5.3384795216966365,55.88148645269816],[-5.33794842665016,55.88192680302797]]],[[[-5.288323998764388,55.84842741762603],[-5.288402665067031,55.84758896582001],[-5.2884563982070825,55.848497288516995],[-5.288323998764388,55.84842741762603]]],[[[-5.183234956667786,55.925127523867275],[-5.160941821411318,55.92221419673839],[-5.11338105561507,55.89224191045953],[-5.078302464968892,55.88138459085608],[-5.074927697874844,55.874205498651115],[-5.092095681785701,55.86292545183683],[-5.061912073378764,55.85908187966931],[-5.05888898437035,55.839196874458274],[-5.024689447199109,55.84353660875808],[-5.022316124701679,55.8093317966247],[-5.0010356729383165,55.769983723246426],[-5.032013040162121,55.753561349742796],[-5.009503551057183,55.74304644750938],[-5.003901685330015,55.730715276309084],[-5.0291997984265775,55.72175037416108],[-5.053755222215935,55.73324267351095],[-5.049151097795911,55.736714753585716],[-5.0621375215966795,55.74770034504807],[-5.060954540380231,55.75853083906525],[-5.093554515378716,55.77801415174342],[-5.120383478433475,55.77231724542929],[-5.128853600713823,55.790548705365644],[-5.122687166891221,55.8006123370436],[-5.126736735992972,55.809470292018176],[-5.138063756794292,55.802090336939905],[-5.13524775447933,55.81013616745104],[-5.143031731634891,55.81272858993285],[-5.129235561169282,55.845221728264846],[-5.169215590604393,55.851696576608994],[-5.212027139165034,55.88455348956688],[-5.213648624507562,55.89767732434795],[-5.221406244632318,55.90121422814917],[-5.183234956667786,55.925127523867275]]],[[[-5.147458009821355,55.78471988434777],[-5.158167849759993,55.77641248900466],[-5.166528401655641,55.80241194058532],[-5.161387999453148,55.80482074662064],[-5.147458009821355,55.78471988434777]]],[[[-5.172488796362673,55.92793568333245],[-5.172479520992124,55.92508166440394],[-5.172979696887616,55.92602207834991],[-5.172488796362673,55.92793568333245]]],[[[-5.211796524874726,55.705860671517044],[-5.161137302211775,55.67887143843854],[-5.138627439681615,55.64432742841881],[-5.1280676367912505,55.60983665912738],[-5.160312797124047,55.58372454111714],[-5.108792511344417,55.571795534634674],[-5.082897800756743,55.5526679506292],[-5.1288554777580195,55.5310299011133],[-5.079283396849921,55.50983853955607],[-5.094771042515051,55.49167720661007],[-5.07911350208574,55.46526435998253],[-5.083583067332889,55.4545211325865],[-5.112361379357019,55.43986372015227],[-5.137897472878088,55.44390632672155],[-5.196440064950967,55.43383422075183],[-5.251422274935803,55.4394244755973],[-5.313203335392359,55.464998450933784],[-5.3272882119572245,55.49812864862025],[-5.355361439465908,55.50668528432471],[-5.352576526610451,55.53144187165474],[-5.342796237363386,55.5432992880087],[-5.349083276947072,55.57090221893569],[-5.395268078478907,55.61132087226698],[-5.3951719224393635,55.62700808637358],[-5.364813219489002,55.67831510507409],[-5.327964079914741,55.68910725680977],[-5.3161436753743185,55.705880155381664],[-5.286521825611198,55.70239079967876],[-5.294179646717105,55.713162902706856],[-5.266051194285993,55.721055481695494],[-5.211796524874726,55.705860671517044]]],[[[-5.06007573803524,55.51767672506544],[-5.070373971526794,55.51217766215567],[-5.089287363635432,55.535277715020186],[-5.075538531987182,55.5354126940786],[-5.06007573803524,55.51767672506544]]],[[[-4.840641554140286,55.645717397776124],[-4.84124593404302,55.64373385641918],[-4.845722825927892,55.6474222652153],[-4.840641554140286,55.645717397776124]]],[[[-5.118396739251175,55.4274096488947],[-5.118621908750207,55.42435174406952],[-5.121352506499593,55.427603887069964],[-5.118396739251175,55.4274096488947]]],[[[-4.893649387266015,55.76578019810869],[-4.913851646754995,55.7447847566695],[-4.91393775791219,55.753984939757366],[-4.93025565103379,55.75237680326873],[-4.946860028668049,55.7430690109523],[-4.9504473467372,55.75364082373895],[-4.922003727719397,55.789715029931266],[-4.898168149285169,55.791006821008125],[-4.901052159121906,55.77214516528985],[-4.893649387266015,55.76578019810869]]],[[[-4.9382547490649165,55.735071007638986],[-4.954270276288992,55.71034675406163],[-4.96787049650465,55.721704333739105],[-4.9382547490649165,55.735071007638986]]],[[[-4.92437661386133,55.74995367990721],[-4.926323688197309,55.74957424122368],[-4.925499256964166,55.750531997194415],[-4.92437661386133,55.74995367990721]]],[[[-4.924621373469604,55.74881041683398],[-4.924285080525753,55.747934633902226],[-4.925762127220482,55.747918892797585],[-4.924621373469604,55.74881041683398]]],[[[-4.7337818860114345,55.52764884532318],[-4.733409366699161,55.52533682013662],[-4.735836283159385,55.5268546848736],[-4.7337818860114345,55.52764884532318]]],[[[-4.84656660987374,55.3059991735099],[-4.853164163046095,55.30346555219253],[-4.84780300816497,55.30717671183265],[-4.84656660987374,55.3059991735099]]],[[[-5.106759401361858,55.25177601138429],[-5.123928037373638,55.24947121110704],[-5.118889000884342,55.257839100416874],[-5.106759401361858,55.25177601138429]]]]}},{"type":"Feature","properties":{"county":"Central"},"geometry":{"type":"MultiPolygon","coordinates":[[[[-3.828667694076764,56.10443634077748],[-3.8328668170648195,56.10944853798721],[-3.826411353612051,56.113146790073785],[-3.8520432512999543,56.121363631187144],[-3.845151748583138,56.12493011547009],[-3.857407817527818,56.119784122534696],[-3.865592859135737,56.108248953027626],[-3.870515290045767,56.11057205626628],[-3.862707245312901,56.11430261987023],[-3.863697234065999,56.119076454284624],[-3.8839583647431875,56.12945657755518],[-3.8917233396841007,56.130465683747815],[-3.904165527691569,56.12070652066733],[-3.887978604433604,56.12921005075754],[-3.8803501833024936,56.122679984606506],[-3.889600841804978,56.11959744447128],[-3.866429451590621,56.11903876793161],[-3.8729386991793002,56.10950727126387],[-3.8654761167447838,56.10581107735009],[-3.8544660442628267,56.11040004325456],[-3.854706158070004,56.118431876139425],[-3.8399978468621616,56.11632462382617],[-3.8386923132925457,56.10190697690426],[-3.845721384881465,56.10205992236234],[-3.820153991610154,56.09834839951891],[-3.801631840588663,56.10603559507994],[-3.7690937876369954,56.07664121671324],[-3.733561646794445,56.064562351474194],[-3.7284471741678433,56.032330357752784],[-3.716739867598349,56.02667273899207],[-3.7542942759466755,56.020274785315564],[-3.704716298622527,56.026392023013614],[-3.6827560194830276,56.036048881022175],[-3.680127268596397,56.03085041316657],[-3.6933866673432827,56.02396105208914],[-3.680444155583362,56.03027638766183],[-3.684288595698632,56.02311156873532],[-3.6714667736686355,56.01572344551905],[-3.67717795637236,56.00710022646384],[-3.6921648624418126,56.0045761675279],[-3.693485656344521,55.999498883458386],[-3.6909906563369566,56.00433911017875],[-3.6767405658455496,56.00674044301153],[-3.6723599961611098,56.012268932550846],[-3.597539996364766,56.020968811814214],[-3.5154795732661235,56.00636918179435],[-3.511528137695737,55.99396608884993],[-3.528775501217443,55.992729029341234],[-3.5301827212276597,55.986429550493064],[-3.598839560556514,55.99703421262977],[-3.6323462790242123,55.982013472557306],[-3.6318091589962216,55.973832439904506],[-3.6569923557752313,55.964777172775555],[-3.6529311425730193,55.95925938934709],[-3.674212179715849,55.95392363341716],[-3.667533303700096,55.94673897615954],[-3.703344730532225,55.9345576650783],[-3.7391503644344426,55.933095791835626],[-3.78210621004711,55.901629993951865],[-3.8225551508719264,55.89649135994199],[-3.809169352872324,55.9048575699437],[-3.8330288875769485,55.907799790259695],[-3.9037605838767324,55.93811862110974],[-3.8603786019460427,55.95925117727474],[-3.9380951795856114,55.9629178978431],[-3.949721632117406,55.97144323653985],[-3.9446097921778938,55.9815619803391],[-3.9852312590401584,55.98278163067327],[-3.9893240429273575,55.98728446874722],[-3.9746349195190867,55.99087725074652],[-3.9884178400291406,56.00778875633055],[-4.030341131653935,56.00973312935686],[-4.020121060027584,56.028037147938484],[-4.045465952845059,56.031362327292406],[-4.096276648251963,56.02747060194847],[-4.09990940336614,56.01930270358329],[-4.136396910852386,56.00624726155471],[-4.15237582645507,56.00803625357897],[-4.1627232497965565,56.030291152826116],[-4.197933988323215,56.010054007933164],[-4.222531157248343,56.02032990412051],[-4.256994081110371,56.01722745086561],[-4.275263203151821,56.028709917918505],[-4.296323880753516,56.025654763037004],[-4.294089349174083,56.00868757091652],[-4.275771363392045,55.99521815314445],[-4.27426969006631,55.976875793736816],[-4.2805463998858535,55.9752722985583],[-4.2726518085173515,55.96534435525225],[-4.288636532775885,55.966831375289786],[-4.2936298332769445,55.96282988559201],[-4.28640048866625,55.95778218107037],[-4.335210065535787,55.95941468042834],[-4.366367357864206,55.9804270726641],[-4.414022666893122,55.971341170948904],[-4.430339165871499,55.979023702286185],[-4.446026338430229,56.002782455011996],[-4.470792468591038,56.0022883554599],[-4.48239467019286,56.011521136380196],[-4.479125171485259,56.01998245043046],[-4.492145798637631,56.03374623928013],[-4.487203253643185,56.03905984608344],[-4.49889703025968,56.0476610528768],[-4.480501465637057,56.0514549820421],[-4.475480481938159,56.06121760060433],[-4.504863149465436,56.067573592503294],[-4.499702821971038,56.06112896953628],[-4.506307534447197,56.05859070816985],[-4.53235050142909,56.07342322411636],[-4.587369669943809,56.07322414048709],[-4.605308835473224,56.08888997382564],[-4.5904236206211095,56.11088129797755],[-4.641149755676572,56.12347785029613],[-4.655590824076206,56.164989401613724],[-4.695367180660118,56.19916888960544],[-4.685532574729148,56.21909474629404],[-4.701415886995855,56.25465875059783],[-4.697124744582221,56.274440701235726],[-4.660305524076005,56.28114298932276],[-4.682108453869937,56.29783925242902],[-4.670658912753394,56.30251339718997],[-4.676702538288279,56.31287167403407],[-4.658469020103614,56.32192884508107],[-4.715903720022795,56.32998464558042],[-4.721849353887243,56.32146831194068],[-4.720948083697741,56.32732580381143],[-4.739897079469744,56.331914210171036],[-4.785899502049741,56.323831932319244],[-4.79281948194668,56.333127055391664],[-4.778733736363632,56.33900763395352],[-4.78317305968452,56.343855883961595],[-4.854357396005752,56.370674276016594],[-4.834219573959742,56.37809357603903],[-4.835147042027055,56.39013452511734],[-4.812635987770981,56.398107731302254],[-4.811659009362129,56.41759814642407],[-4.798601768439288,56.41677912302251],[-4.789920953810478,56.42732902612899],[-4.7645700676094815,56.432031394373254],[-4.768073942957841,56.43649213008272],[-4.733388320338296,56.43424171401329],[-4.723039338924921,56.44638727290774],[-4.733324235564013,56.45491964981084],[-4.726404567417082,56.459489460097714],[-4.700072675888775,56.467354502935585],[-4.665530669095683,56.4600800891723],[-4.655348097868711,56.47303394684957],[-4.628471554738913,56.47430745377983],[-4.620328129568091,56.48043846290108],[-4.625147482277507,56.486484001766556],[-4.600716909121651,56.4975542826111],[-4.577263443468022,56.50522004555036],[-4.52850162665436,56.50489758909743],[-4.528794801264491,56.51856561328311],[-4.507415934933791,56.52336259068061],[-4.494354531206303,56.51265701743854],[-4.477391084757184,56.513010265166],[-4.441977622820086,56.52573664670005],[-4.378494274505699,56.53359227599154],[-4.365032614479098,56.54709131983269],[-4.331225040558357,56.53901783564785],[-4.333132483690336,56.529307853798684],[-4.310213519220131,56.51557784230942],[-4.296886256678776,56.475043561506155],[-4.154482195425168,56.510285334392925],[-4.108805636258543,56.48893640116589],[-4.098617736170705,56.46534499002031],[-4.134435037871463,56.46402416926439],[-4.161891485212221,56.44472683363074],[-4.202050498688648,56.457819234986275],[-4.19645180588687,56.3866955434717],[-4.240623355173209,56.38439049168664],[-4.242029719805294,56.35278118203915],[-4.222628242371382,56.34230187692533],[-4.237411692712675,56.329211587601236],[-4.221059564778793,56.31963404247399],[-4.197926204285572,56.31443017857143],[-4.188206223142283,56.30421824630005],[-4.13987113139631,56.297820045028665],[-4.11569390700222,56.28103092871195],[-4.084079301134565,56.280888891337376],[-4.078503277726231,56.28991524226338],[-4.052205521878585,56.27349105600388],[-4.038546509975382,56.280263355395796],[-4.037562255818346,56.269111360510365],[-4.005280588007646,56.27493429853698],[-3.9671095444471742,56.245312895278964],[-3.9562088280180094,56.24657308645048],[-3.939926523982616,56.227993584717844],[-3.9163362033712494,56.224911572268354],[-3.900704468451143,56.23410293538514],[-3.8752213139292477,56.21474504584921],[-3.8472022429094386,56.22597243498595],[-3.836410429038596,56.19562119507585],[-3.7808786134607577,56.21722709629831],[-3.7521882469802814,56.211908488166785],[-3.7377963766025997,56.18926503171276],[-3.686453619773925,56.19585290279679],[-3.666936009182929,56.18862805534114],[-3.651067473089731,56.202971024386386],[-3.638063347537636,56.19685405434884],[-3.619291243751181,56.20549843700646],[-3.571407999245425,56.192936280143556],[-3.5979959572864857,56.18107768170528],[-3.59330172838992,56.17300719936775],[-3.6478573874885796,56.15967672230975],[-3.6366604868358023,56.1512891119245],[-3.644785510740648,56.137619015354346],[-3.6283474178529054,56.13276975768208],[-3.6639387717760634,56.12304630237521],[-3.6287867178602142,56.11044066008662],[-3.6725830808326947,56.10779919558018],[-3.6744735355624405,56.10023176626159],[-3.714621941148501,56.10448724372751],[-3.7214449569464083,56.08778721994624],[-3.7387639119967684,56.07889008299698],[-3.7764260734566037,56.092722476074215],[-3.766571914771522,56.09886415094011],[-3.775800803640063,56.09379000217644],[-3.7972331174704763,56.10895279408863],[-3.8131573442280384,56.11165467497506],[-3.828667694076764,56.10443634077748]]],[[[-3.828958582887226,56.11310366932233],[-3.8326340550719964,56.11023558454606],[-3.830645631355575,56.11391346126611],[-3.828958582887226,56.11310366932233]]],[[[-3.8139267264207013,56.10356487116214],[-3.8216971854294126,56.10218874535209],[-3.814089255410537,56.10944837628606],[-3.8139267264207013,56.10356487116214]]]]}},{"type":"Feature","properties":{"county":"Dumfries and Galloway"},"geometry":{"type":"MultiPolygon","coordinates":[[[[-5.053622524792709,54.80987759627757],[-5.14577114327207,54.85810696925473],[-5.14500423132937,54.87111023845017],[-5.185074886134464,54.91524383708283],[-5.187108472711262,54.95127998415241],[-5.17773279978491,54.96694348686769],[-5.1861107573798595,54.97500866796507],[-5.157724396477246,55.00814529035844],[-5.095622653372392,55.01716798189073],[-5.060823406110532,54.96769513696181],[-5.075047101583514,54.96373262776269],[-5.070568300897397,54.93605144366455],[-5.060822074123599,54.923753277677164],[-5.01805265416877,54.905451615666074],[-4.9907480673474,54.921592069924145],[-5.006333557290809,54.95425779965588],[-5.031300736967831,54.97434104568389],[-5.0397521505619975,54.99779350986128],[-4.9732310200698615,55.01153667956912],[-4.978059959701538,55.0221211686854],[-4.9605591250381735,55.021501252339775],[-4.930781284465994,55.05138155766507],[-4.933399402112609,55.064371796185945],[-4.901037722394103,55.06426685018543],[-4.882592603860548,55.04715715434091],[-4.884551047914674,55.03890302439498],[-4.841055708046159,55.04474503750151],[-4.830604648808239,55.03464149960864],[-4.802353106824001,55.04439310636001],[-4.789167219849254,55.031054423207614],[-4.775992215424849,55.04183772179371],[-4.761073673371955,55.03797466773724],[-4.741456657364938,55.047309009242994],[-4.715171534764862,55.03751125084744],[-4.646739859266021,55.0563823567497],[-4.645814659546415,55.04877057298324],[-4.633749510698129,55.05136512395203],[-4.625223414943511,55.0684492145354],[-4.629514208747942,55.07678396883411],[-4.646629457312546,55.078066923032814],[-4.662032128014141,55.08974963326015],[-4.656319642826452,55.09459383032038],[-4.66358798664414,55.11418895282745],[-4.658316506544532,55.119935984624775],[-4.623170598151021,55.140784511524146],[-4.5840008235568295,55.141976787751105],[-4.564966628681471,55.15801539820556],[-4.478620668859817,55.15292608188163],[-4.461846667280313,55.1702204224898],[-4.442689305967278,55.16843777265011],[-4.447454184234343,55.159452478753565],[-4.439173520744507,55.13788316480079],[-4.420645922772194,55.143741052764646],[-4.407271335217341,55.15696293300521],[-4.409217453829399,55.17921595450805],[-4.397360934380589,55.18636718569673],[-4.392189649819381,55.20246725463475],[-4.377383140046689,55.201456169226326],[-4.381554923071595,55.20728913208225],[-4.355343013614598,55.25266124826543],[-4.3601513643869545,55.257988375533955],[-4.312920045027235,55.29151570783981],[-4.300482640504021,55.310689871789876],[-4.2576691906412565,55.30528614364324],[-4.2395147094252055,55.321435079307356],[-4.202884772855855,55.31820049367917],[-4.1716348850115965,55.29434878021283],[-4.142617878735756,55.28362651208703],[-4.116382051490017,55.299579343739644],[-4.119135920579456,55.32227095003684],[-4.08572964353262,55.351260896960675],[-4.107486455508367,55.369042681610594],[-4.090820532342352,55.41208815248699],[-4.002721241704035,55.436515501018796],[-4.016451779131901,55.4465571183088],[-3.9862264518953454,55.46405183811299],[-3.969790309332641,55.454364123797326],[-3.9509818971055815,55.462592222262565],[-3.8954362347085727,55.45975803768738],[-3.825498767252478,55.44441561187121],[-3.816402669007535,55.42726896947092],[-3.7645943124963392,55.4011024631436],[-3.7536601396883276,55.37494146438744],[-3.711039238475542,55.36321106763091],[-3.7201798291287194,55.350244907932215],[-3.710461550880611,55.34414891791545],[-3.711157088376228,55.32315915033061],[-3.678363832057766,55.30894754822591],[-3.6636134083382776,55.29175072876907],[-3.642529581117674,55.29089038665135],[-3.6186745161187126,55.29620478887459],[-3.6215518216552844,55.31654155768824],[-3.6070278986202604,55.32582724970308],[-3.573964859788492,55.32836063054804],[-3.5882043066296525,55.346027589265866],[-3.5726914916582664,55.355103496271525],[-3.580031658244905,55.38116905852296],[-3.558167648331756,55.38811332423575],[-3.5498314106050173,55.398985286607086],[-3.531399433790853,55.39643623607806],[-3.507377576237776,55.41226450056021],[-3.4721276851125533,55.40375593159226],[-3.4204900315233173,55.41599488528401],[-3.401401907836262,55.40805538825172],[-3.3623263226159983,55.41699363021609],[-3.354321609897856,55.412517446502854],[-3.3316273124444744,55.44105578686975],[-3.3109814946479523,55.444828388833635],[-3.293444874891007,55.430915544656166],[-3.2796072231596387,55.435253200298035],[-3.2435869063601657,55.4276853166272],[-3.3064101759334146,55.388519582970524],[-3.3116728137518714,55.37963426104801],[-3.303833474283803,55.36888790946201],[-3.3154840760112747,55.366596492990084],[-3.31334372327554,55.35489871791262],[-3.320260107334288,55.34935153920368],[-3.288565202245012,55.34341654945042],[-3.2655201511606116,55.361475283576716],[-3.2348890923297424,55.36644702525296],[-3.2233895056105033,55.376231759302165],[-3.179253714633954,55.36046776773152],[-3.1745027003185102,55.346791585216515],[-3.133626574086731,55.35914704762359],[-3.1126914131711167,55.356914017250254],[-3.1097329617686813,55.34803026933156],[-3.1020257007574012,55.35158660927689],[-3.099084881771647,55.33168185769349],[-3.0862694252845775,55.327941383606166],[-3.0817629190696754,55.31555352386789],[-3.069512479657776,55.316744190877365],[-3.0466406746058157,55.295514741354175],[-3.0546551220472526,55.280724656304166],[-3.0429562681964506,55.27153248777115],[-3.0199352103042245,55.27912520026478],[-3.010169310457241,55.26743452147105],[-2.995928663261406,55.26908811736376],[-2.962083824881394,55.29026556352191],[-2.917058888643828,55.277411578340235],[-2.906933009529414,55.285516290832966],[-2.8930537269326337,55.27989451349114],[-2.8849256345670553,55.26269150158019],[-2.9050128764811,55.2571839738195],[-2.921445048832228,55.23672193235403],[-2.863842481426109,55.236351637206965],[-2.8619165004883884,55.22328599245227],[-2.88818710267122,55.207866225983224],[-2.9047519047146504,55.17366924185274],[-2.8969156842392856,55.14668333382455],[-2.8651172654183976,55.13532552936182],[-2.8585401086712676,55.10834878051191],[-2.8862923943475143,55.09480991851444],[-2.8837912154453194,55.087547408717505],[-2.893307801212724,55.08785181505266],[-2.896639280326893,55.078072711048954],[-2.9404291781256897,55.06912813739124],[-2.936407399215765,55.059585949949444],[-2.9586963252048624,55.049274013681476],[-3.0509285234989156,55.05280356405297],[-3.053419718815246,55.04728404774732],[-3.0260877488595788,55.035419068681286],[-3.0494567296070927,55.00939505579622],[-3.043982015492446,54.998669949187295],[-3.0573459663710505,54.98720934527424],[-3.146284666721924,54.9642678883908],[-3.2047845764224316,54.978311946674836],[-3.241034822970942,54.96804476785115],[-3.2677874200381574,54.970058397489026],[-3.275603613760355,54.97941659199189],[-3.264968459415394,54.98764918694284],[-3.267664403857926,54.99092198909223],[-3.260504824893861,54.996271726973305],[-3.2628398466515023,54.9987476439599],[-3.2787221994459297,54.97872059112478],[-3.2640154009883724,54.967069215679956],[-3.2691147469259882,54.96550896939806],[-3.330775391675874,54.97945959511025],[-3.3706636558241767,54.97064329373815],[-3.4085391576901416,54.97442896405092],[-3.4320590731539307,54.99295342904069],[-3.4550450922318228,54.99098833951288],[-3.460438655612102,54.98103605914684],[-3.4710222654446112,54.987955308779014],[-3.487308474661964,54.98250717462471],[-3.4943716274471317,54.990046848561065],[-3.5121592469040634,54.993146077382185],[-3.5102201901862773,54.9893752630723],[-3.4792801893353213,54.98008305245486],[-3.4709200294740965,54.986573691344205],[-3.4603272536795058,54.980464017638745],[-3.4536278414551,54.98879445916872],[-3.4372895995681354,54.98902998473226],[-3.4760700866776264,54.96678240277501],[-3.5224946457037385,54.965440688999436],[-3.5613445360093188,54.980015283452175],[-3.5776441151478893,55.01501882551663],[-3.603915804202569,55.03321969771807],[-3.6116266269886594,55.0522408011062],[-3.6027690285261977,55.05822270764279],[-3.610507526818331,55.06570221923334],[-3.6147986914737444,55.06707166288947],[-3.6041454870299274,55.05792599417476],[-3.6125117824363953,55.052100571572744],[-3.6061017295777846,55.03474566180399],[-3.6166398121781156,55.03752522317081],[-3.5768487576842674,55.00770278470257],[-3.590980886232867,54.998356408224105],[-3.5762159403192166,54.979210591135946],[-3.594186186472676,54.978147832907496],[-3.5990308793670116,54.97340994012459],[-3.5868601990747373,54.97613798967502],[-3.57859328746324,54.96079612442928],[-3.5897165069574566,54.92615705262987],[-3.572577892854726,54.92369818166613],[-3.5629661279513756,54.90721071780172],[-3.5949320069576736,54.88395437211888],[-3.5949216073484407,54.87276055286809],[-3.6884053515543007,54.87950020986001],[-3.694722670654951,54.885840258667585],[-3.6846832184518217,54.88776207421601],[-3.6879805966849597,54.88867609751115],[-3.7274772228113893,54.880576954411275],[-3.7425071598384685,54.86394811973569],[-3.788467615036221,54.853199518724864],[-3.7939407974663393,54.864456774513485],[-3.812256701582716,54.871386696224],[-3.8163580525151866,54.893423901071046],[-3.836161197406098,54.8931751212107],[-3.8208482981076237,54.90260449615692],[-3.8193037119560493,54.91847111662565],[-3.8213521901240397,54.90305621363256],[-3.8397454097132666,54.89565278863825],[-3.828228652835205,54.887690087506805],[-3.819975712294916,54.88671031589455],[-3.817474736219729,54.872465445818584],[-3.829325742738146,54.87501081861612],[-3.8262107827593184,54.86147096165825],[-3.807229868604721,54.84532352146895],[-3.8229792471916393,54.84698451901179],[-3.8431034964464788,54.86672797182037],[-3.8556374708523435,54.86527613206792],[-3.835287123751072,54.84599021812642],[-3.863712504138342,54.84583407274945],[-3.8244474479696073,54.82366566072598],[-3.940328685532051,54.788499889845454],[-3.963431307338266,54.77194132615193],[-4.045338237416317,54.76994266973117],[-4.064397611232712,54.780800364907755],[-4.064450411572894,54.79202579533468],[-4.045650596963568,54.815425061244525],[-4.05516995705852,54.825546713686855],[-4.068129896866267,54.81366524532065],[-4.072057687019306,54.817669910461056],[-4.059916897836908,54.82717309685823],[-4.061778477196832,54.83770171819868],[-4.049523524020563,54.838481807465215],[-4.042174189596198,54.84673551332094],[-4.048751193324661,54.85372988786085],[-4.034747428790097,54.8593610431765],[-4.047536379637143,54.8593958851518],[-4.050726454830069,54.866656594061205],[-4.050903010713785,54.84925426027077],[-4.045395197154306,54.84636399708649],[-4.063172525553414,54.8397219463472],[-4.091328892034101,54.81436420966589],[-4.091643149363105,54.78151465668042],[-4.106212696079339,54.77841863216238],[-4.091275802516486,54.77520208765896],[-4.095118650220547,54.76541047597997],[-4.1247428048047325,54.77778264818635],[-4.122355175982726,54.7878914281222],[-4.138822137367937,54.77590918631917],[-4.159700972860187,54.780306673338735],[-4.179379380961553,54.792215523095294],[-4.1858380028657685,54.803685543503164],[-4.1805077391095935,54.80861572588425],[-4.209192159476521,54.81356634611918],[-4.207047791693895,54.82067751920911],[-4.219540905761022,54.82537806150055],[-4.212521722843296,54.836944088486355],[-4.224698968624445,54.83967871729059],[-4.22323196702964,54.84899790077793],[-4.184685815883459,54.87893784041411],[-4.185744536305844,54.88631530421589],[-4.203076249341494,54.86768379897351],[-4.227805503451636,54.86420257791104],[-4.230781730300157,54.85497067605436],[-4.2663257714273115,54.835417429016594],[-4.362689025137855,54.86318241950954],[-4.374136290974846,54.87746157059034],[-4.383395980983249,54.87772060141947],[-4.381735040333721,54.88745748247316],[-4.400215990588054,54.90433863100098],[-4.398120074652894,54.9185121774945],[-4.420241012777748,54.92245192588021],[-4.4188182460089,54.934445369447836],[-4.4152622640749115,54.93216278684346],[-4.4104757719519165,54.933508209838756],[-4.40893073734852,54.936282241078985],[-4.413516189796095,54.940115799041884],[-4.406648084532539,54.954069570712235],[-4.414208529785113,54.94434568572933],[-4.41304505899829,54.936776754741004],[-4.410314342429751,54.934019281766474],[-4.41513750521474,54.93252485199132],[-4.419145638478125,54.93477593324407],[-4.444914835348352,54.93256020553835],[-4.450798477882792,54.937461962632085],[-4.44240405316169,54.93787912257542],[-4.44391245365367,54.944314523661255],[-4.455605005372956,54.94636373327863],[-4.462809417732702,54.940250139453504],[-4.461710669480358,54.94628511703479],[-4.474160786062955,54.94599896037797],[-4.462077839963589,54.94598194025758],[-4.4658859673200935,54.941995410315656],[-4.462794498216771,54.93980189374691],[-4.445326725888379,54.94428156921064],[-4.443754486734116,54.93831579236456],[-4.453298223755749,54.938669958699435],[-4.455983877724267,54.93508933611475],[-4.445079500469305,54.93007774908973],[-4.424647470983685,54.93247564394667],[-4.421989668513267,54.92046469065233],[-4.39916432492604,54.91450593783381],[-4.404680737619347,54.898796842643286],[-4.42274890115841,54.88888452164305],[-4.405255903585648,54.898293769615975],[-4.396264272604426,54.89378023684358],[-4.42049469213053,54.886841357127395],[-4.4296874051333655,54.873597901942716],[-4.421247339088661,54.87194442166079],[-4.434906547560973,54.86220871775908],[-4.468854575269044,54.85598871065081],[-4.422265556412604,54.86395009564833],[-4.408512731492604,54.82511401946534],[-4.3545915313841235,54.81339274278702],[-4.343626396851054,54.8042175443083],[-4.344431039709541,54.79122355240388],[-4.369069929378891,54.79340912743899],[-4.360182274985365,54.77765591706208],[-4.3712169194951676,54.773165543833635],[-4.35476370467506,54.76712562329156],[-4.366942639523448,54.72286254476292],[-4.351127027290349,54.717384228424734],[-4.351284079585724,54.70764112488962],[-4.389803576054104,54.67830789110584],[-4.516532630542231,54.712221285277],[-4.543229291123032,54.7242156839765],[-4.549238202857187,54.734729184539034],[-4.571587659012149,54.73810451013908],[-4.58540080557842,54.76531363780864],[-4.6003335330155934,54.77670657777495],[-4.672315766277978,54.800306629091125],[-4.708485980837172,54.82388129412464],[-4.775013607670565,54.83061730739016],[-4.8182754706757125,54.86709190434355],[-4.856077702026652,54.87034198415264],[-4.8522973073284765,54.85851386685071],[-4.9360941223182735,54.832633564237305],[-4.961109878000015,54.804021062404516],[-4.938528945118431,54.77674270652142],[-4.939746264389889,54.764260778450726],[-4.917502527555629,54.7432224482407],[-4.905815273789436,54.70119095548816],[-4.866921808414603,54.68200787469899],[-4.882078729579055,54.669302809114285],[-4.8772718778401,54.63918896631714],[-4.85268747448384,54.63721190456684],[-4.874864391970545,54.63325501074481],[-4.922477441384566,54.64343215678558],[-4.964869144591313,54.664077690416065],[-4.962813213410648,54.67641556882444],[-4.974351943536707,54.68421146207285],[-4.947850328198521,54.700065761004566],[-4.9669062256006615,54.7175975015485],[-4.957393303674219,54.728585682605306],[-4.991836284275955,54.73470014621515],[-4.986744547317449,54.749938958924126],[-5.004346420850814,54.755122699999305],[-5.00640923506403,54.761630408035586],[-4.998791838661431,54.76473922257546],[-5.010336542870392,54.783139905190026],[-5.042342379668941,54.79218073674811],[-5.039591161077768,54.799282379224834],[-5.053622524792709,54.80987759627757]]],[[[-4.222743035274114,54.82222830163357],[-4.225016936505788,54.81540994263508],[-4.228003757120549,54.81719789224656],[-4.227741996065559,54.81836919420576],[-4.222743035274114,54.82222830163357]]],[[[-4.21135402838192,54.81185869804571],[-4.2125192297404475,54.806213338199385],[-4.214704605508102,54.80996805334445],[-4.21135402838192,54.81185869804571]]],[[[-4.083218439549179,54.766591917933454],[-4.085668472064299,54.766173354652054],[-4.084660215468267,54.76828476798846],[-4.083218439549179,54.766591917933454]]],[[[-4.239671504696183,54.8266576105662],[-4.241135001586955,54.823932227860006],[-4.241421727313041,54.825620003684406],[-4.239671504696183,54.8266576105662]]],[[[-4.239296570460919,54.82250013234318],[-4.238453166218944,54.82126210631515],[-4.240149807712472,54.821631369794474],[-4.239296570460919,54.82250013234318]]],[[[-3.8081267362518934,54.83341912892813],[-3.810196741710918,54.8308933431963],[-3.8106153803251193,54.83587905969334],[-3.8081267362518934,54.83341912892813]]],[[[-3.7999844261742437,54.85967937526264],[-3.8019120917969937,54.85811389242372],[-3.8036831956280373,54.861880412827226],[-3.7999844261742437,54.85967937526264]]]]}},{"type":"Feature","properties":{"county":"Lothian"},"geometry":{"type":"MultiPolygon","coordinates":[[[[-3.1185717265778488,55.95848887963699],[-3.050393133056423,55.945674815942915],[-3.042949032227681,55.95368776439823],[-2.9844880571351675,55.95984032131273],[-2.9713408282083615,55.97027305488329],[-2.9214664262768526,55.97351802484896],[-2.8886606255878955,55.99197487655812],[-2.8907554443410812,56.010225873643236],[-2.8422935891982695,56.015042742991184],[-2.8641057481272756,56.023124720267816],[-2.8659314325708207,56.037592790250294],[-2.8383570884729177,56.04123257572806],[-2.813125540411927,56.063301858921825],[-2.784253707643415,56.065645089628944],[-2.7571243480094343,56.05889632466983],[-2.6549527141622526,56.05954125720254],[-2.6204322528521335,56.04797549953352],[-2.6138963135106463,56.03309729612407],[-2.5821416384547753,56.023407390751494],[-2.5907798848292614,56.016605282649806],[-2.582854674112344,56.00716136695183],[-2.591622360141138,56.01474051486254],[-2.595587236666704,56.00462437354538],[-2.6129116298523716,56.0062528745784],[-2.5987993246820142,55.99768778220822],[-2.5810881240485375,55.998023185568094],[-2.570182954877581,56.007082161542165],[-2.575025376253606,56.01243346033083],[-2.553108442729457,55.996402417614696],[-2.54229580791475,56.00517091933221],[-2.512122479328484,56.00644813216005],[-2.507851245028327,55.999304991981546],[-2.4452555808509504,55.98791214359386],[-2.419475180746719,55.9705696722313],[-2.402768188538092,55.9717737691464],[-2.3934723218778773,55.956477704300454],[-2.3648831360205698,55.945480445392775],[-2.4668386324231393,55.884365789188685],[-2.4845912629996367,55.89016884998808],[-2.5047232725754567,55.9119302260463],[-2.554404295354167,55.9115231576219],[-2.5626823501081772,55.90652599559748],[-2.554528984794268,55.90007607338099],[-2.570021106811652,55.89214357542405],[-2.532715691369822,55.86975850225125],[-2.5431190054829464,55.84805028516101],[-2.554881603579266,55.83908919781415],[-2.5813390910072087,55.845485706148466],[-2.5941777741352303,55.828671806696015],[-2.648423226431414,55.83364070987202],[-2.6432166534234836,55.84077522717167],[-2.6692640458059356,55.846548475957114],[-2.7399212025290334,55.828186528650406],[-2.777197514620388,55.8443004617586],[-2.8402865159212385,55.81765292793786],[-2.8704093262139385,55.824095961951485],[-2.8869595154359318,55.805838103709334],[-2.901962998417684,55.80915589059984],[-2.9350872500030016,55.793284823755556],[-2.9498679699681674,55.818780405531136],[-3.074906023189324,55.759954098956605],[-3.1037095448863066,55.73062611639964],[-3.0925499434267136,55.721726018322414],[-3.128267757222475,55.710347125439434],[-3.151432974773494,55.72739332422608],[-3.143993435078666,55.7400516364889],[-3.159946861948915,55.74736448342538],[-3.1540701789317453,55.76106529350726],[-3.17479555124722,55.77204594412387],[-3.167781461753188,55.77949802391596],[-3.1810385764589193,55.78134093437685],[-3.1850941776797486,55.801739545288804],[-3.1956063804214936,55.802132926441665],[-3.214300134175269,55.78399998954597],[-3.2743687048296737,55.77534719284258],[-3.2927762557463844,55.78056191253142],[-3.294306156926424,55.79630421037931],[-3.344960522549572,55.79289519971097],[-3.3499471527023474,55.80895387396267],[-3.369036480477572,55.82410852487571],[-3.4259669321304544,55.81058946658499],[-3.444616493655489,55.793455856289775],[-3.4394009732800765,55.78459406493158],[-3.471635186470525,55.77096970149303],[-3.5470639438026152,55.790732605841704],[-3.554998755004156,55.78569103511751],[-3.5834080497359095,55.79871487331524],[-3.5915491002274536,55.81021529269505],[-3.6986703753367847,55.79462859862913],[-3.7327157289133717,55.77787017312267],[-3.744012302917584,55.782008587680124],[-3.7334688454227156,55.793033028014456],[-3.7416329574322353,55.79940579005713],[-3.7150721385953447,55.81405392966005],[-3.732747015507181,55.82321122106937],[-3.7502477281637274,55.85899945802106],[-3.747182988771833,55.86550595660998],[-3.7111270931188636,55.87379931039277],[-3.7119220823905112,55.8820707113981],[-3.7954394806497596,55.87351098818642],[-3.831248559324856,55.89358995433139],[-3.78210621004711,55.901629993951865],[-3.7391503644344426,55.933095791835626],[-3.703344730532225,55.9345576650783],[-3.667533303700096,55.94673897615954],[-3.674212179715849,55.95392363341716],[-3.6529311425730193,55.95925938934709],[-3.6569923557752313,55.964777172775555],[-3.6318091589962216,55.973832439904506],[-3.6323462790242123,55.982013472557306],[-3.598839560556514,55.99703421262977],[-3.5301827212276597,55.986429550493064],[-3.528775501217443,55.992729029341234],[-3.511528137695737,55.99396608884993],[-3.5163350065596046,56.001772196933096],[-3.413020764171956,55.99756847046242],[-3.41473799787111,55.99269916619535],[-3.3896910178741355,55.98978937276019],[-3.351965998089635,56.00158003861138],[-3.3266253292146826,55.98526030688439],[-3.3042668837601052,55.98130519043479],[-3.303884588916574,55.97528426689633],[-3.298001530661776,55.98243882659448],[-3.262483847993652,55.979206364314585],[-3.224088712748362,55.98728426286214],[-3.2184178716418725,55.98036266610096],[-3.220718648346484,55.987868705544194],[-3.218245877671312,55.98055036052724],[-3.197884611130309,55.980565786090715],[-3.1823367747896443,55.99139508634153],[-3.1185717265778488,55.95848887963699]]],[[[-2.6386266846965203,56.07928507960144],[-2.6404900568666982,56.07568248328599],[-2.642956892010006,56.078335421241725],[-2.6386266846965203,56.07928507960144]]],[[[-2.717827227147911,56.07474844741072],[-2.7189034417494877,56.072325301970906],[-2.72276554671851,56.07311765571182],[-2.717827227147911,56.07474844741072]]],[[[-2.7827320326034397,56.0725819702925],[-2.785563978465268,56.071470533577696],[-2.7845432439167226,56.07388582931526],[-2.7827320326034397,56.0725819702925]]],[[[-2.7807439175059203,56.07134119857652],[-2.785733256167749,56.07086927673649],[-2.78500817926388,56.071391411120764],[-2.7807439175059203,56.07134119857652]]],[[[-3.2875350522251052,55.99258741182408],[-3.290981724394157,55.99008481127495],[-3.290123183771814,55.99544475042942],[-3.2875350522251052,55.99258741182408]]],[[[-3.273311787529408,56.01150529450574],[-3.272942008908131,56.010792518843125],[-3.2744878931359382,56.01140784166727],[-3.273311787529408,56.01150529450574]]],[[[-3.5163350065596046,56.001772196933096],[-3.5164245495683075,56.00191230562941],[-3.516298079621114,56.001942218768185],[-3.5163350065596046,56.001772196933096]]]]}},{"type":"Feature","properties":{"county":"Eilean Siar"},"geometry":{"type":"MultiPolygon","coordinates":[[[[-7.325870802287499,57.405652302247795],[-7.332192830520793,57.39358792940198],[-7.318315905552068,57.39215423758288],[-7.324117763639425,57.3891313400574],[-7.319107495004005,57.382588143852416],[-7.310513485294063,57.387471990184814],[-7.269890922412176,57.37905965662152],[-7.2664373166441365,57.37233064455968],[-7.3004572647331125,57.3719463524026],[-7.241022580153672,57.35269710588674],[-7.2426376878334855,57.34743120396107],[-7.273662861203872,57.35005172399888],[-7.270075431538629,57.344689928994896],[-7.233854402945488,57.34173902993646],[-7.22075295614128,57.34902007198309],[-7.224598786118077,57.34133465882271],[-7.2362733528269345,57.34102172108104],[-7.230859425268118,57.335682521027536],[-7.265002829206113,57.332937392776195],[-7.263623758484252,57.328055870466855],[-7.2940873961214585,57.3371424792516],[-7.27184848057137,57.32303747550999],[-7.238427655414164,57.31951077728214],[-7.228094668390481,57.32403615376416],[-7.220562344673809,57.300778399554744],[-7.198622785490701,57.306270210020784],[-7.192408740284181,57.298984678188695],[-7.202543798040084,57.29462545290499],[-7.197205170333744,57.29125200328489],[-7.203283562389192,57.28089027602086],[-7.227130665001979,57.28221086969063],[-7.253145053639706,57.26036362334217],[-7.241779129500115,57.25698813335414],[-7.249325647766785,57.2542516159557],[-7.242663826135121,57.24886139061624],[-7.257490308895627,57.24347085575754],[-7.25877357096344,57.228978594402],[-7.267589555366848,57.224144776904026],[-7.302901619570438,57.22534208369467],[-7.301163069606132,57.234030914203515],[-7.283229633523949,57.22781895894581],[-7.305951940939167,57.239569480783764],[-7.335425821785497,57.23057993028909],[-7.344507375402303,57.242885193216466],[-7.351240046673361,57.24134415524245],[-7.346570362622757,57.23641307840671],[-7.362988317216336,57.245812488529445],[-7.349611778222422,57.22538237866102],[-7.318486589564404,57.22327604474546],[-7.324333093127681,57.22725634958212],[-7.308576335171033,57.229739373659704],[-7.314139163393475,57.22660577108497],[-7.299746757538942,57.22235889886015],[-7.300748661432646,57.21558260563764],[-7.2753573802713385,57.21546427713475],[-7.2618844465481995,57.20718604429423],[-7.266986296979745,57.19334043449097],[-7.250680143101506,57.18364548520914],[-7.244603696943549,57.16368049934581],[-7.268364959910833,57.149706120927455],[-7.321181364301053,57.16409711109423],[-7.300026284199118,57.14801321803144],[-7.328669853843038,57.158519431717345],[-7.3237286475801335,57.15085834847357],[-7.356030653030666,57.15358796672822],[-7.346331409534388,57.152434233605746],[-7.35408023224009,57.15052713357574],[-7.33893796795689,57.14644422185278],[-7.3452234656521505,57.14314317524893],[-7.333473731021592,57.13589471112872],[-7.285602941073822,57.1427176408949],[-7.246305864761491,57.13578126914161],[-7.251594893028975,57.128099664681045],[-7.239844247346038,57.12449696156147],[-7.243993954290035,57.11883539660442],[-7.232111532281487,57.12630414865907],[-7.2118561109596895,57.117448049821185],[-7.215504877247065,57.11059229330262],[-7.230228404170093,57.111736413740324],[-7.218268199652595,57.110719946667736],[-7.233999680671,57.10407855062799],[-7.22937583082709,57.095926181596695],[-7.301573831983287,57.111000917375385],[-7.3174912386500415,57.09886768353137],[-7.323362696824279,57.10548205044772],[-7.373488544026397,57.10391147416203],[-7.391760796252683,57.113544163406225],[-7.391054529743063,57.12609993981327],[-7.404039000776184,57.13100496787571],[-7.412412955195852,57.14964750427922],[-7.407684716545031,57.16095288086396],[-7.424366718570979,57.19093223376361],[-7.4238951922534655,57.21759689588551],[-7.432382110237715,57.221615419015116],[-7.435492950382539,57.23650448164012],[-7.458213062684748,57.240893826124946],[-7.430114012274999,57.246207206966574],[-7.422717172670174,57.26841010990473],[-7.429663340826737,57.27456030367996],[-7.419567676851765,57.27866816755696],[-7.420557762199586,57.2886283778725],[-7.396700457108687,57.30146041291712],[-7.388348404765929,57.29779418347624],[-7.399690742656983,57.30760788357137],[-7.395320255774429,57.33139341010194],[-7.4037618236814975,57.359295680072634],[-7.429783293507433,57.388324061832265],[-7.4124086613196285,57.38716003793689],[-7.398656375965306,57.39974749175015],[-7.37801620494771,57.3952991845932],[-7.388523414839319,57.392645695946094],[-7.365896109971416,57.39382882877038],[-7.374441749166904,57.39541891960423],[-7.329431851342956,57.39929350065461],[-7.325870802287499,57.405652302247795]]],[[[-7.449247340091339,57.0251746795258],[-7.394172354134219,57.002381439550106],[-7.429153181514725,57.012446406050806],[-7.4067586508988,57.00274877160343],[-7.4311925704071795,57.0019667279689],[-7.410631620392085,56.99498264671253],[-7.4014879961188855,56.99992776438559],[-7.379004623468472,56.990089217159586],[-7.378701409727919,56.9800638568968],[-7.398888720343183,56.98278884842489],[-7.410219873741039,56.99387556491297],[-7.421999897272872,56.99184780122907],[-7.406865068570113,56.9881992287616],[-7.405380063254679,56.97794683122144],[-7.422739213352062,56.97585674894934],[-7.4171861313672345,56.97426572767314],[-7.4306162056363885,56.96574948369671],[-7.427069151852913,56.96122049590531],[-7.442471020257706,56.961370971612844],[-7.430457262983674,56.95390031599006],[-7.436021524202033,56.94863608211727],[-7.481152176276804,56.94619857478475],[-7.481792363057321,56.95410853931451],[-7.501218489622221,56.950638807820205],[-7.505166682211103,56.95803965973774],[-7.503998232797752,56.94642809179128],[-7.531249695903003,56.947412659491434],[-7.542418763103111,56.9394239010056],[-7.492387226096048,56.935067052664614],[-7.487217418350674,56.930558362699486],[-7.51771400244908,56.93378775787811],[-7.534179257332617,56.926988935533146],[-7.534161935909162,56.92159675529482],[-7.503262285331243,56.92161145283463],[-7.519543771561493,56.91143405209432],[-7.549325899529291,56.90922738292556],[-7.561590539380156,56.92192983995026],[-7.545110258005585,56.92081667201881],[-7.541612980274481,56.9269808358035],[-7.573055963753152,56.93364406764805],[-7.561239536167221,56.942492701372245],[-7.570042550178483,56.947859413176246],[-7.5318360303708625,56.94733534279935],[-7.561605966692279,56.9554059532585],[-7.551725451757464,56.971506266779414],[-7.524309898930267,56.97160765566181],[-7.51305738479277,56.98090135587803],[-7.526526991686687,56.98658469836111],[-7.5082616643931255,56.98652765195417],[-7.514753189737742,56.998714061624554],[-7.501383710994161,57.00353876542604],[-7.528788476853037,57.013039495997944],[-7.485658357963812,57.013455071771105],[-7.457471073128853,57.023270188547635],[-7.447439098322853,57.04104628437439],[-7.454858658057807,57.04522055403889],[-7.45278110312764,57.05851128976907],[-7.419932962669116,57.041971445276474],[-7.424739732670707,57.031226022154044],[-7.449247340091339,57.0251746795258]]],[[[-7.317330296551283,57.096008420689],[-7.299933085716494,57.0859111192117],[-7.268666965100643,57.09093718135146],[-7.278553023047558,57.06778542632528],[-7.299378916712325,57.067142531294316],[-7.277789260684128,57.06210381315428],[-7.281941751171171,57.05733897646888],[-7.292299158023666,57.0524957002889],[-7.309905575639718,57.06122875654966],[-7.304578252178705,57.07250385088981],[-7.317330296551283,57.096008420689]]],[[[-7.62824707846263,56.83081360216902],[-7.619359492544262,56.81724895671968],[-7.629123223211625,56.810945097624874],[-7.622050647345063,56.80258815872161],[-7.666361437219081,56.799699732296816],[-7.648225724761672,56.81263997352339],[-7.659076843062063,56.8221183915038],[-7.632854604984961,56.824178491854774],[-7.62824707846263,56.83081360216902]]],[[[-7.510855332480882,56.90200669403152],[-7.49207505226075,56.88750898103496],[-7.500479198336572,56.88852865309743],[-7.499387937033147,56.880899804121924],[-7.516376231016199,56.880205594094406],[-7.539267896923341,56.89833458461516],[-7.510855332480882,56.90200669403152]]],[[[-7.386189793624078,57.04274482612482],[-7.40284364462933,57.047875004171566],[-7.389423478461826,57.06222566745392],[-7.371348858646627,57.052045835909865],[-7.386189793624078,57.04274482612482]]],[[[-7.593511765598069,56.85960669752531],[-7.558766999539657,56.856330849667884],[-7.568582375404451,56.847453054306136],[-7.598080647978992,56.849334422583865],[-7.589389156968503,56.855224052519375],[-7.593511765598069,56.85960669752531]]],[[[-7.660769463332216,56.78533666933012],[-7.61197557064063,56.78400576807453],[-7.637009143908327,56.77815324586093],[-7.660769463332216,56.78533666933012]]],[[[-7.3498897837030945,57.0190127633066],[-7.330070671860075,57.013516736423526],[-7.329923285356806,57.006166352609696],[-7.36244923841939,57.01238940630538],[-7.3498897837030945,57.0190127633066]]],[[[-7.324706686341079,57.02611505091945],[-7.324131759356296,57.014089653817535],[-7.3441265454235305,57.02069094249797],[-7.324706686341079,57.02611505091945]]],[[[-7.325939330385898,57.14976898290524],[-7.299798087311232,57.143073621368345],[-7.326455403411032,57.14598637230073],[-7.325939330385898,57.14976898290524]]],[[[-7.365752308536559,57.000387218167965],[-7.361805179234176,56.991886906603234],[-7.376399111519181,56.99418819381286],[-7.37711546276082,57.00022283965511],[-7.365752308536559,57.000387218167965]]],[[[-7.440408700906872,56.92223772889458],[-7.444980376971812,56.91117073876401],[-7.451206995899388,56.92007414773485],[-7.440408700906872,56.92223772889458]]],[[[-7.3697281070471785,57.40421307452097],[-7.380266091728397,57.396158538028764],[-7.363218769765597,57.41745910704978],[-7.3697281070471785,57.40421307452097]]],[[[-7.243235647872669,57.18971431831832],[-7.254508760285055,57.18958590866799],[-7.2558120648470235,57.19320389196494],[-7.249798847826976,57.19538967684505],[-7.243235647872669,57.18971431831832]]],[[[-7.435168463248138,57.06524548488541],[-7.450510361043763,57.063524091087196],[-7.448824546108113,57.067976527373425],[-7.435168463248138,57.06524548488541]]],[[[-7.345031082086263,56.994975187655236],[-7.357715829736747,56.994055878492986],[-7.350618708298669,56.99947774094832],[-7.345031082086263,56.994975187655236]]],[[[-7.415403903000612,57.027564966688225],[-7.423965532740944,57.0270568653843],[-7.414407166832145,57.03139106866216],[-7.415403903000612,57.027564966688225]]],[[[-7.5778795021003065,56.87639650484923],[-7.575949711394194,56.8705809215416],[-7.5812449980024095,56.87328903226935],[-7.5778795021003065,56.87639650484923]]],[[[-7.338499541851431,57.145644017383354],[-7.33580883486331,57.139932158652],[-7.342710870233104,57.14311100967438],[-7.338499541851431,57.145644017383354]]],[[[-7.346506543962551,57.23541328517289],[-7.347585142539263,57.23037174376459],[-7.356531219117257,57.23810161127866],[-7.346506543962551,57.23541328517289]]],[[[-7.554870572651222,56.85532002672433],[-7.549532460579681,56.84880895735067],[-7.558584366760149,56.85383569864972],[-7.554870572651222,56.85532002672433]]],[[[-7.3594523427765735,57.08132683529995],[-7.3655141820081305,57.07947218668578],[-7.365819604483744,57.08139578228445],[-7.3594523427765735,57.08132683529995]]],[[[-7.565501459255671,56.90059449545121],[-7.566957045560788,56.89557920847977],[-7.571775479504317,56.89948599901252],[-7.565501459255671,56.90059449545121]]],[[[-7.24339480575767,57.32963371431829],[-7.244859427278677,57.3250641123457],[-7.251586942109949,57.32679723314508],[-7.24339480575767,57.32963371431829]]],[[[-7.211306417318064,57.3480675569288],[-7.217570932456909,57.34523385222657],[-7.21131845862463,57.34810192645148],[-7.211306417318064,57.3480675569288]]],[[[-7.575347574726381,56.935535178468804],[-7.57445979535447,56.93229872238925],[-7.581170225108978,56.93483806162336],[-7.575347574726381,56.935535178468804]]],[[[-7.226075461485378,57.33046462572202],[-7.22264732218087,57.3283263532475],[-7.228382678380036,57.32818376198986],[-7.226075461485378,57.33046462572202]]],[[[-7.300649809162267,57.046236823460504],[-7.300604611197955,57.04201084682224],[-7.30417915856511,57.045473144375755],[-7.300649809162267,57.046236823460504]]],[[[-7.371153489303952,57.00704992744804],[-7.365934963297642,57.00379321577387],[-7.372536149047007,57.00516267963222],[-7.371153489303952,57.00704992744804]]],[[[-7.260485497246534,57.14302452756131],[-7.256749134320252,57.141317538339194],[-7.264832975106518,57.142179526585494],[-7.260485497246534,57.14302452756131]]],[[[-7.407637164364189,57.13010256862731],[-7.410369995876489,57.12789024596933],[-7.412672873696849,57.13061111110267],[-7.407637164364189,57.13010256862731]]],[[[-7.24213329627834,57.32516313150022],[-7.245797540695318,57.323452801132596],[-7.245866662617583,57.32380620465769],[-7.24213329627834,57.32516313150022]]],[[[-7.659395075758208,56.80538154350576],[-7.662961401003934,56.80466115782765],[-7.662387155811018,56.80769815449075],[-7.659395075758208,56.80538154350576]]],[[[-7.565764213675946,56.894142936572614],[-7.567932358610977,56.89294306381935],[-7.570006746199351,56.89637002557883],[-7.565764213675946,56.894142936572614]]],[[[-7.385053247496362,57.00757277698296],[-7.379614329901691,57.005831142671],[-7.389816185396608,57.0080893301897],[-7.385053247496362,57.00757277698296]]],[[[-7.333296090070383,57.14600990932898],[-7.329714024702606,57.143039926615906],[-7.333110216347442,57.14311566326389],[-7.333296090070383,57.14600990932898]]],[[[-7.295228498023783,57.149710186574644],[-7.2902007466167404,57.14757239564692],[-7.295667196332151,57.149024341395766],[-7.295228498023783,57.149710186574644]]],[[[-7.354442822863568,57.08375112725873],[-7.350371579934321,57.081653265720654],[-7.35612084433518,57.082554329630156],[-7.354442822863568,57.08375112725873]]],[[[-7.551053499911473,56.87659572646403],[-7.550950450201211,56.8745281952132],[-7.552713473253006,56.87590109740362],[-7.551053499911473,56.87659572646403]]],[[[-7.257923746695467,57.37060774767787],[-7.254722537277095,57.36763805219486],[-7.259861489913939,57.37019210870945],[-7.257923746695467,57.37060774767787]]],[[[-7.482161771473798,56.93141535814608],[-7.484938214549024,56.93030915549139],[-7.48521772045457,56.93229336187118],[-7.482161771473798,56.93141535814608]]],[[[-7.523375773916841,56.944195828916946],[-7.525381073628166,56.942370779079795],[-7.52858678710837,56.942711187640406],[-7.523375773916841,56.944195828916946]]],[[[-7.482592973875615,56.94365087326475],[-7.485606339781839,56.94513768360911],[-7.485649180787798,56.946469025926845],[-7.482592973875615,56.94365087326475]]],[[[-7.378948954274427,57.00411113492687],[-7.377467434683303,57.00197153303178],[-7.3801311368568,57.00231568829461],[-7.378948954274427,57.00411113492687]]],[[[-7.391475477165883,57.006168290541595],[-7.388348048060932,57.00268561804871],[-7.393360283778034,57.00637033205734],[-7.391475477165883,57.006168290541595]]],[[[-7.324365495124906,57.08267411309896],[-7.320604153779851,57.08076459045134],[-7.32416433064844,57.08127436146288],[-7.324365495124906,57.08267411309896]]],[[[-7.273650660849987,57.37109540913158],[-7.269666451987715,57.37002988877599],[-7.275127285969166,57.37032718675236],[-7.273650660849987,57.37109540913158]]],[[[-7.270173938141641,57.0954230718395],[-7.267221343590675,57.09410976655126],[-7.271794095877885,57.094630301637615],[-7.270173938141641,57.0954230718395]]],[[[-7.226134339125337,57.35226492955469],[-7.223048977668844,57.35079473059929],[-7.227226826949232,57.351400040700575],[-7.226134339125337,57.35226492955469]]],[[[-7.566325767824425,56.89234025518026],[-7.5666917809555265,56.891266345208294],[-7.5699644039780996,56.892699627621234],[-7.566325767824425,56.89234025518026]]],[[[-7.420010361850074,56.96681102281447],[-7.420518391444585,56.96558967315913],[-7.422915440017437,56.967207705755584],[-7.420010361850074,56.96681102281447]]],[[[-7.622021681833566,56.84591935051615],[-7.622793583276247,56.84439034711369],[-7.624441136832239,56.84567952861357],[-7.622021681833566,56.84591935051615]]],[[[-7.384723130153091,57.005154908156086],[-7.383149607784641,57.00374240229109],[-7.386175375648034,57.00425080171617],[-7.384723130153091,57.005154908156086]]],[[[-7.255291638553562,57.34622058187038],[-7.253804978820457,57.34502214479203],[-7.257089374176308,57.345315621237056],[-7.255291638553562,57.34622058187038]]],[[[-7.425441373463407,57.28010868106549],[-7.430200566093933,57.27979459165947],[-7.426235690706662,57.28078436554478],[-7.425441373463407,57.28010868106549]]],[[[-7.302293314242552,57.23666708100124],[-7.304061881056786,57.23612643382887],[-7.303440739786246,57.23792103130619],[-7.302293314242552,57.23666708100124]]],[[[-7.331186755087284,57.14859072161311],[-7.33052663329741,57.146321415905064],[-7.332405765981137,57.148055949121044],[-7.331186755087284,57.14859072161311]]],[[[-7.6179768093489235,56.82909587750123],[-7.619804143861836,56.82783789649455],[-7.620185632924316,56.82921245902185],[-7.6179768093489235,56.82909587750123]]],[[[-7.233709262653984,57.34760306195333],[-7.2329878422771845,57.34674680138111],[-7.236049812709945,57.346855674650776],[-7.233709262653984,57.34760306195333]]],[[[-7.654710326687342,56.79478889725017],[-7.654861663091728,56.79379764051769],[-7.657619320133309,56.79417503677373],[-7.654710326687342,56.79478889725017]]],[[[-7.251769680450697,57.346908361141345],[-7.2515885756946155,57.34551686346428],[-7.251922056481952,57.34694497430276],[-7.251769680450697,57.346908361141345]]],[[[-7.328564007008198,57.1453971415146],[-7.326604626951183,57.14397776244573],[-7.328873523697205,57.14421409722751],[-7.328564007008198,57.1453971415146]]],[[[-7.374774262966635,56.981637370150864],[-7.374320931738928,56.98050287488611],[-7.375616275143951,56.98144571813214],[-7.374774262966635,56.981637370150864]]],[[[-7.399077002376258,57.11032524049685],[-7.401200360057785,57.10880441862839],[-7.401281058246289,57.11000325650528],[-7.399077002376258,57.11032524049685]]],[[[-7.418377951246546,57.001578198572325],[-7.416295567008454,57.000574004105886],[-7.418717400426198,57.00071635020286],[-7.418377951246546,57.001578198572325]]],[[[-7.279180519561737,57.38589093550825],[-7.277656819358711,57.38485713395866],[-7.279954675740838,57.384846020758815],[-7.279180519561737,57.38589093550825]]],[[[-7.581954435051586,56.93457793076743],[-7.580731440966599,56.932459078892414],[-7.582650981593804,56.93395270102836],[-7.581954435051586,56.93457793076743]]],[[[-7.237801641073303,57.18754363468191],[-7.238560676482836,57.18829262093688],[-7.236808837702805,57.18865840076306],[-7.237801641073303,57.18754363468191]]],[[[-7.374565250075116,57.02090051682191],[-7.373502719440263,57.0197718560939],[-7.375905295009257,57.02029835945269],[-7.374565250075116,57.02090051682191]]],[[[-7.217937879959549,57.35082596990327],[-7.218332871330604,57.35018470383199],[-7.218611001479874,57.3506141089919],[-7.217937879959549,57.35082596990327]]],[[[-7.358697991238581,57.09713569916558],[-7.3579286230064245,57.09608069892576],[-7.360323486196813,57.096600742510475],[-7.358697991238581,57.09713569916558]]],[[[-7.228017529680298,57.08425380041762],[-7.230531244232929,57.084031646103924],[-7.229579972158696,57.0849133188211],[-7.228017529680298,57.08425380041762]]],[[[-7.395104518438204,57.00110835634998],[-7.394416865445237,56.99985590673802],[-7.396309762693737,57.00052461533875],[-7.395104518438204,57.00110835634998]]],[[[-7.262701389058821,57.373836020594034],[-7.260246839471313,57.37291564712339],[-7.262958506820548,57.3731908405134],[-7.262701389058821,57.373836020594034]]],[[[-7.266773740778674,57.21425797155414],[-7.268082304466136,57.21315941455909],[-7.268910066528908,57.21371366765897],[-7.266773740778674,57.21425797155414]]],[[[-7.254747661988901,57.36605699602197],[-7.251569073615254,57.3654341506506],[-7.255109437964006,57.365560435976676],[-7.254747661988901,57.36605699602197]]],[[[-7.293661839214743,57.050412148874514],[-7.293481029489662,57.04965821675207],[-7.295236737240173,57.049707561783706],[-7.293661839214743,57.050412148874514]]],[[[-7.391899051612277,57.0028600121493],[-7.391279222185195,57.00235427221153],[-7.394022080255033,57.00252149128986],[-7.391899051612277,57.0028600121493]]],[[[-7.30227794912276,57.14155123552504],[-7.301359527226762,57.14080278083805],[-7.303482880004183,57.140892742356044],[-7.30227794912276,57.14155123552504]]],[[[-7.370728769010365,57.00211084276551],[-7.369337636709676,57.00140366139793],[-7.371570614332732,57.001564044967225],[-7.370728769010365,57.00211084276551]]],[[[-7.656252697384484,56.81621524360559],[-7.656425263449387,56.81576821853533],[-7.659331062338921,56.81660563917219],[-7.656252697384484,56.81621524360559]]],[[[-7.23707024319429,57.3500408951322],[-7.237550460196297,57.349337502962214],[-7.238776546176785,57.349924686893786],[-7.23707024319429,57.3500408951322]]],[[[-7.5334585141586805,56.88855298340749],[-7.532590141695672,56.88718751884025],[-7.533581498096017,56.88767477888838],[-7.5334585141586805,56.88855298340749]]],[[[-7.445763977573835,56.911258419496825],[-7.4461436852826415,56.910535353851074],[-7.447062815500478,56.91169130017402],[-7.445763977573835,56.911258419496825]]],[[[-7.477397135148276,56.92877108046317],[-7.4783437271711275,56.92797420084076],[-7.478001246993691,56.92933923253489],[-7.477397135148276,56.92877108046317]]],[[[-7.612991341480536,56.82868801982697],[-7.613287897053936,56.82834264228055],[-7.61457673445637,56.829171594818284],[-7.612991341480536,56.82868801982697]]],[[[-7.245666484655359,57.368222695858314],[-7.244088094477822,57.367479380209915],[-7.246171697085716,57.36809646674366],[-7.245666484655359,57.368222695858314]]],[[[-7.485684880911433,57.650638877194325],[-7.494669042753023,57.65921623741148],[-7.449498344203133,57.66315435197287],[-7.440212765798379,57.65327491876916],[-7.421034428181824,57.6525033998004],[-7.409256493515942,57.64321320964176],[-7.414957576518131,57.64368395956383],[-7.412905428663196,57.637413914386634],[-7.430141139687065,57.64056506192412],[-7.382650592063851,57.63085730578378],[-7.370261178892965,57.650260718918865],[-7.375903703739112,57.658788304307166],[-7.339665827000814,57.668960447515374],[-7.335555612595871,57.67503321502322],[-7.344908815497622,57.68076116781627],[-7.31484412985883,57.69408146944205],[-7.309395715048953,57.68684180821225],[-7.323518734030661,57.67919166205992],[-7.312511533829098,57.66662524309643],[-7.320978837740079,57.67419641026491],[-7.337189646979238,57.65810351065305],[-7.292451035106043,57.653289170447735],[-7.293159154342412,57.64214776525086],[-7.284154739145901,57.64041074920241],[-7.2861883103373195,57.64819129785678],[-7.279064457123394,57.648485237652956],[-7.2869026088653035,57.652514040188564],[-7.268563019067977,57.647516151997664],[-7.2538010880686254,57.65262764707439],[-7.263746357632102,57.65597886324923],[-7.245303366993007,57.657098943088826],[-7.278275360837908,57.66428750999329],[-7.243254991664836,57.67197279296771],[-7.221637083978667,57.68975311107408],[-7.208050945421007,57.68297485328692],[-7.2036639874056165,57.693461831217334],[-7.182802382820239,57.7025750259435],[-7.193784505994524,57.709868300314724],[-7.202960461698703,57.702581251960765],[-7.228661535776897,57.706772351048244],[-7.199635962016267,57.73452420677895],[-7.164988137513772,57.7386943219381],[-7.14386037712995,57.729243189166446],[-7.152919718250484,57.726070201991575],[-7.152857178336281,57.71736024376742],[-7.172651599835845,57.71931247862438],[-7.166208226061182,57.7115114814813],[-7.177514247869372,57.710606639077405],[-7.17750896644184,57.70406270285768],[-7.192476491642555,57.69752289533007],[-7.186164192357452,57.69409770069444],[-7.195014611833362,57.69084095121645],[-7.155992949012147,57.67664073693794],[-7.161057336013782,57.66450268298337],[-7.173457772947813,57.66950604992651],[-7.180254583995167,57.66342806913496],[-7.172428917598765,57.66082931121254],[-7.184560745805438,57.66119517661393],[-7.164438311275054,57.65865524392431],[-7.211546053096752,57.660299358914145],[-7.213928387708601,57.65713707398497],[-7.190207483006203,57.65789381216037],[-7.188960214573747,57.647656850307065],[-7.172113894678272,57.64473966706612],[-7.165683698906623,57.648723762474226],[-7.176468171087881,57.65020272083281],[-7.152926133662264,57.6501228115254],[-7.167719796545118,57.65088082701721],[-7.16264561955957,57.6542920565488],[-7.150066811097761,57.64942977950269],[-7.134681963903771,57.65059227439685],[-7.141182544980137,57.64861796615605],[-7.137829260405878,57.63934304052672],[-7.121071109222146,57.646587932683225],[-7.128777153196105,57.649321445638726],[-7.100002056528369,57.64876261963656],[-7.123038942022304,57.65828615806604],[-7.115908767364014,57.66230043231384],[-7.097880756397058,57.6565924294616],[-7.093613396486035,57.64675788345474],[-7.074800100310386,57.64869206082996],[-7.06311740815654,57.64030370563591],[-7.100239977214957,57.607851845469426],[-7.132473217040572,57.62556232298468],[-7.112064890279903,57.6311304156652],[-7.1164371943314615,57.63415811145634],[-7.147922702568993,57.62847600436495],[-7.169746344456664,57.633899847492664],[-7.174190483506182,57.63928944005485],[-7.165475018435142,57.63683269596426],[-7.164876698096217,57.644059948054554],[-7.179164415801533,57.64170151193523],[-7.173365099448925,57.64315871966568],[-7.1864760017645875,57.646304948282584],[-7.219118138506731,57.638907287255094],[-7.188459400941928,57.63143071710192],[-7.204311099774368,57.62171810250969],[-7.2012436693592115,57.618769059253715],[-7.187742674159871,57.619813872686585],[-7.190965438241896,57.614570213175234],[-7.1779872286971,57.61698990810283],[-7.152865087536337,57.6130756159923],[-7.182493576753852,57.611521891378615],[-7.154287051745626,57.60846298758411],[-7.163037828708863,57.60182572407529],[-7.155040213524046,57.596989142608116],[-7.172545619078082,57.60411464318521],[-7.165776110164793,57.597182156350094],[-7.18167869443883,57.596872133076594],[-7.163630457032405,57.595031219778264],[-7.1868500297292295,57.593124028513564],[-7.157454658866044,57.59463637181481],[-7.163105490769807,57.58752602252374],[-7.1514706831154236,57.58623410333501],[-7.1015037712943165,57.593509375183395],[-7.117628605414363,57.56623882112009],[-7.131123247745172,57.56090978461308],[-7.162078726941582,57.55675897639558],[-7.173865386073977,57.56536334962868],[-7.187431866215002,57.566150600081436],[-7.180202902005532,57.558777205940615],[-7.222462720901135,57.56428463016842],[-7.206863045771404,57.55764326051187],[-7.259115738644773,57.55368066797753],[-7.269461007919561,57.55943920323077],[-7.24907828833613,57.55813455530101],[-7.246977691184615,57.568376025665025],[-7.256295789618295,57.57398508835961],[-7.2540968230534935,57.56413429797088],[-7.290056940632228,57.56305468915322],[-7.2718447270139315,57.55974634617752],[-7.279434058150358,57.55870409934747],[-7.272246995464193,57.55488341582767],[-7.2917725329510485,57.55887198793787],[-7.298366495811208,57.56802638054362],[-7.293287362541339,57.56015814773031],[-7.305813162140539,57.55773773468274],[-7.298854176278035,57.55282311422178],[-7.303705167764403,57.54840024923683],[-7.284295675776275,57.54560678975175],[-7.284494458622564,57.55266358757869],[-7.165466761425413,57.54737012675958],[-7.165723421418656,57.554544493433845],[-7.135131923514575,57.554063516797356],[-7.140348856356403,57.53968358549565],[-7.131979277782254,57.53688025274167],[-7.138996095504985,57.52576966775937],[-7.147408404820176,57.51626792779637],[-7.169500703095834,57.51325054769682],[-7.148580077509854,57.50983004636395],[-7.176814636309816,57.508356380366834],[-7.22121852201001,57.52002825919026],[-7.225613708740196,57.514991221785436],[-7.2015037254599585,57.506982818698155],[-7.228966423023262,57.514932946913206],[-7.239157981545186,57.51144059700663],[-7.226851853005731,57.5089333786315],[-7.249398074564322,57.50736944184767],[-7.268241124856405,57.51374677725599],[-7.2594846128800725,57.51702220022028],[-7.267050524739831,57.52275108407601],[-7.274065629981813,57.52043082265485],[-7.267662604011809,57.51724438326958],[-7.28539867811505,57.5200292029998],[-7.277213789179511,57.51596597758807],[-7.264116055579037,57.509202214200926],[-7.263263409736879,57.5027183699249],[-7.277259036939066,57.515889565408045],[-7.293821580680217,57.51237718226894],[-7.31259999279448,57.52174028665],[-7.2975192309839585,57.511346002044064],[-7.312967878086275,57.50837748679557],[-7.327392089068561,57.512576648031725],[-7.316949024237602,57.52455061274962],[-7.325832158411542,57.53526542953218],[-7.345234649565369,57.54189600357938],[-7.353049432016365,57.540001601882736],[-7.343934830883422,57.53048805708076],[-7.35843284876594,57.52477614524327],[-7.347881200308277,57.514830980348414],[-7.363476000447763,57.50102810011616],[-7.3536864228059535,57.502894049726756],[-7.357631622109978,57.49783046051189],[-7.369339346360135,57.502474307085606],[-7.375257455596415,57.51953631634958],[-7.404616808777912,57.5433017251421],[-7.404129037923911,57.54954135739061],[-7.386561601246967,57.53536611094448],[-7.378952850140149,57.53920402727477],[-7.38219057122672,57.54602574285758],[-7.3670313960997005,57.548899490781515],[-7.372191164628325,57.54041167686404],[-7.359029741932119,57.53898485723063],[-7.344217655613019,57.54285710339751],[-7.35533475805238,57.5508258521437],[-7.311314753759994,57.55419514199561],[-7.364163531858405,57.555815824788574],[-7.409871788663914,57.57128693263742],[-7.415056291290287,57.57736199860419],[-7.408031018655315,57.58376290776784],[-7.419472117863021,57.57802339527878],[-7.441833071988973,57.587782285562895],[-7.429747221456474,57.57840693341727],[-7.464563061866975,57.56510297186261],[-7.483214481082663,57.5681314940292],[-7.493888083623265,57.58243538078707],[-7.482727080777983,57.5906311870438],[-7.497512986876236,57.59446606712566],[-7.490869504163647,57.5854902508127],[-7.504218023368185,57.583230853764576],[-7.5469606512861995,57.59947155124472],[-7.535096919582356,57.61079427952168],[-7.53092313664051,57.60253751636969],[-7.520526150488976,57.604606405719686],[-7.5143316549748915,57.619302358366255],[-7.5268291627924375,57.622438673588874],[-7.500112366568879,57.62728679169084],[-7.50358412952557,57.638535731582486],[-7.485684880911433,57.650638877194325]]],[[[-7.336547503130488,57.480083260554316],[-7.309163141397417,57.47927796539066],[-7.298726910952338,57.486101026410154],[-7.287339157606711,57.48388415047655],[-7.2989844853798385,57.47998263450262],[-7.296157528724355,57.477713402899475],[-7.276928939830449,57.47789263444246],[-7.273733111194135,57.4729325275482],[-7.282511676738841,57.47254787676947],[-7.266736894782809,57.463235445174696],[-7.255877780266059,57.46524120232564],[-7.250516543555315,57.476657686409425],[-7.2376763879483015,57.47419570270354],[-7.244239357092327,57.474862415497626],[-7.236875953168904,57.46453130012517],[-7.2345646789503375,57.472695531063316],[-7.200943290364282,57.46050316017901],[-7.21173880425377,57.454544674855136],[-7.2355084706041515,57.461399198155185],[-7.24111645482116,57.45097023767636],[-7.2180082388224305,57.446078087730335],[-7.242445750581526,57.446856461924995],[-7.2499748389449215,57.45401105876176],[-7.243689119971548,57.44563478600609],[-7.25179497568373,57.44780248335802],[-7.250265354998644,57.43965515351985],[-7.2649308531680505,57.45092893277334],[-7.26120398583545,57.443886032498064],[-7.270011398696918,57.44420095870382],[-7.263264104559172,57.43993934342607],[-7.283573152019076,57.438069424231685],[-7.247900173490302,57.42934255305832],[-7.24372501936441,57.432684344501695],[-7.233116922846173,57.42944164019054],[-7.221656353353773,57.43096219454009],[-7.244551496263821,57.43704791900125],[-7.225804429889748,57.43477158827899],[-7.215999314989063,57.43627222142965],[-7.20311464691819,57.424410030503054],[-7.224208576383349,57.426581853858316],[-7.202886230327022,57.41834668587368],[-7.2541207256938405,57.41215707518265],[-7.237935659726689,57.40176383236148],[-7.313850441144039,57.418141461333924],[-7.273113463051609,57.407297446996225],[-7.262989295217976,57.399048961615115],[-7.291106208272036,57.40992079547884],[-7.309901922984126,57.40568287001403],[-7.304354943196962,57.39877028080401],[-7.334285656987123,57.40946785667599],[-7.344264816477945,57.42147055299842],[-7.391881131870391,57.42231391234042],[-7.3956605438820615,57.44197559329811],[-7.411790389136846,57.45331257467845],[-7.400672200659898,57.45880529773388],[-7.410964782322462,57.46345819765813],[-7.4098491705003475,57.47032068164888],[-7.379031194881374,57.47471459228396],[-7.364249870937153,57.49219113593432],[-7.345108308925542,57.493644112482016],[-7.347596195747849,57.48413236537001],[-7.329931989960073,57.484444053800786],[-7.336547503130488,57.480083260554316]]],[[[-7.2322023608159425,57.50375288457373],[-7.2478987885314705,57.5018672877034],[-7.216651871264695,57.49889934436119],[-7.222808498005405,57.49325516462347],[-7.215319906483549,57.48856728250458],[-7.221989946114043,57.488821464706525],[-7.202182426975038,57.47535058030188],[-7.232721938739452,57.485473490471705],[-7.244824945116909,57.478888891014634],[-7.2728826519019725,57.496630243178295],[-7.273398205248792,57.49358417079725],[-7.2912796592553395,57.490904911433425],[-7.263242749149193,57.502575256036394],[-7.2480627619449365,57.50184515074772],[-7.25411098839327,57.50526954537431],[-7.2322023608159425,57.50375288457373]]],[[[-8.617531609976147,57.82401144053483],[-8.565521618681647,57.82508717074485],[-8.549929930663366,57.812278177166235],[-8.570451304203152,57.81057075396527],[-8.577775279409494,57.79947157151812],[-8.610235758007837,57.80934975706315],[-8.617531609976147,57.82401144053483]]],[[[-7.194576998515786,57.50167985643227],[-7.16914370162797,57.50212565736019],[-7.162641743470571,57.49294330428061],[-7.175261866082236,57.48740527363628],[-7.1580475307231115,57.48370779788893],[-7.174242671324528,57.48133751732089],[-7.168901728127646,57.47335090887084],[-7.180770195153787,57.468772915623774],[-7.193669112765143,57.47350326707097],[-7.188972252405788,57.48412301994712],[-7.20719655060856,57.4898929156433],[-7.204073984150898,57.498163550992665],[-7.176991652793085,57.491117787258055],[-7.194576998515786,57.50167985643227]]],[[[-7.190067114303659,57.410643770747555],[-7.197442902513934,57.40174965365571],[-7.189535614668421,57.395534851896194],[-7.2215418790877175,57.38839081390818],[-7.205065875825251,57.38626032796938],[-7.223702148124368,57.38706368619594],[-7.233638809774565,57.391414550074884],[-7.2183212813627255,57.40501248637767],[-7.190067114303659,57.410643770747555]]],[[[-7.440630799157318,57.6609237042262],[-7.3754275083669185,57.667756581430694],[-7.393247757767902,57.65374431463834],[-7.398324579004179,57.65986539057405],[-7.440630799157318,57.6609237042262]]],[[[-7.601443274619588,57.523472274831626],[-7.614022921182035,57.51142495668384],[-7.623937295402787,57.5104825015268],[-7.627021263136701,57.51767131523318],[-7.606395641417978,57.53313695934271],[-7.601443274619588,57.523472274831626]]],[[[-7.276470355092291,57.70284877952716],[-7.296192841235966,57.705071424233246],[-7.301113069713582,57.71672735931429],[-7.275197820492195,57.71544596063479],[-7.28266415127601,57.708888805246616],[-7.276470355092291,57.70284877952716]]],[[[-7.421542371912912,57.5596775859157],[-7.403368375461536,57.56175578843407],[-7.418255238519884,57.558645411996196],[-7.40201121314177,57.55354256330008],[-7.420802729147847,57.551006777505094],[-7.438418702472529,57.56520447980122],[-7.434337027582925,57.569477469880134],[-7.421542371912912,57.5596775859157]]],[[[-7.645738141805137,57.53530284779924],[-7.640078753182055,57.52475538508009],[-7.67213175636965,57.5188213122056],[-7.678859523417357,57.52378158390813],[-7.645738141805137,57.53530284779924]]],[[[-8.62481413147069,57.83366497919643],[-8.641116312039095,57.82317392909651],[-8.64999581283993,57.82795855408693],[-8.62481413147069,57.83366497919643]]],[[[-8.4906897432617,57.87678736482549],[-8.480233695224571,57.86682146409699],[-8.499707599892501,57.86692947979737],[-8.4906897432617,57.87678736482549]]],[[[-7.287868274704636,57.66788926683052],[-7.28367995606146,57.6548762848826],[-7.310531748514917,57.661515664238706],[-7.287868274704636,57.66788926683052]]],[[[-7.279585347240182,57.4807019762586],[-7.258045656410918,57.47831027521239],[-7.257445128481003,57.472787952905534],[-7.270197937279478,57.47227895006476],[-7.279585347240182,57.4807019762586]]],[[[-7.051176473493177,57.66168565994681],[-7.044775103201619,57.65816610584238],[-7.047214262129696,57.65021776187673],[-7.058988498917702,57.65406423510853],[-7.051176473493177,57.66168565994681]]],[[[-7.130099775301819,57.66393317579654],[-7.139410316161468,57.654822082071284],[-7.134288209822592,57.65284870913024],[-7.143670810103626,57.65125182841314],[-7.14198979035751,57.65957571695323],[-7.130099775301819,57.66393317579654]]],[[[-7.143993133998179,57.500563773879456],[-7.151910172132871,57.496230465048725],[-7.163268331094354,57.49867404340014],[-7.158001991129068,57.503319726731675],[-7.143993133998179,57.500563773879456]]],[[[-7.087304586177988,57.660856931688826],[-7.093321953089898,57.659312045942094],[-7.102542171305681,57.66346850821449],[-7.096090610368299,57.667439145368306],[-7.087304586177988,57.660856931688826]]],[[[-7.15965593663342,57.62873225787848],[-7.159437905898609,57.622848237146464],[-7.176986012329349,57.62826252287624],[-7.168658856927899,57.62720940380992],[-7.15965593663342,57.62873225787848]]],[[[-7.1174968344057135,57.60998672395104],[-7.129688665289042,57.61067156900287],[-7.128218429474131,57.61606273453526],[-7.125289296642537,57.61781965521665],[-7.1174968344057135,57.60998672395104]]],[[[-7.250894639219752,57.69004411848763],[-7.253740960880979,57.68386966302526],[-7.258375283138368,57.688179769470565],[-7.250894639219752,57.69004411848763]]],[[[-7.0657401031930585,57.661431215750085],[-7.068729408820878,57.65608900489855],[-7.076295773042025,57.65763266790768],[-7.067662795584398,57.66040556188026],[-7.073479560306511,57.66404383361591],[-7.0657401031930585,57.661431215750085]]],[[[-7.232692768395653,57.41138129896638],[-7.218753153059741,57.41231657520423],[-7.213052755612795,57.41274220776002],[-7.217265527723094,57.40854953665675],[-7.232692768395653,57.41138129896638]]],[[[-7.240121634592128,57.39315141703624],[-7.249896637343628,57.395838308668544],[-7.2502418037090015,57.39900039327284],[-7.242372504253966,57.39846522769837],[-7.240121634592128,57.39315141703624]]],[[[-7.261751970820314,57.39569763025104],[-7.248214946078217,57.39003700013843],[-7.259863786508062,57.38980609786207],[-7.261751970820314,57.39569763025104]]],[[[-7.096610223746314,57.669962864376984],[-7.108339245775495,57.669154619566655],[-7.1062434629295135,57.67520290320655],[-7.096610223746314,57.669962864376984]]],[[[-8.551101707823612,57.793745019943216],[-8.572339230879319,57.796144994906115],[-8.57072358589478,57.80027815028829],[-8.551101707823612,57.793745019943216]]],[[[-7.215377487807279,57.69642503825507],[-7.208885538938042,57.692314602748596],[-7.216137882767985,57.693060717940384],[-7.215377487807279,57.69642503825507]]],[[[-7.198066458319058,57.41338978147203],[-7.2102497208677,57.410271454246484],[-7.212620483593217,57.41280963507792],[-7.210774051031935,57.413496581831765],[-7.198066458319058,57.41338978147203]]],[[[-7.33964171357923,57.49934241911154],[-7.348119887901069,57.497244462295065],[-7.347803869263932,57.50078829349666],[-7.33964171357923,57.49934241911154]]],[[[-7.1476042759725,57.509037275694126],[-7.145146258672851,57.505480159194875],[-7.15391211129033,57.50682653922165],[-7.1476042759725,57.509037275694126]]],[[[-7.182878371071846,57.50767486605158],[-7.180727633572211,57.504186690209664],[-7.195516241489437,57.505322566627605],[-7.182878371071846,57.50767486605158]]],[[[-7.123361980083547,57.67008920701358],[-7.119051028444869,57.67093658247967],[-7.115141938600983,57.67274613204717],[-7.114360724500466,57.66965116219032],[-7.123361980083547,57.67008920701358]]],[[[-7.632495534950426,57.52422438387279],[-7.633870286820115,57.518746398386966],[-7.637248551021305,57.524738219681296],[-7.632495534950426,57.52422438387279]]],[[[-7.134165400660742,57.61841731696276],[-7.1412926003324495,57.61658483939851],[-7.1440654223558955,57.619311486191755],[-7.141856390059155,57.61981395924693],[-7.134165400660742,57.61841731696276]]],[[[-7.29930709983395,57.50273530628273],[-7.299339296262691,57.498643963966316],[-7.302878803025607,57.50137447637858],[-7.29930709983395,57.50273530628273]]],[[[-7.332921609658185,57.4881617311755],[-7.3404392775244665,57.48757633177962],[-7.338480602427112,57.49197099524921],[-7.332921609658185,57.4881617311755]]],[[[-7.248505236784578,57.393354313222765],[-7.25433110707559,57.39381264220465],[-7.25400523106966,57.397871166517106],[-7.248505236784578,57.393354313222765]]],[[[-7.275405811125627,57.49003999451739],[-7.27157329366829,57.48649680002686],[-7.278190746250111,57.48891441518723],[-7.275405811125627,57.49003999451739]]],[[[-7.232683199060081,57.45936985791128],[-7.222267197599528,57.45368934945608],[-7.233526297490992,57.457004994544725],[-7.232683199060081,57.45936985791128]]],[[[-7.299723110255538,57.55692690732345],[-7.287375645195422,57.55571935720591],[-7.296888215997311,57.555025933370196],[-7.299723110255538,57.55692690732345]]],[[[-7.684016697708473,57.699952327595476],[-7.682172240653502,57.70349983402153],[-7.691702274850715,57.69989732203595],[-7.684016697708473,57.699952327595476]]],[[[-7.138717206028028,57.61588434251904],[-7.137132400693463,57.612041375963265],[-7.145075409793619,57.614997138117246],[-7.138717206028028,57.61588434251904]]],[[[-7.144964148317274,57.687855640870865],[-7.143988893398913,57.68164200623372],[-7.1487045988549776,57.68586310158085],[-7.144964148317274,57.687855640870865]]],[[[-7.176435633441099,57.6951034439658],[-7.165951699501041,57.691114961953346],[-7.176078228350025,57.69281739739633],[-7.176435633441099,57.6951034439658]]],[[[-7.084488986807799,57.67528052030789],[-7.08841857001797,57.67031752436621],[-7.090340241712524,57.673775992924035],[-7.084488986807799,57.67528052030789]]],[[[-7.181471097484009,57.62274987841093],[-7.179042367187284,57.62029480531914],[-7.1875755156832,57.62065306733971],[-7.181471097484009,57.62274987841093]]],[[[-7.1380538129474225,57.67047474169323],[-7.126064422281715,57.666265584948434],[-7.130256672151655,57.666108712208356],[-7.1380538129474225,57.67047474169323]]],[[[-7.062782062640158,57.67443477579637],[-7.061634290323345,57.670607510069225],[-7.066769687227783,57.67298812010845],[-7.062782062640158,57.67443477579637]]],[[[-7.2000096513375516,57.48328298884095],[-7.19416066784913,57.480834550067414],[-7.20098902825467,57.48095334395605],[-7.2000096513375516,57.48328298884095]]],[[[-7.097268085278399,57.703250879682926],[-7.0961426295299574,57.70009322885504],[-7.10181311750327,57.70187062984434],[-7.097268085278399,57.703250879682926]]],[[[-7.148576234881658,57.66735556561511],[-7.144261767647849,57.66517413431017],[-7.151013758891548,57.66530808298145],[-7.148576234881658,57.66735556561511]]],[[[-7.085268302186513,57.64984743290295],[-7.089798925075161,57.64895694945127],[-7.091610127679094,57.651188760971934],[-7.085268302186513,57.64984743290295]]],[[[-7.153499490355875,57.663011140116105],[-7.161423455906387,57.66129709403852],[-7.158176782624832,57.66372879237592],[-7.153499490355875,57.663011140116105]]],[[[-7.693337084240712,57.52776614236206],[-7.692621533389023,57.52468855627816],[-7.6974370884557946,57.52637884154168],[-7.693337084240712,57.52776614236206]]],[[[-7.142462576005082,57.674501569407475],[-7.131695810742673,57.670994376782055],[-7.138477593858529,57.67198258699396],[-7.142462576005082,57.674501569407475]]],[[[-7.236792994791029,57.386703740931516],[-7.229140609484975,57.38541558291149],[-7.23856763707151,57.385559728808126],[-7.236792994791029,57.386703740931516]]],[[[-7.224885343162495,57.437995043402395],[-7.2276576389998,57.436413223423955],[-7.2280596114943405,57.43745660412209],[-7.224885343162495,57.437995043402395]]],[[[-7.148748681142843,57.62089878683058],[-7.150545116834514,57.61924854732311],[-7.152614527138542,57.61946631258257],[-7.148748681142843,57.62089878683058]]],[[[-7.088622928883126,57.70392353303174],[-7.0938127846581445,57.70150987834253],[-7.092294514678383,57.70445479858638],[-7.088622928883126,57.70392353303174]]],[[[-7.2759482538966935,57.50971993642969],[-7.274110923347153,57.50804580778996],[-7.282103754424488,57.50912605182504],[-7.2759482538966935,57.50971993642969]]],[[[-7.15467498139043,57.59138524336857],[-7.155604658286323,57.589038856036666],[-7.159077879722058,57.591962629542365],[-7.15467498139043,57.59138524336857]]],[[[-7.269061890152786,57.49105120319795],[-7.2743592442162655,57.490233258108425],[-7.274806074967048,57.49197107020086],[-7.269061890152786,57.49105120319795]]],[[[-7.187612009840991,57.458595473695624],[-7.1879675037155835,57.45579877875926],[-7.187714622428053,57.458628184549134],[-7.187612009840991,57.458595473695624]]],[[[-7.337372144440915,57.53143971678465],[-7.344399799139904,57.52835530295238],[-7.340092133304484,57.53179047824789],[-7.337372144440915,57.53143971678465]]],[[[-7.214402845390176,57.44917467343326],[-7.209758245870347,57.446861201447945],[-7.217333350257838,57.4483647028889],[-7.214402845390176,57.44917467343326]]],[[[-7.2018748616447805,57.434432968962426],[-7.203988559589612,57.433932787731514],[-7.204271541931256,57.434212937784615],[-7.2018748616447805,57.434432968962426]]],[[[-8.493987193944902,57.879639929314386],[-8.497999599589283,57.8790149192558],[-8.495907750997121,57.88184260088928],[-8.493987193944902,57.879639929314386]]],[[[-7.332237962233532,57.52738638164151],[-7.336544091633177,57.52461299382213],[-7.336658325245308,57.52680843794113],[-7.332237962233532,57.52738638164151]]],[[[-7.232600976522216,57.47612466543109],[-7.235534597935374,57.474508830976234],[-7.236202329851872,57.476019764181956],[-7.232600976522216,57.47612466543109]]],[[[-7.148206008337251,57.62816750536868],[-7.150683098965138,57.62628027765129],[-7.150754252394326,57.62633827536179],[-7.148206008337251,57.62816750536868]]],[[[-7.194305142945769,57.51231016055688],[-7.189053319682907,57.51034013810692],[-7.194412925055348,57.51142389056218],[-7.194305142945769,57.51231016055688]]],[[[-7.288587989873389,57.499771229466646],[-7.288793172368179,57.49830479879123],[-7.294945134653704,57.50078620648319],[-7.288587989873389,57.499771229466646]]],[[[-7.1949199995883655,57.51269419716319],[-7.1980408915909395,57.51148104234766],[-7.199668597158158,57.51351487778658],[-7.1949199995883655,57.51269419716319]]],[[[-7.1269646727846645,57.65527994837038],[-7.131108590837085,57.654872065220815],[-7.130675960240932,57.656855635550976],[-7.1269646727846645,57.65527994837038]]],[[[-7.325758469752256,57.52431669615556],[-7.32290102316166,57.52145171053605],[-7.326420206867869,57.52185264246901],[-7.325758469752256,57.52431669615556]]],[[[-7.273502341491709,57.39657529418587],[-7.269082219210443,57.39478199240789],[-7.27411678614148,57.39488202041478],[-7.273502341491709,57.39657529418587]]],[[[-7.190247050372647,57.45919500242525],[-7.191651084919652,57.45550626495504],[-7.192854828012074,57.458043536476254],[-7.190247050372647,57.45919500242525]]],[[[-7.140809874666873,57.679009245551455],[-7.13525127103706,57.67564098085026],[-7.1403682187086,57.677317679771534],[-7.140809874666873,57.679009245551455]]],[[[-7.158710221707252,57.622310994540975],[-7.156387942537324,57.620589788582556],[-7.160808402227295,57.62077786777539],[-7.158710221707252,57.622310994540975]]],[[[-7.246582564199779,57.388479836239966],[-7.249698500668221,57.38774374270342],[-7.252251611351527,57.38901786671458],[-7.246582564199779,57.388479836239966]]],[[[-7.264747755447127,57.554809067001145],[-7.262842606620401,57.55371336970586],[-7.269382285950027,57.55414370439293],[-7.264747755447127,57.554809067001145]]],[[[-7.211316399450284,57.47028221718514],[-7.20557685506156,57.46852903582967],[-7.212403114013447,57.46937784070784],[-7.211316399450284,57.47028221718514]]],[[[-7.195194938826882,57.46020756599242],[-7.1946998885929885,57.45763438457435],[-7.197273439046588,57.45975146472617],[-7.195194938826882,57.46020756599242]]],[[[-7.283794218181763,57.39557759004342],[-7.284182857937283,57.39313155393939],[-7.286639342689819,57.39548485297479],[-7.283794218181763,57.39557759004342]]],[[[-7.3988755382508575,57.64726690429258],[-7.39979729405299,57.64556703945428],[-7.403463584850541,57.64629192728866],[-7.3988755382508575,57.64726690429258]]],[[[-7.333654665866158,57.51716755297087],[-7.3363389693020595,57.51389471978206],[-7.333643238353522,57.517299113181316],[-7.333654665866158,57.51716755297087]]],[[[-7.537077450773847,57.61319569048432],[-7.53940048025232,57.61087398148444],[-7.5412714068300355,57.61179694083424],[-7.537077450773847,57.61319569048432]]],[[[-7.287425077165571,57.401040056880234],[-7.282844029281191,57.399388069913044],[-7.287889722024019,57.399756156437164],[-7.287425077165571,57.401040056880234]]],[[[-7.063270440631346,57.647318035126446],[-7.066678854026488,57.64772292648165],[-7.066374874949546,57.64939063787586],[-7.063270440631346,57.647318035126446]]],[[[-7.158080583964392,57.4914097645373],[-7.162925535955549,57.48996373439338],[-7.159872169300934,57.49201216199342],[-7.158080583964392,57.4914097645373]]],[[[-7.129659655161461,57.66966003815739],[-7.131329123255343,57.66899832374178],[-7.135551368023914,57.67124242800597],[-7.129659655161461,57.66966003815739]]],[[[-7.137465424685807,57.60449113437309],[-7.134093606355477,57.60255449672038],[-7.138004601193512,57.60323689852389],[-7.137465424685807,57.60449113437309]]],[[[-7.15477352785548,57.50651640740865],[-7.154793792294592,57.50502232946303],[-7.154921047458905,57.50638645721285],[-7.15477352785548,57.50651640740865]]],[[[-7.170199898732776,57.654207383122994],[-7.173778409901956,57.65375924842541],[-7.1769609230265345,57.65506385253625],[-7.170199898732776,57.654207383122994]]],[[[-7.192050866654072,57.63736106344984],[-7.187604865809381,57.6364822569981],[-7.194876978416033,57.63682941034691],[-7.192050866654072,57.63736106344984]]],[[[-7.079916160158425,57.67380917270298],[-7.082980193704026,57.672966000215666],[-7.081248170308911,57.67534357608484],[-7.079916160158425,57.67380917270298]]],[[[-7.231589531391264,57.40203280856043],[-7.232731606897407,57.40045998828559],[-7.235988070606848,57.400967676372275],[-7.231589531391264,57.40203280856043]]],[[[-7.263137600445891,57.389916396294524],[-7.260496703960973,57.38778329069816],[-7.264067966943378,57.38873704935568],[-7.263137600445891,57.389916396294524]]],[[[-7.239203259436923,57.40945421792633],[-7.241790369326164,57.40877488464763],[-7.24443074849219,57.410270927960546],[-7.239203259436923,57.40945421792633]]],[[[-7.16450920826121,57.47972648814583],[-7.165723863483839,57.47827734555577],[-7.168112136344063,57.47939403981447],[-7.16450920826121,57.47972648814583]]],[[[-7.683386476729205,57.53058475347836],[-7.686899115796444,57.53009612787698],[-7.681723533969553,57.530816037792356],[-7.683386476729205,57.53058475347836]]],[[[-7.269700573137565,57.483850470746425],[-7.2652313415485015,57.481952652422216],[-7.268054409985942,57.481961319768786],[-7.269700573137565,57.483850470746425]]],[[[-7.182606327423026,57.65593287104987],[-7.179735657965068,57.65455215397407],[-7.182746405748861,57.65463990441894],[-7.182606327423026,57.65593287104987]]],[[[-7.430478553875371,57.65676785727462],[-7.429473326236519,57.65571768565951],[-7.434355304762266,57.65591688585419],[-7.430478553875371,57.65676785727462]]],[[[-7.2426104508926485,57.38190258572178],[-7.234941563681474,57.38011961294275],[-7.240181834768741,57.38075512786967],[-7.2426104508926485,57.38190258572178]]],[[[-7.147720609335524,57.67421522559802],[-7.1424259033436694,57.67294196897507],[-7.148422925645987,57.673484755873154],[-7.147720609335524,57.67421522559802]]],[[[-7.226366927482776,57.50228572107981],[-7.223466702428837,57.500826948411856],[-7.226919808682675,57.500953488813174],[-7.226366927482776,57.50228572107981]]],[[[-7.230806000860572,57.41363750950879],[-7.226907448951534,57.41231951888017],[-7.232731854055688,57.413111883977976],[-7.230806000860572,57.41363750950879]]],[[[-7.184630641543737,57.63950189282804],[-7.180960850712361,57.638474051822406],[-7.185654307368615,57.63868148749702],[-7.184630641543737,57.63950189282804]]],[[[-7.20790128737156,57.50693318937629],[-7.205170386494428,57.505626272587754],[-7.209331536618026,57.50624956910049],[-7.20790128737156,57.50693318937629]]],[[[-7.6885804223534775,57.528226045531206],[-7.686762864125762,57.52702833886438],[-7.68883961159847,57.52789818807226],[-7.6885804223534775,57.528226045531206]]],[[[-7.6292086444901255,57.508284488984756],[-7.63003333310943,57.50653289753549],[-7.631812735642667,57.50803739687499],[-7.6292086444901255,57.508284488984756]]],[[[-7.429117978907853,57.65390606160865],[-7.432549302429564,57.65338930262182],[-7.432275248699304,57.654697056524725],[-7.429117978907853,57.65390606160865]]],[[[-7.218906810604899,57.698465732286316],[-7.219768005159789,57.69756180756619],[-7.223128973381886,57.699073961527716],[-7.218906810604899,57.698465732286316]]],[[[-7.176956370790951,57.62430030602472],[-7.178211751605653,57.62198368859142],[-7.1792457367736136,57.62351350279234],[-7.176956370790951,57.62430030602472]]],[[[-7.156147947567355,57.69176771287155],[-7.154195380912217,57.68973748139354],[-7.157268384816751,57.690727692943746],[-7.156147947567355,57.69176771287155]]],[[[-7.2679386701787605,57.505168318790865],[-7.267641494828783,57.5039794385489],[-7.2713226096100305,57.504522675035595],[-7.2679386701787605,57.505168318790865]]],[[[-7.1696499003050285,57.68789080703934],[-7.1687269163332035,57.686192023840945],[-7.172107173575073,57.687862128991],[-7.1696499003050285,57.68789080703934]]],[[[-7.063574297128171,57.6651701585386],[-7.059763768777002,57.66246334107955],[-7.0646360607422505,57.665074030244426],[-7.063574297128171,57.6651701585386]]],[[[-7.192610324841053,57.43218819397834],[-7.189189982791283,57.430129397806],[-7.191903233316898,57.4305572286965],[-7.192610324841053,57.43218819397834]]],[[[-7.220106982066701,57.503870988230545],[-7.219302092032662,57.50250250291729],[-7.220298186592502,57.50387150843128],[-7.220106982066701,57.503870988230545]]],[[[-7.272630512127879,57.65442356184092],[-7.270794009874217,57.652887778794884],[-7.27405967487756,57.653412647513385],[-7.272630512127879,57.65442356184092]]],[[[-7.139859422572289,57.67663208585002],[-7.138444498349209,57.6751825959966],[-7.143262197179589,57.67729425332137],[-7.139859422572289,57.67663208585002]]],[[[-7.075635698623698,57.67220444477496],[-7.076355099001274,57.67004873765849],[-7.077521049348549,57.67198481495691],[-7.075635698623698,57.67220444477496]]],[[[-7.187018006268454,57.402418628129816],[-7.189128300675255,57.401773970792455],[-7.188091937826092,57.403528485616626],[-7.187018006268454,57.402418628129816]]],[[[-7.205335473294768,57.639206947722705],[-7.204151792170176,57.63826600859573],[-7.2091108833020785,57.63891609980665],[-7.205335473294768,57.639206947722705]]],[[[-7.119279739027253,57.67231742279784],[-7.121042100172994,57.672191936375675],[-7.11814113767537,57.674599487480045],[-7.119279739027253,57.67231742279784]]],[[[-7.075717288811391,57.68123741495773],[-7.076117757630552,57.67959884509956],[-7.076507459332166,57.681537970145456],[-7.075717288811391,57.68123741495773]]],[[[-7.277303063596564,57.51419218496823],[-7.276631880163704,57.5125825615388],[-7.279443217762546,57.51370557662666],[-7.277303063596564,57.51419218496823]]],[[[-7.21282905103975,57.49230134155076],[-7.211957494015212,57.49117217553121],[-7.216224453773721,57.49238105571774],[-7.21282905103975,57.49230134155076]]],[[[-7.683609277717125,57.53201112155964],[-7.684675327356892,57.53192937840487],[-7.681103342114432,57.53220323648632],[-7.683609277717125,57.53201112155964]]],[[[-7.683192027053833,57.52933979038471],[-7.686591556202617,57.52893085830281],[-7.683705199314525,57.530217956426455],[-7.683192027053833,57.52933979038471]]],[[[-7.16564795568915,57.5060834407803],[-7.164946777978473,57.504542413061095],[-7.165865972868356,57.50606823431559],[-7.16564795568915,57.5060834407803]]],[[[-7.2047548483190065,57.50229527329021],[-7.200888490535991,57.500853469228645],[-7.205376179643721,57.50161269744671],[-7.2047548483190065,57.50229527329021]]],[[[-7.2256886258800845,57.441489255687536],[-7.2291749035962205,57.44130376814005],[-7.228349050896463,57.442354951813996],[-7.2256886258800845,57.441489255687536]]],[[[-7.167225846295515,57.6608391532774],[-7.1699375084163375,57.66072357225519],[-7.170080190799739,57.66201791285049],[-7.167225846295515,57.6608391532774]]],[[[-7.331350383797091,57.52127669818084],[-7.330092370092658,57.51922870251523],[-7.332317674812478,57.52009192559879],[-7.331350383797091,57.52127669818084]]],[[[-7.184746721829691,57.63309509289758],[-7.180342971858585,57.632389757721974],[-7.1845345912719925,57.63230038096241],[-7.184746721829691,57.63309509289758]]],[[[-7.183183391875636,57.65156460387901],[-7.178402051119862,57.65075770070712],[-7.182338638870637,57.65070401674838],[-7.183183391875636,57.65156460387901]]],[[[-7.193723458807524,57.48007120994172],[-7.1918240123996275,57.47857945019233],[-7.194195866420479,57.478765861672755],[-7.193723458807524,57.48007120994172]]],[[[-8.509939329579893,57.86682173839746],[-8.50940890728074,57.865574523309284],[-8.512300288697967,57.86632630757916],[-8.509939329579893,57.86682173839746]]],[[[-7.15637588618085,57.66641174700344],[-7.156528921615587,57.66465543080066],[-7.1581916385423865,57.666369027973936],[-7.15637588618085,57.66641174700344]]],[[[-7.137773670911033,57.683595704517415],[-7.137752166493003,57.68190502447961],[-7.139627527983151,57.68204011882281],[-7.137773670911033,57.683595704517415]]],[[[-7.175868731153713,57.65652855383359],[-7.174930484951363,57.655480077135515],[-7.177770338328402,57.65665758235041],[-7.175868731153713,57.65652855383359]]],[[[-7.1701108777879075,57.65235557767443],[-7.168780985217662,57.651908093213166],[-7.173174241451554,57.65240735185466],[-7.1701108777879075,57.65235557767443]]],[[[-7.421600792835289,57.57159684663364],[-7.4246311330227,57.57109272091584],[-7.421244819735334,57.5726444977428],[-7.421600792835289,57.57159684663364]]],[[[-7.072525997107463,57.67212255028137],[-7.073104477005322,57.67013788341744],[-7.074280727028497,57.671282730800456],[-7.072525997107463,57.67212255028137]]],[[[-7.41148497840128,57.6461684193282],[-7.407971671662176,57.64495122756413],[-7.412041966977659,57.64551454796136],[-7.41148497840128,57.6461684193282]]],[[[-7.192351984778513,57.43324716501699],[-7.189558359883617,57.431549406127225],[-7.193821857358955,57.43308294869201],[-7.192351984778513,57.43324716501699]]],[[[-7.21088901761736,57.638037314224896],[-7.211764139871945,57.63840606880551],[-7.20860715501219,57.63815406959503],[-7.21088901761736,57.638037314224896]]],[[[-7.150667213509318,57.71438045872698],[-7.148366887049639,57.71189822220441],[-7.151418820441151,57.713932306477524],[-7.150667213509318,57.71438045872698]]],[[[-7.230427274258045,57.43122283879363],[-7.229946402549352,57.42996056760535],[-7.232511625638207,57.43074913250355],[-7.230427274258045,57.43122283879363]]],[[[-7.58377348811284,57.5352963742731],[-7.581235679747934,57.532663090314166],[-7.583870914051987,57.5342753059179],[-7.58377348811284,57.5352963742731]]],[[[-7.166545470531633,57.55208131209931],[-7.165886745394301,57.551096062136615],[-7.16895651147138,57.551435221673714],[-7.166545470531633,57.55208131209931]]],[[[-7.155012363097449,57.689398198122845],[-7.155412225828602,57.68813568159914],[-7.157045101324123,57.6899270174604],[-7.155012363097449,57.689398198122845]]],[[[-7.406555527872642,57.473325956857416],[-7.408940461571116,57.47309295216592],[-7.408771685299107,57.47405056802616],[-7.406555527872642,57.473325956857416]]],[[[-7.067390718292831,57.67490659207009],[-7.067202756908919,57.67362303215595],[-7.069343815741434,57.67362251336955],[-7.067390718292831,57.67490659207009]]],[[[-7.175046795018874,57.62195795251537],[-7.175127895104266,57.62070387598042],[-7.177245332977699,57.62149877700157],[-7.175046795018874,57.62195795251537]]],[[[-7.169951455205478,57.55349368570888],[-7.173976465415198,57.55301794834332],[-7.172423570826669,57.55386906904108],[-7.169951455205478,57.55349368570888]]],[[[-7.523181946099918,57.61244175381633],[-7.522534326769966,57.61143690885122],[-7.525147825052534,57.61139793220319],[-7.523181946099918,57.61244175381633]]],[[[-7.142794364584151,57.672225136279614],[-7.1384672453682185,57.67090329136642],[-7.142369813045404,57.671482134087775],[-7.142794364584151,57.672225136279614]]],[[[-7.2167969485315036,57.41354675202665],[-7.214532533386164,57.413063228224345],[-7.218128409341879,57.413021906394974],[-7.2167969485315036,57.41354675202665]]],[[[-7.133632057210451,57.607373650613944],[-7.130128460468402,57.60636456925442],[-7.135096702617056,57.60706205571218],[-7.133632057210451,57.607373650613944]]],[[[-7.272162519470944,57.394470943962084],[-7.270359399173362,57.39298338939506],[-7.272869998238621,57.39374743720099],[-7.272162519470944,57.394470943962084]]],[[[-7.1751547019706585,57.50484792860751],[-7.178898017799567,57.504545447722705],[-7.176628787445653,57.50539916198796],[-7.1751547019706585,57.50484792860751]]],[[[-7.204988798933397,57.44905640738952],[-7.20329160192374,57.44751146967872],[-7.206463698256893,57.448923343938866],[-7.204988798933397,57.44905640738952]]],[[[-7.201956100028744,57.45735686614541],[-7.200575743824514,57.45622170124231],[-7.203699509856828,57.456996776409255],[-7.201956100028744,57.45735686614541]]],[[[-7.2621599628677425,57.39784022332076],[-7.26187408304726,57.397068846405304],[-7.265182931858353,57.39844962628603],[-7.2621599628677425,57.39784022332076]]],[[[-7.110844497454181,57.599585375471584],[-7.111501873979843,57.598897388921614],[-7.114331926523115,57.59965535296678],[-7.110844497454181,57.599585375471584]]],[[[-7.296582388391811,57.66667329717103],[-7.298306663607505,57.66543104041962],[-7.299199146233709,57.66619444266062],[-7.296582388391811,57.66667329717103]]],[[[-7.274640427697547,57.65517728804546],[-7.277075977733091,57.65440320135535],[-7.277089204001986,57.65539340019378],[-7.274640427697547,57.65517728804546]]],[[[-7.407486281155303,57.5645839342718],[-7.409986474951837,57.56326608057157],[-7.409978389045821,57.56422488313544],[-7.407486281155303,57.5645839342718]]],[[[-7.2883681048174696,57.55283133918861],[-7.289209543178242,57.55204519311654],[-7.29077356291307,57.55273989523566],[-7.2883681048174696,57.55283133918861]]],[[[-7.190895994434108,57.39396242922469],[-7.191783680807418,57.392994417398974],[-7.194263807970868,57.39291436616511],[-7.190895994434108,57.39396242922469]]],[[[-7.242787011502427,57.384716098172106],[-7.240702960765656,57.38342631211217],[-7.2436721159687165,57.384148224321486],[-7.242787011502427,57.384716098172106]]],[[[-7.153106797104458,57.67949302417109],[-7.153007102703833,57.67861531686443],[-7.155773493321589,57.67952358284099],[-7.153106797104458,57.67949302417109]]],[[[-7.195156840523472,57.6212443781536],[-7.194325714830938,57.620487670490974],[-7.197571558440014,57.62065715683933],[-7.195156840523472,57.6212443781536]]],[[[-7.040472398944839,57.66413663596303],[-7.039748530177172,57.66229291453451],[-7.041482611337664,57.66449919096535],[-7.040472398944839,57.66413663596303]]],[[[-7.337974546683395,57.530435958255225],[-7.338465121919389,57.52921736105534],[-7.340098221383772,57.52975551083253],[-7.337974546683395,57.530435958255225]]],[[[-7.26876175880605,57.398635197892915],[-7.2677348789718765,57.397152086967345],[-7.269975830240918,57.39821081347575],[-7.26876175880605,57.398635197892915]]],[[[-7.159913788256638,57.61648812112231],[-7.162226481419832,57.61589233150717],[-7.161650785684101,57.61697317759999],[-7.159913788256638,57.61648812112231]]],[[[-7.182174011934085,57.45624817687287],[-7.184851613955399,57.456061646266136],[-7.183858698335854,57.4568850818705],[-7.182174011934085,57.45624817687287]]],[[[-7.165217918269642,57.61621558428452],[-7.166993517515359,57.616457408080905],[-7.166989821627017,57.61760932241939],[-7.165217918269642,57.61621558428452]]],[[[-7.1230562739726295,57.65383616513673],[-7.121124195948489,57.65275392282035],[-7.123260344264266,57.65298854066587],[-7.1230562739726295,57.65383616513673]]],[[[-8.618136080162738,57.82844344765926],[-8.621386848013517,57.82793969165193],[-8.61876540458951,57.8290185300839],[-8.618136080162738,57.82844344765926]]],[[[-7.129941768699774,57.6503037468905],[-7.13163215996669,57.64932173971807],[-7.131664421954359,57.65055759877633],[-7.129941768699774,57.6503037468905]]],[[[-7.716822393615798,57.68847279657912],[-7.714266425709422,57.687454424306004],[-7.71713297069478,57.68777910219207],[-7.716822393615798,57.68847279657912]]],[[[-7.208652442341209,57.445836221891255],[-7.2105183800620845,57.4456374119994],[-7.210995006165531,57.446697458625714],[-7.208652442341209,57.445836221891255]]],[[[-7.274803587535005,57.39694179112118],[-7.2753680691637275,57.395989407962404],[-7.276500815639881,57.39774247841156],[-7.274803587535005,57.39694179112118]]],[[[-7.138657855223905,57.59785302016833],[-7.14021706367311,57.59699084713728],[-7.140450929115938,57.597029625546035],[-7.138657855223905,57.59785302016833]]],[[[-7.151523287926767,57.6859550445195],[-7.151044849381431,57.684894844316865],[-7.153710494799534,57.686567584366706],[-7.151523287926767,57.6859550445195]]],[[[-7.263396696573018,57.44265589477671],[-7.263290008408075,57.44162551309434],[-7.265287322812528,57.44222575698721],[-7.263396696573018,57.44265589477671]]],[[[-7.215908550761048,57.50605261247115],[-7.216926323609804,57.505408507548495],[-7.216893962225034,57.506145469548336],[-7.215908550761048,57.50605261247115]]],[[[-7.151445133917523,57.67956085684843],[-7.149271994267466,57.67886673520705],[-7.152135225470943,57.67886235789275],[-7.151445133917523,57.67956085684843]]],[[[-7.274389304550356,57.50671132996201],[-7.277809091572836,57.50642845805937],[-7.277213881648886,57.507051837156496],[-7.274389304550356,57.50671132996201]]],[[[-7.178692740470514,57.62817444868329],[-7.177543183801103,57.627582788303464],[-7.18067959176084,57.62749722277252],[-7.178692740470514,57.62817444868329]]],[[[-7.147955228838603,57.67627962535152],[-7.143851415053566,57.674642918759815],[-7.1470644070082345,57.67544768117651],[-7.147955228838603,57.67627962535152]]],[[[-7.194439831685201,57.45686228410499],[-7.194146864707433,57.45556514736573],[-7.195565814917988,57.456653123030534],[-7.194439831685201,57.45686228410499]]],[[[-7.049690574592035,57.67213870889642],[-7.049297234941227,57.6705214622158],[-7.050824099442116,57.67195838721632],[-7.049690574592035,57.67213870889642]]],[[[-7.261389506234481,57.481795773807846],[-7.258445923806352,57.481147698143246],[-7.262453232384181,57.48138682734828],[-7.261389506234481,57.481795773807846]]],[[[-7.2744784749884275,57.39986269891602],[-7.276335215287759,57.40050216287685],[-7.276439006777724,57.40152276365003],[-7.2744784749884275,57.39986269891602]]],[[[-7.145004964600172,57.625288314720855],[-7.147955284814092,57.62427260891339],[-7.148667475529579,57.62463725822717],[-7.145004964600172,57.625288314720855]]],[[[-7.140880482052186,57.60629543944716],[-7.1421849153595725,57.60514899251072],[-7.142276989639303,57.606485919740535],[-7.140880482052186,57.60629543944716]]],[[[-7.28596962787659,57.55222351382252],[-7.289166095660602,57.551792352516685],[-7.286220492832088,57.5527383500079],[-7.28596962787659,57.55222351382252]]],[[[-7.095545549794191,57.658588933770616],[-7.094790115001566,57.65789143379681],[-7.097237289292104,57.65801886324618],[-7.095545549794191,57.658588933770616]]],[[[-8.509412504287834,57.792213469088104],[-8.511800645177455,57.79142820452088],[-8.511637528883483,57.79225181440845],[-8.509412504287834,57.792213469088104]]],[[[-7.273114508565932,57.39780551165142],[-7.271754567039092,57.39656858141187],[-7.274760506010133,57.39797306013849],[-7.273114508565932,57.39780551165142]]],[[[-7.19649755706521,57.42678881168175],[-7.194927603992936,57.425366214432934],[-7.1969145803858074,57.42614339157061],[-7.19649755706521,57.42678881168175]]],[[[-7.716000376929094,57.68705470003358],[-7.718061294351554,57.686899875110846],[-7.71919752033825,57.687682324180194],[-7.716000376929094,57.68705470003358]]],[[[-7.14634341185219,57.60964200124797],[-7.141929522450804,57.6083176649719],[-7.144703478693769,57.60875020323388],[-7.14634341185219,57.60964200124797]]],[[[-7.218315070671036,57.504295989993],[-7.219812568591433,57.50414954328222],[-7.221668963793205,57.505139793782114],[-7.218315070671036,57.504295989993]]],[[[-7.258766725244189,57.437909432578834],[-7.260522397420736,57.43719185443692],[-7.2615552654832705,57.43734278557884],[-7.258766725244189,57.437909432578834]]],[[[-7.185219371866887,57.50269342758317],[-7.185593868490159,57.501966157822125],[-7.186447092166047,57.502229529528066],[-7.185219371866887,57.50269342758317]]],[[[-7.260197163346267,57.470651003819604],[-7.260624408682932,57.46932603032723],[-7.260624571214429,57.47071306218152],[-7.260197163346267,57.470651003819604]]],[[[-7.18037957225679,57.451364157355776],[-7.179616915302772,57.45053374029138],[-7.181725871651026,57.45108821926871],[-7.18037957225679,57.451364157355776]]],[[[-7.26540809372672,57.561580042314205],[-7.266860482966286,57.56057766198466],[-7.267772670136988,57.560951346401986],[-7.26540809372672,57.561580042314205]]],[[[-7.156920884719918,57.60333699131346],[-7.158377026780619,57.6029630561947],[-7.15626486009773,57.60372801427317],[-7.156920884719918,57.60333699131346]]],[[[-7.192988911080231,57.509350096942136],[-7.191866286256631,57.508468284961864],[-7.193172733106519,57.50858666479271],[-7.192988911080231,57.509350096942136]]],[[[-7.145939845639758,57.619367098257165],[-7.145839256851098,57.618753214808784],[-7.147476302094124,57.61892554992524],[-7.145939845639758,57.619367098257165]]],[[[-7.137210517686225,57.62307012657005],[-7.138355069588183,57.62238766815682],[-7.1391474825633425,57.62249557612909],[-7.137210517686225,57.62307012657005]]],[[[-7.200994823516199,57.50223264693134],[-7.200669445596453,57.5017509066753],[-7.201970852088686,57.502054977193396],[-7.200994823516199,57.50223264693134]]],[[[-7.193774844047539,57.431577681358334],[-7.194085606178985,57.43121071454065],[-7.195001008870625,57.43150795257029],[-7.193774844047539,57.431577681358334]]],[[[-7.157394748085277,57.60305453740974],[-7.158389740775665,57.60246143661285],[-7.158380359584787,57.60283156526576],[-7.157394748085277,57.60305453740974]]],[[[-7.208583372008252,57.51407268472868],[-7.2091721866557705,57.51402616992088],[-7.210160410515875,57.51451867369796],[-7.208583372008252,57.51407268472868]]],[[[-8.571337262289932,57.80553404116563],[-8.571317948044241,57.80519723755485],[-8.571703812730554,57.80541586938697],[-8.571337262289932,57.80553404116563]]],[[[-7.235483295922352,57.41031569089572],[-7.235093135216367,57.41008407888888],[-7.235706499827115,57.41013847333627],[-7.235483295922352,57.41031569089572]]],[[[-7.257553074531725,57.44322556874265],[-7.25758832679007,57.4430723651463],[-7.257657386904344,57.44308256666057],[-7.257553074531725,57.44322556874265]]],[[[-7.237419655555383,57.40112845566764],[-7.237428236535229,57.40095325622988],[-7.237900970487948,57.40105832370023],[-7.237419655555383,57.40112845566764]]],[[[-7.155648213445963,57.50556769215006],[-7.1559528809893935,57.505477481944844],[-7.1558324509930396,57.505583575871576],[-7.155648213445963,57.50556769215006]]],[[[-6.695161399365362,58.05765943333693],[-6.671392977665045,58.05357169843767],[-6.672058668073088,58.04483315791873],[-6.7240353971998585,58.01334425713544],[-6.760568960421026,58.00342216832874],[-6.751633351350631,57.99900293679582],[-6.756882708146697,57.99266063378399],[-6.738947264567801,57.99075507572086],[-6.721402816342059,57.96174578198032],[-6.729326770197676,57.95548670563915],[-6.723945978185814,57.95305113987749],[-6.745208987744152,57.952849721893585],[-6.706703348338805,57.953200896524656],[-6.673795983610589,57.917209472812125],[-6.71378633857069,57.9157351280517],[-6.670286817156503,57.89997140812342],[-6.665509323842293,57.88228326070324],[-6.744548548070418,57.88611678466062],[-6.773323068042067,57.899469229195184],[-6.80498593329532,57.8980295245375],[-6.789752986090152,57.880325750351716],[-6.812881191591872,57.88206357216076],[-6.803915735460418,57.8671920169226],[-6.789122205182969,57.863636858501835],[-6.788827796349295,57.8702198031217],[-6.764250003863015,57.86127371695604],[-6.768879317330623,57.853187767118804],[-6.752174564208985,57.84096569274262],[-6.740906000506379,57.841793022026046],[-6.736594465272686,57.82684218506514],[-6.750604105666378,57.82207442236852],[-6.7551645800715,57.829964342982706],[-6.76049147824937,57.82138929442884],[-6.7684609254226284,57.82482129665676],[-6.765366539452128,57.83381120554241],[-6.772987542655127,57.82578455069757],[-6.797869842019996,57.834409330920906],[-6.789266330192488,57.82332600236502],[-6.797227731516842,57.821198304275214],[-6.785810903818191,57.81419573435417],[-6.791400899868391,57.804661553012046],[-6.806861218933309,57.81557559165562],[-6.811981817202629,57.80947521293021],[-6.823628470908849,57.81278923697177],[-6.844780131980782,57.834481822081045],[-6.847306581402919,57.827175431923536],[-6.862753772229855,57.83363067031648],[-6.833669454824241,57.81477585288786],[-6.840424296902223,57.81625620208388],[-6.846262148376977,57.802759137791966],[-6.853044600852211,57.81365870431989],[-6.860632293895505,57.81446408129478],[-6.857818108161043,57.80742869044874],[-6.863121526096317,57.81288677508474],[-6.855951715489275,57.79848145876359],[-6.867960008938856,57.799752546768204],[-6.871308053733987,57.797607623794065],[-6.857996173993888,57.793546874700276],[-6.883655472926511,57.80052311491645],[-6.877357127208849,57.77336064681627],[-6.9224855396012455,57.78245308774906],[-6.906412976882538,57.777126508139766],[-6.921568738219721,57.77607793302143],[-6.899000964707954,57.76414437178719],[-6.930596984883865,57.7624268290461],[-6.941316000030759,57.7546393380727],[-6.94460049166497,57.73874004396441],[-6.978772317188276,57.743629468301535],[-6.965620344739323,57.72766419627096],[-7.026957582293876,57.76681963181516],[-7.014299198075015,57.770035940065036],[-7.031419550934898,57.77563915031069],[-7.029895818749807,57.768102676527896],[-7.051496943959455,57.77831766646539],[-7.083793764944785,57.80699488302892],[-7.1033778169281,57.808108165398856],[-7.128220798387353,57.82472054220791],[-7.1246267050664995,57.83080910767481],[-7.133526957901949,57.8373434058486],[-7.105337701833829,57.84126575699885],[-7.082516915372157,57.832573655222355],[-7.075950507893678,57.80925424515306],[-7.069772071641273,57.812221939481546],[-7.075444875134082,57.82209389421329],[-6.998307134005624,57.84568869254381],[-7.003124201253286,57.85147246135039],[-6.992854273341828,57.8684885678792],[-6.983675238329083,57.86323084138689],[-6.95772490012177,57.86753158605004],[-6.951933489571543,57.877405239512086],[-6.951330038783161,57.86464017673014],[-6.9391414643712315,57.8720111424467],[-6.905530775169484,57.86876167851685],[-6.960051439367438,57.88680111973302],[-6.9490279612062285,57.90467471793299],[-6.918429167203229,57.91083223991667],[-6.874989115202587,57.90043809096981],[-6.81356489733182,57.90087490023286],[-6.858631570024534,57.91631562334112],[-6.865746217606796,57.92420936325143],[-6.839597940176502,57.928206061465595],[-6.84945050776981,57.93454140271719],[-6.85824080331362,57.92942537309858],[-6.913907563812333,57.93629357644448],[-6.90175283267802,57.950881881292766],[-6.921878669702748,57.94029165921912],[-6.943873457545724,57.95068141416187],[-6.969704446543911,57.95002971012575],[-6.999835776174714,57.96554939011095],[-7.00802863895465,57.96388380062311],[-6.9954754073430605,57.95431332025972],[-7.022739844506032,57.95226008333184],[-7.055847465105937,57.96165978123737],[-7.0584860497058655,57.970506700383226],[-7.079935847449759,57.96708062924851],[-7.081182597584991,57.986604258143004],[-7.090222471064455,57.994897303341425],[-7.103118763682169,57.98647123163568],[-7.11452132861576,57.98988755832405],[-7.092418424937887,57.999492317834694],[-7.082340071767772,58.0205182538291],[-7.056059767419487,58.00878282130449],[-7.04811549395527,58.02232939242884],[-7.029003165996785,58.031473300924546],[-6.906793902446102,58.04953827231591],[-6.981463234510962,58.04796282449156],[-7.038948489246486,58.03374212099567],[-7.062107935174722,58.046294144060546],[-7.020794129033655,58.05404331685857],[-7.059186823347336,58.05537579506467],[-7.052898518899847,58.06347217796314],[-7.020504659256235,58.07102756281882],[-7.03065764365448,58.081521323826315],[-7.06950327974406,58.06671085237244],[-7.062547790365403,58.06436194887905],[-7.066278004806009,58.06008022179031],[-7.100483624717984,58.070159111398084],[-7.100145277412838,58.08942657680538],[-7.112551148106286,58.10017052548766],[-7.1098198178843015,58.10986269851977],[-7.135448651175496,58.12284383721019],[-7.129866127547706,58.124877699860406],[-7.135327025746682,58.12689319608803],[-7.128432012384712,58.13540426932272],[-7.129495010243017,58.137880735115736],[-7.108635885408723,58.14391630322764],[-7.11617062713914,58.15057756768906],[-7.101440112299509,58.151587164193884],[-7.089350367930253,58.163966223912645],[-7.107955891311618,58.17798047882767],[-7.09524238425191,58.18825728665615],[-7.056943827136232,58.180116884914185],[-7.053855848558185,58.185334531528945],[-7.043651206314363,58.17092304067109],[-7.037409256989518,58.18376228902401],[-7.025529405125614,58.18660965220904],[-7.014520183331317,58.18194347449502],[-7.007335645565276,58.18365673393827],[-7.017756512356244,58.183511851061],[-7.017331706378717,58.19274129086472],[-7.030737374995929,58.192371597540216],[-7.031383722165043,58.20071684306899],[-7.04222335805073,58.18811966927654],[-7.0647289455059346,58.19651653722231],[-7.050918633351591,58.20899832977025],[-7.0589282223719545,58.21209035116645],[-7.049477959130147,58.219231168297235],[-7.055053817692182,58.22108436179522],[-7.049561243368812,58.231724799901045],[-7.024033114498087,58.24421851190108],[-7.026686968679146,58.23228291183507],[-6.9945895860534995,58.233131241419386],[-6.975582003649493,58.219480009837504],[-6.965033020921787,58.22120865223792],[-6.968745143291208,58.23142749966036],[-6.958605881927666,58.23465636827985],[-6.94208350953968,58.218890929502074],[-6.91559451758261,58.21826850607506],[-6.908535032734463,58.2132204760046],[-6.911194082729813,58.20338629797721],[-6.9627996196802835,58.20338618800065],[-6.933327658321717,58.186163505001026],[-6.893178173532327,58.187078610934556],[-6.886354352778331,58.17028875892303],[-6.8893487988904125,58.1502124998921],[-6.878405999926472,58.12732305724465],[-6.858895342170409,58.11093094409411],[-6.868124295169224,58.12790322210699],[-6.86351964899598,58.13125308389915],[-6.886403363752863,58.16267723851381],[-6.882043781491218,58.172806607842645],[-6.874212306880843,58.17020553133451],[-6.86913732691114,58.172680220292484],[-6.879387063038622,58.18092386609672],[-6.87699459992152,58.18929704431734],[-6.859130523540976,58.18118132972023],[-6.861956941520878,58.192820827904434],[-6.828166764172835,58.204640589883475],[-6.792550285021393,58.198255077927136],[-6.781222408983277,58.18811114157263],[-6.7497878751563345,58.19215783554856],[-6.7341444057332955,58.16632528818719],[-6.7285180975736205,58.167280989293914],[-6.732672429655327,58.175469563876156],[-6.715474685247867,58.16936590644642],[-6.7247166796544775,58.18304722526905],[-6.70682805534078,58.18410566958413],[-6.735101267017938,58.19793627360772],[-6.735413182050986,58.19166097578366],[-6.760728708622192,58.19897520697716],[-6.756993988329888,58.20908452205461],[-6.736712303214797,58.20483948276134],[-6.739885219960095,58.21331179939346],[-6.758191616987973,58.216925835149304],[-6.772744047920746,58.23636799319001],[-6.786306228928508,58.23622028165409],[-6.793868697758193,58.2436099520346],[-6.800599717968722,58.245884565877724],[-6.791665065690122,58.249643358265146],[-6.809838441914314,58.25387316866072],[-6.806148193984871,58.258925835214484],[-6.817417570941538,58.2720705990623],[-6.803919424034943,58.27130595920553],[-6.7722745573584735,58.28210748998662],[-6.828521577728907,58.283376744912154],[-6.79535967676722,58.29668712678864],[-6.804362303838793,58.30437160025053],[-6.757116048506897,58.305678386373245],[-6.751786351944631,58.314467427767816],[-6.736196161607243,58.31350423909919],[-6.741982391535738,58.31885740326234],[-6.725149371020362,58.3283013192294],[-6.713794305641538,58.327745127361446],[-6.7028826589332215,58.33704264652064],[-6.688641711817576,58.33125647334283],[-6.668975511677676,58.34975922928682],[-6.650465053679297,58.354259200862174],[-6.648246511096237,58.34351536472],[-6.643085135128307,58.33994878189873],[-6.646607247845689,58.34501956199028],[-6.617558188894261,58.34678918060182],[-6.581215660734502,58.36352242831763],[-6.547135333460299,58.36507439190727],[-6.519224509593907,58.39709471417731],[-6.497073128704078,58.39824091919301],[-6.441394415793548,58.42565979288998],[-6.4358620913943705,58.434545030373684],[-6.354581924070017,58.45901517199226],[-6.333268558321517,58.4785607469813],[-6.307890056233624,58.4767580180617],[-6.27151486935497,58.498800838138166],[-6.273357549645916,58.507909099065934],[-6.284252995795159,58.508641124754085],[-6.26583042664001,58.515020433260055],[-6.223384877942583,58.50113540385627],[-6.218760875273831,58.49516645812884],[-6.226786719476597,58.489284415508074],[-6.216392226906706,58.483681390195336],[-6.20722874301227,58.48315367979478],[-6.206619959561957,58.47623534206709],[-6.183095291221635,58.46923058805058],[-6.196383215413284,58.44676510011996],[-6.167124937456686,58.429673844608374],[-6.168223439342439,58.41726544914716],[-6.189648425734321,58.40864796309153],[-6.218428891971782,58.368189681424234],[-6.186432312182824,58.34797554910389],[-6.1621219651887955,58.34255642673001],[-6.194435491297375,58.33946717436523],[-6.198452699175063,58.338305573922824],[-6.2467467694383805,58.30690778436788],[-6.237780187624897,58.30443612985959],[-6.242212282896816,58.29570733715634],[-6.283872078058152,58.287625147690406],[-6.288955975434849,58.29184189853383],[-6.298848138888129,58.292705056519125],[-6.289873727535759,58.28715642183456],[-6.281499272892832,58.28684059565624],[-6.2813877238933395,58.270021397906675],[-6.318635707196539,58.269996272575376],[-6.328392392296048,58.261624076042075],[-6.317304211675515,58.24663139864219],[-6.326229576765008,58.23983026375052],[-6.343490493126085,58.23799059592174],[-6.344421479749037,58.23414852454674],[-6.348857134656814,58.22926062541584],[-6.345442911340667,58.234246804461144],[-6.363467785957696,58.23777958005166],[-6.357523555550337,58.234665356400264],[-6.361803464144712,58.2269998202189],[-6.378981386929725,58.22501951421692],[-6.359784858444005,58.2172806356781],[-6.336000553237117,58.2270241185601],[-6.284737172647645,58.206744515767845],[-6.224470624597553,58.22732888647388],[-6.201073083124207,58.24826268727876],[-6.172321021558625,58.25138994380662],[-6.1655789877609735,58.26271646075819],[-6.141962928422145,58.26255563238497],[-6.13566922102777,58.25899309107644],[-6.140380598391558,58.250283497168255],[-6.154498472996976,58.24669158466297],[-6.146765338737509,58.240124612894896],[-6.165184389009677,58.22858181948854],[-6.153677764546956,58.22137278257505],[-6.164904881272811,58.21914293045505],[-6.1606876166438145,58.213884488313084],[-6.207760619825384,58.19892347176302],[-6.207366650295735,58.189162619965806],[-6.255156927689565,58.17994543046266],[-6.2872849700015365,58.205425005232556],[-6.3532458238066205,58.18969304072685],[-6.359976824423767,58.203603754414395],[-6.391441752015836,58.20733156175505],[-6.387525202292913,58.21348317271303],[-6.387551408111822,58.21463251004946],[-6.397477100256689,58.20726567621678],[-6.395935810625726,58.198946086060346],[-6.384339907383152,58.18885333351373],[-6.36967942205457,58.19120430425887],[-6.387693414767369,58.17945432902481],[-6.378636292099512,58.177671275602066],[-6.367471668670443,58.1527434303372],[-6.408752805534434,58.14174979042175],[-6.424053398231146,58.147764150960136],[-6.416071381264927,58.14261612421707],[-6.423474649240895,58.13756791554514],[-6.372941186848445,58.143066206235126],[-6.370206515624878,58.131453097014465],[-6.400948649962573,58.13491710037076],[-6.421901648948054,58.128752524369155],[-6.4929470127548585,58.142984605599786],[-6.467104875795771,58.134666945876134],[-6.468282906499351,58.12644148965212],[-6.460145532957778,58.13071177837133],[-6.444380870574163,58.123649809820314],[-6.449056896836067,58.13084392820369],[-6.427768353121166,58.120858247291046],[-6.460119891347967,58.10493055743694],[-6.632924658224952,58.08530566552848],[-6.624008890231962,58.078036242097774],[-6.595189370733413,58.08710575934171],[-6.526242718745237,58.08544390399601],[-6.5083666637824145,58.09395642253093],[-6.472792103546847,58.08914232504281],[-6.471894361634432,58.096256325708545],[-6.4320405214125325,58.08970771841266],[-6.423712428245725,58.09730477491351],[-6.435327152365444,58.10049756847699],[-6.398867066082849,58.11091437679666],[-6.3953954925277205,58.10350630742942],[-6.3934302765224595,58.10912827746738],[-6.38659984920569,58.10384656587297],[-6.403153235137404,58.09898501947085],[-6.383446682494495,58.09296804489823],[-6.400660522406911,58.09179581969403],[-6.397015284069649,58.084408134693156],[-6.37763062646438,58.0917858412227],[-6.381226561067628,58.079088762466554],[-6.368791053291463,58.07605073172467],[-6.381243107469016,58.06787276853476],[-6.3676167751526975,58.06493055457321],[-6.366547016996631,58.056252865375114],[-6.378799033835062,58.04735063280318],[-6.43996963659497,58.04880640679031],[-6.360611275286887,58.04049820813232],[-6.365862462635844,58.018100085139146],[-6.388626596275897,58.00832209625187],[-6.388707643927665,57.9997248039212],[-6.438430822746257,58.01705858903379],[-6.436737408099704,58.01070260097163],[-6.449589034916835,58.00587205405265],[-6.459681018168076,58.019798289599024],[-6.4691110148050575,58.018776073420916],[-6.470463978087551,58.009410818097685],[-6.4998634051859865,58.01661988381841],[-6.4906780707507,58.00893138819205],[-6.511003499172529,58.00752289054706],[-6.528197375838384,58.016323229219424],[-6.52594528056978,58.00554688857395],[-6.580105773640882,58.003378581168064],[-6.47198128502572,58.000741281476785],[-6.451100731980901,57.98873998460499],[-6.457441782810283,57.984991899245195],[-6.448374445195917,57.97831291425481],[-6.454582812498066,57.97085516432795],[-6.448890330477706,57.9656316633426],[-6.468361822812495,57.96129589125169],[-6.4709193482826155,57.938253239214625],[-6.5018044902351795,57.94038516263604],[-6.517761798524446,57.92716295780302],[-6.5405157674028,57.942310044470965],[-6.548459160742607,57.95853924343147],[-6.549713633336354,57.94009193024548],[-6.5378462662097085,57.91893999068768],[-6.566032024154582,57.91974473359946],[-6.564087237361087,57.91448559755197],[-6.573006336606748,57.924602164208835],[-6.572699382152518,57.909696677945206],[-6.597193545995864,57.92325807217651],[-6.5936326586141405,57.92560588021817],[-6.611802678564816,57.942305320125435],[-6.609105582781639,57.94982288100717],[-6.6460898075173995,57.964090301628254],[-6.606338391786418,57.91724757934334],[-6.6238625103833035,57.91682542853448],[-6.633767197217601,57.92801763945971],[-6.632125348648372,57.921848706524436],[-6.652242091238323,57.91813027601432],[-6.708793678089597,57.9676026010996],[-6.712471910047822,57.9858476518215],[-6.704462181517213,57.99361259856779],[-6.712596833735901,58.01279340224028],[-6.688154801628681,58.034054034799304],[-6.664257078799158,58.0425112026765],[-6.6650132102300566,58.05310636967365],[-6.632830635653405,58.054706722003324],[-6.6216972683802835,58.04688661350857],[-6.586647613154418,58.05324591143679],[-6.695161399365362,58.05765943333693]]],[[[-6.99411336737787,57.918597341163235],[-6.99011600872021,57.89412478745285],[-7.01300058039698,57.88135634400034],[-7.042728747673933,57.895383498671976],[-7.054234818026791,57.88199148004408],[-7.07759895660448,57.875208516025104],[-7.077746457527454,57.88904044317067],[-7.085021852514453,57.889355842249685],[-7.048826148266884,57.89716944541954],[-7.029820069956693,57.91873795514456],[-6.99411336737787,57.918597341163235]]],[[[-7.130548151795527,58.03771889888376],[-7.107497480550806,58.02872202320314],[-7.099170454837624,58.01187157641799],[-7.103324307166611,58.00440670377549],[-7.153282370577956,58.0088540283158],[-7.169511787134887,58.02806997604738],[-7.130548151795527,58.03771889888376]]],[[[-7.2145960130592215,57.78477885529449],[-7.200258124815634,57.772560559633995],[-7.222756230737447,57.76016028293017],[-7.241256386966432,57.75974085514605],[-7.265956009681174,57.773462664186376],[-7.257987190951252,57.780804109655335],[-7.2145960130592215,57.78477885529449]]],[[[-6.713990998320289,57.87509521956441],[-6.65138404209511,57.870799035868096],[-6.641350074884772,57.85648757350944],[-6.670984985241288,57.849757919960524],[-6.6769846267153365,57.85717321085835],[-6.671365752644763,57.8598407698167],[-6.688186566623238,57.856309180576446],[-6.683568751149726,57.86282250779371],[-6.699489819785981,57.871222461261084],[-6.701455665179452,57.8602275092903],[-6.713990998320289,57.87509521956441]]],[[[-6.721470461437003,57.98626147542067],[-6.740776701597043,58.00130513494853],[-6.736611824568806,58.005718998921715],[-6.725782762871476,58.007854203323745],[-6.712867160448536,57.994239851394994],[-6.721470461437003,57.98626147542067]]],[[[-7.070369780954301,57.7596133102158],[-7.075502780108757,57.751282660944405],[-7.098214920265134,57.76845318211249],[-7.081806613258299,57.77379512266197],[-7.070369780954301,57.7596133102158]]],[[[-6.420128302072953,58.00540817245082],[-6.4122438421066645,57.99786705153127],[-6.449959244374908,58.001083418999876],[-6.442497683607174,58.00506226849259],[-6.420128302072953,58.00540817245082]]],[[[-7.08769035372708,57.74921345335082],[-7.0622695988520805,57.73293278767604],[-7.0968367891754776,57.745218831921335],[-7.08769035372708,57.74921345335082]]],[[[-6.3814399317553665,57.902596830036465],[-6.352790206533589,57.90236554969006],[-6.358257498394072,57.89475352580946],[-6.348900493121689,57.892516377126384],[-6.352610451939882,57.880059247303585],[-6.358574902235132,57.894864019570775],[-6.3814399317553665,57.902596830036465]]],[[[-6.433621818007636,58.109535705609126],[-6.4306867984493294,58.104001534390584],[-6.449947023621175,58.10017565297798],[-6.450802732938243,58.10209569975037],[-6.433621818007636,58.109535705609126]]],[[[-6.970754273351507,57.9430481673221],[-6.957515290052943,57.93339272514201],[-6.967506443838169,57.934823389860874],[-6.970754273351507,57.9430481673221]]],[[[-7.24526976332804,57.80173565958947],[-7.256734986163088,57.79746273853157],[-7.2609311569148165,57.80179592030242],[-7.24526976332804,57.80173565958947]]],[[[-6.8140478443181935,57.80699324506014],[-6.823909794867458,57.804926020228585],[-6.828061047812992,57.812157906797964],[-6.82666132523533,57.812549117408516],[-6.8140478443181935,57.80699324506014]]],[[[-6.747961428929997,57.8793212584312],[-6.739903085686234,57.874168720084555],[-6.755408594676596,57.87597194022402],[-6.747961428929997,57.8793212584312]]],[[[-7.033290580383913,57.706861235418465],[-7.0247990179369815,57.69981740366448],[-7.040860432174285,57.7045528927993],[-7.033290580383913,57.706861235418465]]],[[[-6.335582932535393,57.90797324498987],[-6.333681164516099,57.90166212668556],[-6.325696539332289,57.89849978443821],[-6.3428698247431665,57.901928393339055],[-6.335582932535393,57.90797324498987]]],[[[-6.373045933989324,58.09719103113748],[-6.371736969992904,58.090168166592264],[-6.382810572417631,58.09765974844826],[-6.373045933989324,58.09719103113748]]],[[[-7.287230674258073,57.98612919579394],[-7.287920044584454,57.980476332777634],[-7.2941216390415855,57.98438551171829],[-7.287230674258073,57.98612919579394]]],[[[-6.977940465398825,57.94632093610781],[-6.980588144137559,57.94279372962476],[-6.98326524401606,57.94411669343728],[-6.977940465398825,57.94632093610781]]],[[[-6.935134844170374,57.75491226877194],[-6.932914201068492,57.75048272198157],[-6.937967813987876,57.75335321418741],[-6.935134844170374,57.75491226877194]]],[[[-6.8562386847028405,57.79014412660832],[-6.863393984979146,57.789810060559155],[-6.8690611280842635,57.79289647927488],[-6.862188855505451,57.792121173109344],[-6.8562386847028405,57.79014412660832]]],[[[-7.0062831617625125,57.710544379593955],[-6.998915293885062,57.705806653746784],[-7.0091365228082685,57.71237869567083],[-7.0062831617625125,57.710544379593955]]],[[[-7.015604843266335,57.703925727237106],[-7.012613627780854,57.69877230571902],[-7.018321702291503,57.70030895614813],[-7.015604843266335,57.703925727237106]]],[[[-7.066535720797772,57.72094835087895],[-7.059530015040514,57.71636622134111],[-7.066401070542845,57.717467318058695],[-7.066535720797772,57.72094835087895]]],[[[-6.685399722078027,57.85380654234652],[-6.690305085254815,57.85107202157628],[-6.689836768454631,57.85453454388107],[-6.685399722078027,57.85380654234652]]],[[[-7.250127640238469,57.75944462547808],[-7.244810307362805,57.755697118208126],[-7.252032933736671,57.757439795496694],[-7.250127640238469,57.75944462547808]]],[[[-6.722735574259673,57.87037281720538],[-6.717203167604462,57.86725651971078],[-6.724102006964364,57.86804904251985],[-6.722735574259673,57.87037281720538]]],[[[-7.1412813080713615,58.04054484732589],[-7.147544965220163,58.037454676005915],[-7.148549131371495,58.037812688280255],[-7.1412813080713615,58.04054484732589]]],[[[-6.38815433126338,58.10192307118116],[-6.3820119312951435,58.1006792262263],[-6.388446743611633,58.10190182619066],[-6.38815433126338,58.10192307118116]]],[[[-7.019500438121216,57.69354135941866],[-7.015804870847215,57.690030974421234],[-7.022338904639847,57.69189897431117],[-7.019500438121216,57.69354135941866]]],[[[-6.71662902123786,57.862136525328246],[-6.7125169119003045,57.85812373745307],[-6.717839116891723,57.858877514579916],[-6.71662902123786,57.862136525328246]]],[[[-6.690692233715069,57.85684761231091],[-6.692059146920722,57.855213737094864],[-6.69445310499295,57.8554294697962],[-6.690692233715069,57.85684761231091]]],[[[-7.093073299488388,58.02622883301164],[-7.090746394687975,58.022156398362924],[-7.095020232903411,58.02430178985831],[-7.093073299488388,58.02622883301164]]],[[[-6.887674943398389,57.91650654522338],[-6.884831336823145,57.915604840105665],[-6.892233490331005,57.91765225398417],[-6.887674943398389,57.91650654522338]]],[[[-6.704789110093189,57.8559831585031],[-6.7001031079419375,57.8526516059498],[-6.706571978760698,57.854839674589705],[-6.704789110093189,57.8559831585031]]],[[[-6.784216673071368,57.81323322708408],[-6.783124090094718,57.81090163505516],[-6.785770281815425,57.812163361789196],[-6.784216673071368,57.81323322708408]]],[[[-7.171233038799122,57.8289518970563],[-7.1675868155869695,57.82686188760687],[-7.172107188687361,57.82868373270298],[-7.171233038799122,57.8289518970563]]],[[[-7.2632306870554055,57.79700834785689],[-7.260622070331913,57.79459253701284],[-7.264572938192138,57.79654719667774],[-7.2632306870554055,57.79700834785689]]],[[[-7.021090838962433,57.76281794299527],[-7.022259472599769,57.76122534056689],[-7.024142069284405,57.764082224768835],[-7.021090838962433,57.76281794299527]]],[[[-6.716068314933166,57.8651640876697],[-6.7187927865415515,57.86386622310293],[-6.718066190488312,57.866497446135874],[-6.716068314933166,57.8651640876697]]],[[[-6.712903106868893,57.8693318759511],[-6.709637233577848,57.866812107107805],[-6.713017302777179,57.86920345259855],[-6.712903106868893,57.8693318759511]]],[[[-7.250221494803094,57.760205592148814],[-7.252739652113119,57.759057135269416],[-7.252856825741084,57.76107691220393],[-7.250221494803094,57.760205592148814]]],[[[-6.777306391897214,57.818665903767666],[-6.77806465484982,57.8168327577394],[-6.779829386635325,57.81908532811976],[-6.777306391897214,57.818665903767666]]],[[[-6.379109325762881,58.09960835174688],[-6.3777984734820405,58.09854733791953],[-6.383129009735456,58.09921356894124],[-6.379109325762881,58.09960835174688]]],[[[-7.044302470315391,57.747912344327645],[-7.041418673481495,57.746605596458906],[-7.045451546286497,57.74843298489891],[-7.044302470315391,57.747912344327645]]],[[[-7.114622338907089,57.75668275346865],[-7.109576709440266,57.75480845313356],[-7.113203204937835,57.755219599799744],[-7.114622338907089,57.75668275346865]]],[[[-7.017746375523626,57.7569227899055],[-7.015689988480733,57.75520502979773],[-7.019470467255618,57.75606708308104],[-7.017746375523626,57.7569227899055]]],[[[-7.054949815800862,57.77114290249913],[-7.05447264441639,57.76900443038603],[-7.0567970417471475,57.77003328222312],[-7.054949815800862,57.77114290249913]]],[[[-6.600311151039057,57.92675233252183],[-6.599268568577148,57.92491906068933],[-6.600445658469112,57.92680965658908],[-6.600311151039057,57.92675233252183]]],[[[-6.62153714356256,57.90868687981904],[-6.619135714001771,57.90636151236729],[-6.622903232941064,57.9080635600674],[-6.62153714356256,57.90868687981904]]],[[[-6.723411062628596,57.8656387785792],[-6.722527817442471,57.864356003823126],[-6.723932604156429,57.86525630182911],[-6.723411062628596,57.8656387785792]]],[[[-7.049859980106595,57.71291599990427],[-7.050978463938285,57.71231793981402],[-7.05365942450652,57.714540940530675],[-7.049859980106595,57.71291599990427]]],[[[-6.4282372962730845,58.1100433178834],[-6.427361375478085,58.1083852594902],[-6.429524842401289,58.11037424950332],[-6.4282372962730845,58.1100433178834]]],[[[-7.067291977655818,58.02985174765772],[-7.065836373471088,58.02789895438497],[-7.067676104887737,58.0279559822587],[-7.067291977655818,58.02985174765772]]],[[[-6.620686222342111,58.08312198382027],[-6.624187770657114,58.08183887520027],[-6.6224472283589515,58.08347620099414],[-6.620686222342111,58.08312198382027]]],[[[-7.05126935565563,57.77071641856741],[-7.0494449472794365,57.768130170822545],[-7.052055031014512,57.77014450154578],[-7.05126935565563,57.77071641856741]]],[[[-7.029313160778903,57.76390894336792],[-7.027842227946042,57.7624010830364],[-7.029922240794208,57.76240828699777],[-7.029313160778903,57.76390894336792]]],[[[-6.462074146457358,58.015776740357424],[-6.45850374369404,58.01274546405541],[-6.462293551013333,58.015114337410424],[-6.462074146457358,58.015776740357424]]],[[[-6.736750676035306,57.84986366867363],[-6.7398372371028215,57.84924085942512],[-6.739355566105819,57.85029786737425],[-6.736750676035306,57.84986366867363]]],[[[-7.074486435301587,57.730152769901906],[-7.070588910913548,57.72898669492544],[-7.074713142238178,57.72949135738466],[-7.074486435301587,57.730152769901906]]],[[[-6.403606456483208,57.89800186644969],[-6.407402864809889,57.897761973552456],[-6.405782274043845,57.89859626369426],[-6.403606456483208,57.89800186644969]]],[[[-7.088534910024158,57.88981135504116],[-7.088776105557677,57.88860671748326],[-7.0889599108177,57.88885537664171],[-7.088534910024158,57.88981135504116]]],[[[-7.150365314625883,58.03980302896012],[-7.1515150172000554,58.03887001717327],[-7.153122295635703,58.03957775466382],[-7.150365314625883,58.03980302896012]]],[[[-7.038744094155955,57.76772055076318],[-7.037843135874918,57.766874749203964],[-7.040616987515788,57.76684512767407],[-7.038744094155955,57.76772055076318]]],[[[-7.044835045470538,57.708528319945394],[-7.041687785482752,57.706751139627485],[-7.043683882472397,57.70714376723029],[-7.044835045470538,57.708528319945394]]],[[[-7.07133313907114,57.74735630719952],[-7.0697670013036,57.74602907705976],[-7.073370685761142,57.747665889181626],[-7.07133313907114,57.74735630719952]]],[[[-7.055925601147544,57.69938495306687],[-7.054674869204827,57.69822651905813],[-7.056030504200523,57.699269012965146],[-7.055925601147544,57.69938495306687]]],[[[-6.627628698483787,57.91347720825826],[-6.627955255466944,57.911896102495554],[-6.629020115669305,57.9122308785114],[-6.627628698483787,57.91347720825826]]],[[[-7.069649166065007,57.78480765658536],[-7.071493052340858,57.78396443306228],[-7.070797797800165,57.78527380842665],[-7.069649166065007,57.78480765658536]]],[[[-7.105599523190123,57.753880521478614],[-7.104178712800185,57.75275925086259],[-7.107588274089934,57.75413755277799],[-7.105599523190123,57.753880521478614]]],[[[-6.92868132552417,57.75468206652262],[-6.929093174397521,57.75358838045676],[-6.929858622311701,57.75447938325814],[-6.92868132552417,57.75468206652262]]],[[[-6.774888752810818,57.871780369641336],[-6.7752409811633685,57.871087385731286],[-6.775483184376416,57.87193349100787],[-6.774888752810818,57.871780369641336]]],[[[-6.740422448299951,57.853490044734485],[-6.74055599881099,57.85224364407651],[-6.7415656554832415,57.85317926930723],[-6.740422448299951,57.853490044734485]]],[[[-6.629733886258862,57.917020082334915],[-6.628434669716018,57.91641991316792],[-6.630084740615867,57.91641035245343],[-6.629733886258862,57.917020082334915]]],[[[-6.8892858745433925,58.260163986325395],[-6.848915723618938,58.25676397513832],[-6.836889333987859,58.232126133527366],[-6.833977499508334,58.23915624252494],[-6.8185898366883055,58.22862654328676],[-6.813868820503574,58.231409194660664],[-6.820367408817601,58.23806321034999],[-6.798213793497766,58.21946710605517],[-6.785531827812575,58.22080516999751],[-6.783576974126046,58.201039031782265],[-6.804331167950939,58.207310354032835],[-6.867238299305264,58.20746253746716],[-6.8755530032165675,58.22017153263199],[-6.858936900849109,58.21536835804543],[-6.853731032849204,58.225910167917434],[-6.859735430983745,58.22331269274503],[-6.861599140443752,58.23759006729191],[-6.871767963992309,58.24252115796699],[-6.861838533779897,58.22347984281784],[-6.876910685087748,58.22985987180333],[-6.871409913734775,58.23078330101743],[-6.8749905271342495,58.238118508484845],[-6.889747887769266,58.24382094676364],[-6.8845075958770385,58.24631310029373],[-6.892378245011897,58.252834906169646],[-6.8892858745433925,58.260163986325395]]],[[[-6.887430206078727,58.267926839200335],[-6.867459212522605,58.26590641567643],[-6.861471010324467,58.26643171218436],[-6.859057119328046,58.26053686598787],[-6.879125655770134,58.25976152314472],[-6.887430206078727,58.267926839200335]]],[[[-7.119137578837427,58.08337690883131],[-7.1188822509299134,58.07325592541466],[-7.135923070027304,58.075195507632],[-7.12870256536662,58.08025593014764],[-7.138927647874732,58.08357294085417],[-7.119137578837427,58.08337690883131]]],[[[-6.93619532327692,58.240912422226515],[-6.929913512019555,58.23014828714452],[-6.935609159790911,58.228061039429576],[-6.9511667019858825,58.23889666758534],[-6.93619532327692,58.240912422226515]]],[[[-6.894510491393154,58.21880141180529],[-6.887421750383466,58.21109411027188],[-6.87713750507081,58.208481692229],[-6.895612534998332,58.20725365552132],[-6.894510491393154,58.21880141180529]]],[[[-6.773099964977683,58.20590757368025],[-6.76536531853873,58.193573759777045],[-6.7771994410156795,58.20067969469719],[-6.773099964977683,58.20590757368025]]],[[[-6.927312712736275,58.198608815253614],[-6.92169144465499,58.18946563994282],[-6.933795928140551,58.19272163654239],[-6.927312712736275,58.198608815253614]]],[[[-6.914292475787457,58.22965835632799],[-6.911110793255632,58.22449472341024],[-6.920305297885885,58.223872096282854],[-6.916109897939708,58.22831999835245],[-6.92165315747286,58.23000077291035],[-6.914292475787457,58.22965835632799]]],[[[-6.769489072521533,58.21412449849594],[-6.775585960789969,58.21304357337503],[-6.774160459517875,58.217363518555764],[-6.769489072521533,58.21412449849594]]],[[[-6.732338678474731,58.19096341424891],[-6.738900895671816,58.186337243595695],[-6.739506162274631,58.18787692532756],[-6.732338678474731,58.19096341424891]]],[[[-6.897488056429067,58.199493895147015],[-6.896136339774348,58.19275645913683],[-6.903236778235163,58.196315653795494],[-6.897488056429067,58.199493895147015]]],[[[-7.592126896760392,58.289651362313094],[-7.587513411486177,58.28614544500721],[-7.595403451791894,58.287405916432526],[-7.592126896760392,58.289651362313094]]],[[[-6.413391336274409,58.125565736636695],[-6.414631960526484,58.121071723762576],[-6.415602030869279,58.126069290191595],[-6.413391336274409,58.125565736636695]]],[[[-6.8815193040703715,58.17760160571277],[-6.88351562066252,58.17445554723193],[-6.885176657581967,58.18067035791173],[-6.8815193040703715,58.17760160571277]]],[[[-6.519516527915126,58.09672784532966],[-6.5231590295371245,58.09522020592841],[-6.526776312056346,58.097098080964756],[-6.519516527915126,58.09672784532966]]],[[[-7.5806290287605655,58.28410691671601],[-7.587442005973034,58.28207130894258],[-7.575884514297426,58.284634085523514],[-7.5806290287605655,58.28410691671601]]],[[[-6.792172782788342,58.226945407830065],[-6.787146949320367,58.22295543901024],[-6.792759453188941,58.22344861080474],[-6.792172782788342,58.226945407830065]]],[[[-6.945024599505963,58.24343705477996],[-6.946356097960895,58.24095638819857],[-6.947235883865826,58.24117594407307],[-6.945024599505963,58.24343705477996]]],[[[-6.375410826769176,58.118463681597156],[-6.381410407740138,58.116876750952954],[-6.377646505984084,58.12075193512782],[-6.375410826769176,58.118463681597156]]],[[[-6.908027338098175,58.268903078495406],[-6.907687598077442,58.26582923188337],[-6.912018718137675,58.26813802482057],[-6.908027338098175,58.268903078495406]]],[[[-6.864894082130717,58.190507429987726],[-6.861164864126743,58.185655568243895],[-6.865026313622794,58.18806157381625],[-6.864894082130717,58.190507429987726]]],[[[-6.915533118220215,58.283790960569625],[-6.924719263965769,58.28267348948129],[-6.918260107607058,58.284976791873305],[-6.915533118220215,58.283790960569625]]],[[[-7.093150095727002,58.06460288806904],[-7.094754627810963,58.06299692263652],[-7.095527303145532,58.0658023452069],[-7.093150095727002,58.06460288806904]]],[[[-6.87050184742231,58.27393276042177],[-6.8683179851668275,58.270064282592344],[-6.87259367115176,58.272873511456815],[-6.87050184742231,58.27393276042177]]],[[[-6.831215117951167,58.28684157538543],[-6.831541851293356,58.28454428029913],[-6.835661809390545,58.28494590376667],[-6.831215117951167,58.28684157538543]]],[[[-7.109863331988258,58.176797815200665],[-7.114999209833319,58.176326604012395],[-7.111115562950603,58.178505187719196],[-7.109863331988258,58.176797815200665]]],[[[-7.644397515740134,58.282187398842886],[-7.644397795873634,58.28051993034543],[-7.649972636158933,58.280385384152],[-7.644397515740134,58.282187398842886]]],[[[-7.647472779566846,58.28525672662473],[-7.6475874948322495,58.28349236713568],[-7.650124920915626,58.28411854243272],[-7.647472779566846,58.28525672662473]]],[[[-6.728064805484243,58.180381150059],[-6.729028299114408,58.177448957660005],[-6.730351815474796,58.181443081066625],[-6.728064805484243,58.180381150059]]],[[[-6.873352248935929,58.27919787932737],[-6.8779276564041965,58.277767567323224],[-6.875275679253927,58.280254084707025],[-6.873352248935929,58.27919787932737]]],[[[-6.878700401368313,58.21925490427619],[-6.882596111012132,58.21851192549863],[-6.880286803765988,58.22087188730758],[-6.878700401368313,58.21925490427619]]],[[[-6.918155358890016,58.22396015657091],[-6.916076379913251,58.222482666188725],[-6.91874183219731,58.22264518470797],[-6.918155358890016,58.22396015657091]]],[[[-6.472500201001619,58.10115273986969],[-6.477158191081488,58.1001588854726],[-6.475489404092586,58.10190466863774],[-6.472500201001619,58.10115273986969]]],[[[-7.126838011595502,58.106297076344596],[-7.126797608509565,58.105335551089915],[-7.130850033496684,58.106451342433246],[-7.126838011595502,58.106297076344596]]],[[[-7.585658978373287,58.27489501498143],[-7.590889822481841,58.273941077530736],[-7.587273494553371,58.275760295669414],[-7.585658978373287,58.27489501498143]]],[[[-6.887407217212912,58.18386032886852],[-6.888878052190615,58.18473390844189],[-6.886068323207849,58.18579084290957],[-6.887407217212912,58.18386032886852]]],[[[-6.384908848001006,58.11987962662803],[-6.388695783489276,58.118626589865706],[-6.383511741412043,58.120411680875115],[-6.384908848001006,58.11987962662803]]],[[[-6.824627926297494,58.23658142556546],[-6.823491682591531,58.23399929083407],[-6.826059563569315,58.23607203685832],[-6.824627926297494,58.23658142556546]]],[[[-6.880373114054185,58.291528314472686],[-6.878057010608666,58.290281000189154],[-6.8804716448533325,58.29105545017224],[-6.880373114054185,58.291528314472686]]],[[[-6.910646902601677,58.275921002000416],[-6.91329094721726,58.27685365149197],[-6.913029076585785,58.278406306240946],[-6.910646902601677,58.275921002000416]]],[[[-7.048144709523652,58.190022721257186],[-7.046155765411571,58.18940609394812],[-7.050019635280177,58.18943014542479],[-7.048144709523652,58.190022721257186]]],[[[-6.818566231426963,58.27365641799916],[-6.8179847348882205,58.27210792518186],[-6.819000370472327,58.273716341234106],[-6.818566231426963,58.27365641799916]]],[[[-6.873021970591126,58.27568407469358],[-6.875160858642354,58.27410449391994],[-6.876033622640992,58.27535755846416],[-6.873021970591126,58.27568407469358]]],[[[-6.46731828341872,58.10038365929798],[-6.471083527772089,58.10015965105788],[-6.47090343264426,58.10115155512056],[-6.46731828341872,58.10038365929798]]],[[[-7.5866030602381835,58.27351704659873],[-7.5904792569079955,58.27242449000653],[-7.588992427000399,58.273826298037605],[-7.5866030602381835,58.27351704659873]]],[[[-6.419246697333915,58.13883670707598],[-6.420908725963481,58.138116632569634],[-6.417829914895299,58.13945048892962],[-6.419246697333915,58.13883670707598]]],[[[-6.7437033565486075,58.19008095600529],[-6.743652829917173,58.18816862059037],[-6.745263281543033,58.18921147768731],[-6.7437033565486075,58.19008095600529]]],[[[-7.082686173277322,58.19023344756456],[-7.081640630564022,58.188508517254924],[-7.083769410728802,58.18949777215897],[-7.082686173277322,58.19023344756456]]],[[[-6.929589810628954,58.26147904972378],[-6.928370988727612,58.26054039275409],[-6.931446316077974,58.261009177283185],[-6.929589810628954,58.26147904972378]]],[[[-6.885787028554257,58.19304038569696],[-6.88671822335043,58.19360907934675],[-6.886367731940341,58.1958278731686],[-6.885787028554257,58.19304038569696]]],[[[-7.138399209869405,58.092793842636105],[-7.141994530187942,58.09233350576057],[-7.141736503317347,58.09307725922042],[-7.138399209869405,58.092793842636105]]],[[[-6.907973748873419,58.27196422634394],[-6.909321724613436,58.2704189697507],[-6.909762893772067,58.27181438634578],[-6.907973748873419,58.27196422634394]]],[[[-7.130475174597266,58.136034568881456],[-7.132961987077127,58.134906607325526],[-7.1330045946099965,58.135732670939554],[-7.130475174597266,58.136034568881456]]],[[[-6.755970238724299,58.19757970701246],[-6.755724644890008,58.19488131681942],[-6.756739385509624,58.19607216949118],[-6.755970238724299,58.19757970701246]]],[[[-7.0575492504393225,58.18634128919472],[-7.05468423023359,58.1852782527835],[-7.057262965487871,58.185466061033694],[-7.0575492504393225,58.18634128919472]]],[[[-6.414434448145625,58.12905047208272],[-6.414619290707217,58.127965193181105],[-6.415146079150455,58.12814560086942],[-6.414434448145625,58.12905047208272]]],[[[-7.596140414362054,58.288228621713586],[-7.5958030162786425,58.28733887100483],[-7.598543471015519,58.28775406269541],[-7.596140414362054,58.288228621713586]]],[[[-6.402228145045029,58.12631767834504],[-6.404020831417337,58.125998791826106],[-6.403589104454723,58.127190559726536],[-6.402228145045029,58.12631767834504]]],[[[-7.065203764547019,58.19533557373782],[-7.066903072674272,58.1946434393337],[-7.066366960363922,58.19620251718119],[-7.065203764547019,58.19533557373782]]],[[[-6.817789274109866,58.240251248493394],[-6.816643578957806,58.2393419517744],[-6.818992168684736,58.24030566247895],[-6.817789274109866,58.240251248493394]]],[[[-7.120814273573072,58.099190076139976],[-7.12159518834528,58.09847479584397],[-7.1241007706440875,58.09899914226818],[-7.120814273573072,58.099190076139976]]],[[[-6.89324951437589,58.24481492925512],[-6.8918814525926,58.243594278514664],[-6.8938267747837525,58.243960698811016],[-6.89324951437589,58.24481492925512]]],[[[-6.935870740404474,58.223570647170355],[-6.935407655347072,58.221591364043675],[-6.936815804880516,58.22367032795134],[-6.935870740404474,58.223570647170355]]],[[[-6.424814979527525,58.123679809074616],[-6.4260056773547385,58.122694050701526],[-6.426079235441321,58.12287132340177],[-6.424814979527525,58.123679809074616]]],[[[-6.862081761330774,58.22240032971991],[-6.862528888760451,58.221123300887065],[-6.862818411282569,58.22114732627538],[-6.862081761330774,58.22240032971991]]],[[[-7.586504192360433,58.27305335198368],[-7.589006867975184,58.271809535368206],[-7.590649688951784,58.27177347045255],[-7.586504192360433,58.27305335198368]]],[[[-6.866580984313283,58.196061924799885],[-6.866690648517342,58.19489419992643],[-6.867331625535731,58.19600381861423],[-6.866580984313283,58.196061924799885]]],[[[-6.879527833096824,58.27200665878293],[-6.880719362073475,58.27175531437323],[-6.880682682380838,58.27323672106876],[-6.879527833096824,58.27200665878293]]],[[[-6.920756873360852,58.19894776636988],[-6.921334693978691,58.19777282188596],[-6.922044425159384,58.19921073223662],[-6.920756873360852,58.19894776636988]]],[[[-6.403021980234712,58.12507880495629],[-6.404194137298908,58.12483253615387],[-6.4028617168291175,58.12605111621484],[-6.403021980234712,58.12507880495629]]],[[[-6.86265558276506,58.19726750080566],[-6.863297572485789,58.196077266931006],[-6.863941253591633,58.19648098808873],[-6.86265558276506,58.19726750080566]]],[[[-7.134587190443798,58.09479514077187],[-7.134243326618238,58.09423201928476],[-7.136697965333935,58.09429550656513],[-7.134587190443798,58.09479514077187]]],[[[-6.842640161956678,58.255000708673705],[-6.841894271754974,58.25318310422331],[-6.8433223396281315,58.25494860913608],[-6.842640161956678,58.255000708673705]]],[[[-6.876980448137714,58.17380736635569],[-6.876625812993029,58.17253299884822],[-6.877617276900302,58.173677979750074],[-6.876980448137714,58.17380736635569]]],[[[-7.1289665273303875,58.13895354057777],[-7.129759251602333,58.138297465075624],[-7.130064738533336,58.13911674480175],[-7.1289665273303875,58.13895354057777]]],[[[-6.882781217400358,58.17389832317795],[-6.882294216380873,58.17252262555983],[-6.883172940347051,58.17382775151278],[-6.882781217400358,58.17389832317795]]],[[[-6.770431958506527,58.22298940944306],[-6.770429331464051,58.22193182861074],[-6.77080915355792,58.22276752365426],[-6.770431958506527,58.22298940944306]]],[[[-6.796318269133718,58.24406202847266],[-6.796952379242216,58.24370532936119],[-6.7966710581728735,58.24427364151236],[-6.796318269133718,58.24406202847266]]],[[[-7.06110326085828,58.204445340992024],[-7.061357662196549,58.20432823976762],[-7.061344064100891,58.204949586153106],[-7.06110326085828,58.204445340992024]]],[[[-6.806514336135713,58.273516651788995],[-6.807202004264437,58.27340060352736],[-6.80638122466149,58.27375628042426],[-6.806514336135713,58.273516651788995]]],[[[-7.100612934235925,58.07587636562338],[-7.101012247846044,58.07541873210458],[-7.101098477358547,58.07578416602042],[-7.100612934235925,58.07587636562338]]],[[[-6.863549842219502,58.26671458878932],[-6.863610789057256,58.26666048325064],[-6.86362014224172,58.26672623198503],[-6.863549842219502,58.26671458878932]]],[[[-6.3415793696674045,58.18981810005072],[-6.339313903062775,58.18712535158325],[-6.344729189177777,58.187224794728195],[-6.3415793696674045,58.18981810005072]]],[[[-6.323552821687691,58.19098163843617],[-6.322182141657582,58.18979078154856],[-6.325266707978495,58.19062399239858],[-6.323552821687691,58.19098163843617]]],[[[-6.261725363290025,58.28836497991544],[-6.2611235026299035,58.28669897614845],[-6.267268505925023,58.28622922400615],[-6.261725363290025,58.28836497991544]]],[[[-6.264549204840469,58.283315721536034],[-6.257528983764986,58.28399980823128],[-6.261592426050984,58.28307729760322],[-6.264549204840469,58.283315721536034]]],[[[-6.26689650781027,58.284828928918266],[-6.265052071912894,58.28543465006655],[-6.26415203808187,58.284695868039215],[-6.26689650781027,58.284828928918266]]],[[[-6.174309838715368,58.34121006465792],[-6.174572481887193,58.34090024627286],[-6.175186642623831,58.34110497402197],[-6.174309838715368,58.34121006465792]]],[[[-5.8249699264836625,59.13290379000821],[-5.812981098629779,59.11900734355492],[-5.840558435426636,59.11597633337017],[-5.836175164040051,59.12464271893386],[-5.82264797718857,59.12604474318414],[-5.8249699264836625,59.13290379000821]]],[[[-6.152703071115257,59.09517728361874],[-6.1590655915354855,59.093165685467405],[-6.150643550531966,59.09946076078604],[-6.152703071115257,59.09517728361874]]],[[[-6.216552471608801,58.485225812165794],[-6.216796569729171,58.48660582769294],[-6.216679283324837,58.48644788645214],[-6.216552471608801,58.485225812165794]]],[[[-5.812477123133035,59.114005920579196],[-5.810800660292843,59.11425749811059],[-5.811161196756157,59.11239052698976],[-5.812477123133035,59.114005920579196]]],[[[-5.845550758677599,59.11804499939377],[-5.844646140960704,59.118552795863515],[-5.842044222689815,59.11741184007602],[-5.845550758677599,59.11804499939377]]],[[[-6.2766311770503,58.51228231090914],[-6.27559295087698,58.51184248822978],[-6.276904274563719,58.51149117665549],[-6.2766311770503,58.51228231090914]]],[[[-6.457130845448562,58.41969383067759],[-6.457446722980593,58.41926992540117],[-6.458764705388842,58.41939037700365],[-6.457130845448562,58.41969383067759]]],[[[-6.708823958608451,58.33528014368052],[-6.708063781149884,58.33493886939965],[-6.709208773262141,58.33491637420737],[-6.708823958608451,58.33528014368052]]],[[[-6.269257294853689,58.515220013679645],[-6.268969242991545,58.515348183226116],[-6.269015486211677,58.5149277210176],[-6.269257294853689,58.515220013679645]]],[[[-6.272131323634523,58.51443147285439],[-6.272163861061259,58.514630347263875],[-6.271997302748197,58.51436342749861],[-6.272131323634523,58.51443147285439]]],[[[-6.27816047086992,58.511350318951344],[-6.278033523074845,58.51157757302055],[-6.27782971872375,58.511357765726636],[-6.27816047086992,58.511350318951344]]],[[[-6.697150418863886,58.337326955096906],[-6.697464229147538,58.3372897411076],[-6.697498769338688,58.33745760622124],[-6.697150418863886,58.337326955096906]]]]}},{"type":"Feature","properties":{"county":"Fife"},"geometry":{"type":"MultiPolygon","coordinates":[[[[-3.4604165816715717,56.02852853966684],[-3.521123942225843,56.041667555389026],[-3.546861485972914,56.039754382732546],[-3.5755238598426313,56.05886472605715],[-3.5904328475518867,56.05946149842972],[-3.586437249716153,56.05102051015012],[-3.593848296489757,56.04582466299046],[-3.608449001703326,56.046546947252786],[-3.617659655916576,56.05596611168998],[-3.6849997746518475,56.04779071234594],[-3.7392904966261904,56.07706120599356],[-3.7214449569464083,56.08778721994624],[-3.714621941148501,56.10448724372751],[-3.6744735355624405,56.10023176626159],[-3.6725830808326947,56.10779919558018],[-3.6287867178602142,56.11044066008662],[-3.6639387717760634,56.12304630237521],[-3.5809517191716673,56.13930976101765],[-3.5828869099255156,56.1508719667194],[-3.5639185876126454,56.15986910940993],[-3.546083849684282,56.15854354518572],[-3.5400065101999254,56.14646197453743],[-3.4537026700864617,56.15037781326985],[-3.410030899261657,56.1389439822949],[-3.369912092558938,56.145840349657114],[-3.3716850564594756,56.164428382004296],[-3.3455186341296805,56.17290344385292],[-3.313207527374151,56.16717698375874],[-3.292922138625296,56.17344418169188],[-3.309125214952545,56.1853048220084],[-3.2609445390028333,56.19607383837487],[-3.274917026189531,56.21413082532718],[-3.2648859411632833,56.22004268212644],[-3.290756836649392,56.22582329893831],[-3.279991115479994,56.23371715575936],[-3.367492982215228,56.239729059045956],[-3.353385149037158,56.25538907652479],[-3.383645788076607,56.26875687491384],[-3.3356506654542217,56.28939552319497],[-3.324862813608172,56.282795075012345],[-3.2937532131964153,56.28871190620364],[-3.2997509602705715,56.30995981998391],[-3.294483070543513,56.31125312960106],[-3.300684183395417,56.313969923510804],[-3.2560597796698105,56.3401239152323],[-3.2556517304961274,56.346314174383345],[-3.2765620043893775,56.350463944509336],[-3.2263158545774293,56.35506994825115],[-3.0350800906959483,56.41611509253676],[-2.99343575734733,56.420179116044935],[-2.9199784327127913,56.451760894171485],[-2.88640536094619,56.45236249886327],[-2.8550779633333505,56.43869425291625],[-2.8170981277024216,56.4449487522657],[-2.805019596502917,56.442157176073685],[-2.803593591066291,56.429538976420716],[-2.812379977895557,56.39371969949817],[-2.824344484723706,56.379926164179565],[-2.8533039670322995,56.36897588465685],[-2.882727937495444,56.36819118505955],[-2.8889754122426026,56.36577549703839],[-2.8906408913481894,56.3572364860884],[-2.9115055651252115,56.353935462530835],[-2.9260724374112614,56.341035624478984],[-2.9101798261057845,56.35371429967825],[-2.89521079703456,56.3538979031942],[-2.887451078389658,56.35792401797461],[-2.887676838746998,56.361859444719094],[-2.86407809557648,56.364139420835706],[-2.838789036965789,56.352964812508674],[-2.82076476157414,56.367075252929986],[-2.806167812799879,56.34449962124687],[-2.7795292210173135,56.33943030913606],[-2.7774342119215714,56.33273656653228],[-2.6603826237,56.31832368024525],[-2.630393779022276,56.292873758539024],[-2.5854501716941978,56.27912405149329],[-2.6028554516665476,56.26351891296953],[-2.6297825569895124,56.25737223259361],[-2.69527059376012,56.2195766072084],[-2.781604421093403,56.200885596517615],[-2.811535263721411,56.1844715479187],[-2.8693923828905885,56.18705815288044],[-2.867471600194318,56.19387248728601],[-2.8820300048386445,56.19289701933847],[-2.876036031805585,56.19624960808552],[-2.885001147099621,56.20373464273605],[-2.9433484185204297,56.21349354309993],[-2.9963081690525915,56.192390598061785],[-3.009151084506188,56.19446650288051],[-2.9974946559380236,56.19084546113326],[-3.0079370283259963,56.17926659456624],[-3.004896469148398,56.18558338725536],[-3.0632526929645048,56.15832389926003],[-3.0842219846597767,56.1397073414128],[-3.1493824606352225,56.11792973957972],[-3.160328743701736,56.09911227178912],[-3.158963931479709,56.0836601312325],[-3.1743796010555263,56.062600468761374],[-3.2167531168938206,56.06385107153341],[-3.23609611663386,56.053686710578525],[-3.2672493683052712,56.0592082922641],[-3.2842705903068072,56.05617119622201],[-3.283601703071318,56.05034479359015],[-3.2949618915361447,56.05295775215949],[-3.3206857658138174,56.03421257582038],[-3.334501767752006,56.039570741807566],[-3.3570922288595257,56.026078021558895],[-3.395419370641151,56.02915597636671],[-3.402773221462654,56.02414395978501],[-3.388755972633089,56.023373380203715],[-3.3916670364280175,56.005870466326904],[-3.4384599637945263,56.023780756327014],[-3.4559394282783713,56.020370455178835],[-3.4604165816715717,56.02852853966684]]],[[[-3.3025084643839424,56.03032579358157],[-3.2964705900765616,56.028719846866046],[-3.3069665257585505,56.02657818058341],[-3.3025084643839424,56.03032579358157]]],[[[-3.136338850962618,56.0358231468221],[-3.1303701316454142,56.02744597064203],[-3.1408165764865563,56.03399440142724],[-3.136338850962618,56.0358231468221]]],[[[-2.561162579739153,56.18960885064128],[-2.5447471367423646,56.18098539906129],[-2.5571198597100055,56.1831565251276],[-2.561162579739153,56.18960885064128]]],[[[-2.5626015007136895,56.19198166258228],[-2.559576088535453,56.18976250084777],[-2.567198817178246,56.191398124752965],[-2.5626015007136895,56.19198166258228]]],[[[-2.5653819421388815,56.19296686936718],[-2.563087354114345,56.19220199590494],[-2.5673483530693857,56.192234593869685],[-2.5653819421388815,56.19296686936718]]]]}},{"type":"Feature","properties":{"county":"Highland"},"geometry":{"type":"MultiPolygon","coordinates":[[[[-4.212066960945461,57.87329386429785],[-4.273023231529639,57.869182142972186],[-4.271099972842911,57.861329540276664],[-4.293467629022965,57.86408080401744],[-4.3443052404959674,57.8875300504628],[-4.362340012316913,57.90714184763361],[-4.396072856608898,57.91489372435366],[-4.403369860503471,57.92807563212041],[-4.413902012494683,57.93163979655103],[-4.409382290555296,57.93938024026423],[-4.425155495376811,57.94370597838505],[-4.41345102109382,57.92884853518935],[-4.401458367377191,57.9237602091793],[-4.396973360067237,57.90988807941277],[-4.350959665687094,57.89466875941792],[-4.349385277947642,57.887612201415756],[-4.362112505228033,57.88223905823009],[-4.358202717637098,57.878483183420265],[-4.300165529975845,57.86181569850711],[-4.2969507246169725,57.851899600334995],[-4.190984021186848,57.862250805019094],[-4.18836561649225,57.849641813015936],[-4.182738011630584,57.85603173740311],[-4.163844922585816,57.833676153223394],[-4.116629132084475,57.82989642553493],[-4.137681351646488,57.84477581344341],[-4.112780883443534,57.83415733993228],[-4.110137741756647,57.84097755930232],[-4.048117488229344,57.8152872739302],[-3.9663392948639067,57.8452036300114],[-3.912624673111596,57.83359560895833],[-3.9188846550070924,57.83792123315416],[-3.893486010313725,57.82484034569215],[-3.9159015433124855,57.83170886645256],[-3.91239063296786,57.827274274979445],[-3.9427604408148174,57.81989012169358],[-3.947392382072964,57.813525552862586],[-3.96185822071128,57.8182707861574],[-3.9488266635193727,57.81212262097283],[-3.8562258407579066,57.82525664871074],[-3.828382793947183,57.8353666794755],[-3.8112528689330563,57.860759937823126],[-3.772067110306442,57.866877212554925],[-3.7933174503896474,57.83645215639438],[-3.8705563650782637,57.776654616054465],[-3.916322483242121,57.75256293658097],[-3.9325667953654935,57.7276377465884],[-3.975277584217194,57.6943691689703],[-4.035585441829559,57.6951403892003],[-4.025464684877706,57.71941531910015],[-4.007805152895413,57.72958065031981],[-4.009463088161134,57.742328540830414],[-4.049962092770289,57.72941156566396],[-4.073183785380275,57.732262401087205],[-4.165858033930529,57.686158840202786],[-4.207425498363483,57.69265093055893],[-4.239350577494478,57.68799249074774],[-4.2385201347877075,57.68018373968935],[-4.288937904322869,57.68121936645806],[-4.301373994404838,57.67494469075188],[-4.301066045101889,57.66762629937709],[-4.279804504815592,57.66463901600241],[-4.331945471088657,57.65283463027372],[-4.36628887804931,57.62599267305456],[-4.412063237343201,57.60794988537972],[-4.42042410509207,57.59951474067209],[-4.415165429981365,57.597867225987756],[-4.407886462166197,57.59308976848427],[-4.415974920267372,57.59769227942109],[-4.4289069376590975,57.59844248595849],[-4.40679268229265,57.59274490873427],[-4.444306732061248,57.566935623988556],[-4.3679857223951615,57.60052360450637],[-4.325127407086839,57.6307589541451],[-4.2343132879913945,57.66934292016572],[-4.165522282176505,57.6758517635511],[-4.165149692387718,57.65692216200748],[-4.086705028842477,57.66452360547362],[-4.036912822413026,57.683860585974],[-3.9934699806702496,57.67737046709308],[-4.1020348237782684,57.607459078685835],[-4.112943680504198,57.5900951742822],[-4.091420033725804,57.57414052847947],[-4.140539054099709,57.577457549571314],[-4.174446477447089,57.56620648155469],[-4.175306887441052,57.55327549688658],[-4.188238278392135,57.54562835122086],[-4.252201336707749,57.549366556826726],[-4.19344838310508,57.53753201717088],[-4.234407666511366,57.50077634328264],[-4.375498849022559,57.51234605568758],[-4.435531584078991,57.496964296998875],[-4.429432953392006,57.493800310985236],[-4.437401215451252,57.48485669006531],[-4.454568402814734,57.48550676001806],[-4.450604919893411,57.478574915805275],[-4.461352600046942,57.48099663094805],[-4.463120648335796,57.47543846761402],[-4.475378147456541,57.47367804591229],[-4.476379875604437,57.4705131868031],[-4.449001496066405,57.478072311073724],[-4.451597444338692,57.48355083352135],[-4.435411034825073,57.48250672554278],[-4.413244322716214,57.497810583220755],[-4.3785412992646675,57.479295754253194],[-4.287457939935107,57.48133870849138],[-4.2375849348282255,57.495530009743305],[-4.234285197792375,57.48150413391828],[-4.23010292576961,57.48626683130304],[-4.236511909025358,57.49299449123735],[-4.220047990102185,57.49642681177287],[-4.1868049491988275,57.48383266446795],[-4.14983192991965,57.500285321715666],[-4.1473847524035135,57.51842866207752],[-4.112773240285077,57.51605957899989],[-4.107614647364179,57.52047398997442],[-4.118500413264769,57.51933927890514],[-4.102544801387798,57.53490345250467],[-4.040713360758555,57.560148498225146],[-4.038216202032466,57.56799126094141],[-4.047364271214442,57.57677330327528],[-4.075993620910221,57.58336538173832],[-4.058072852993548,57.59091840834992],[-4.016389822996451,57.59273176273575],[-4.012659017874136,57.60112551899744],[-3.970804625519886,57.58583050211977],[-3.9556259757960754,57.5885624681769],[-4.007772046649136,57.602687436837],[-3.930117826809474,57.585818394930236],[-3.860950960320257,57.590419075358355],[-3.7995591333074157,57.60983836966302],[-3.7789575202903167,57.62534041881845],[-3.8262230471798735,57.60729957864076],[-3.814997880646985,57.61690863010039],[-3.762799185761489,57.63058422523307],[-3.7387529341051855,57.59817922332681],[-3.7486823760929178,57.59089168468287],[-3.712338086726917,57.567139876408945],[-3.729730849646893,57.56096695277473],[-3.7206326051126735,57.55662080642012],[-3.7118708523179125,57.53410717169906],[-3.7223076150974417,57.52865192027513],[-3.6908857643670463,57.52022671373938],[-3.7053446496643905,57.51232638711295],[-3.682708323730769,57.48983142374925],[-3.6945267874539467,57.45538953756463],[-3.691429096973597,57.443356373503235],[-3.701302478699658,57.437271373586505],[-3.6598527891202686,57.428154644479974],[-3.617764137715488,57.435438430439504],[-3.609850091300009,57.44735833479863],[-3.5662550116819296,57.446928396162335],[-3.502771987002252,57.46067848650352],[-3.4811566365229347,57.437733580413706],[-3.4041763228402826,57.417130412247815],[-3.397655430253962,57.39565102366547],[-3.3856825923144527,57.38880749455732],[-3.398767038778239,57.382899751062716],[-3.394567046882859,57.37107433126493],[-3.4939366207572715,57.3046564578321],[-3.4938746404521717,57.296167292871324],[-3.449248870401547,57.280939985819096],[-3.4614137250110124,57.27417429544453],[-3.4477462254788245,57.2566026158367],[-3.4633565654362983,57.23785170485978],[-3.4392138127562735,57.232488771879765],[-3.4306438021998407,57.221230914518365],[-3.446797585880793,57.21208418531257],[-3.432102477932109,57.20416257801469],[-3.4524819113610454,57.176800898072486],[-3.536027358992537,57.167266220884315],[-3.560357657416997,57.14105527207895],[-3.583255719519883,57.13624908019049],[-3.6163595815424023,57.11270974830373],[-3.6546980076785838,57.115902010312396],[-3.6564651163599624,57.107765665667415],[-3.706166101801611,57.08929579448934],[-3.714890758201568,57.07898809421456],[-3.7497329678743734,57.076282559402465],[-3.7580642275079903,57.06930608124008],[-3.747100604085324,57.05766707441021],[-3.7324395464653635,57.05674318052958],[-3.757390848619784,57.03779704619085],[-3.7443961140741604,57.016711899686946],[-3.7482296774236388,56.99310914788148],[-3.758145923410665,56.9871434525493],[-3.760390837479683,56.97438472130266],[-3.787842617184067,56.96323123574373],[-3.8016462642035607,56.9358802547785],[-3.8242778505030124,56.9383867604268],[-3.8548326995083855,56.922788012077135],[-3.8947243495827495,56.922755532676064],[-3.9002880117974335,56.931840528874176],[-3.936367277218385,56.93542889834035],[-3.9386133733759707,56.948620526004355],[-3.950685399870011,56.947116338919415],[-3.9694055435779174,56.929377503098834],[-3.9707087416023445,56.91794091652907],[-3.9624121446739307,56.90980040679165],[-3.9677633442748337,56.899279570194956],[-3.999384805579723,56.890290442984245],[-4.011549626438769,56.898021267544266],[-4.022892208220794,56.88875268766743],[-4.034755624024423,56.90148757704216],[-4.111457905565844,56.894731248931],[-4.168270726151292,56.90469811741965],[-4.17449212696619,56.911706825257625],[-4.2055409281284675,56.88444696875334],[-4.191918298072034,56.87746659356026],[-4.199399781399244,56.87044271494018],[-4.216953728720949,56.86899994642349],[-4.227695991392901,56.857602990348724],[-4.303959226804489,56.851397208527885],[-4.329722021046605,56.83696748299005],[-4.330510174879621,56.82393138155385],[-4.374263661958696,56.832259004469535],[-4.441843787148577,56.773843190678974],[-4.469098029489383,56.777858055118784],[-4.517285994373855,56.804906635933584],[-4.528527744990821,56.80131800201058],[-4.549652901602046,56.781947411850766],[-4.5467931935400445,56.77236718445221],[-4.589871690443102,56.75988126808758],[-4.575995372050819,56.734788960193306],[-4.605916664713415,56.70795935549553],[-4.591207656990739,56.70446928265968],[-4.592015914572287,56.69318241752449],[-4.65756892607617,56.67474153154335],[-4.717536244474079,56.67658750761212],[-4.71542043417938,56.64232822204587],[-4.664136821349416,56.63979740376457],[-4.6298110996923985,56.655015642088365],[-4.631201801174571,56.647580707914656],[-4.618305336178098,56.63781413051542],[-4.636796343962373,56.6250253258228],[-4.626423674326964,56.61559701502271],[-4.686574883546219,56.600628016389244],[-4.7022285905236,56.605555411698475],[-4.726188249509082,56.587806557757034],[-4.779442900740018,56.58776924395429],[-4.801100310781792,56.57359890460903],[-4.83002482695312,56.56921788383566],[-4.838609610824815,56.573839594839185],[-4.87852154887988,56.56604983416522],[-4.947472349140218,56.57572684720054],[-4.951532236135658,56.56368039957766],[-4.985127300566707,56.55648691423518],[-4.9943197301900675,56.54213116582769],[-5.051884831064833,56.53617714976106],[-5.061742715090819,56.52710748137099],[-5.095919649625908,56.528485585071536],[-5.062460474558683,56.55920314019174],[-5.065990642863116,56.563458543552365],[-5.0779240883831225,56.56053690088454],[-5.097631850277872,56.53574457871042],[-5.114462683901657,56.54797191328571],[-5.099674358000458,56.55528584510611],[-5.095432453305554,56.57388176662542],[-5.108902262600673,56.58748721619744],[-5.086744617794085,56.59624191471],[-5.079950723583746,56.60945410044094],[-5.118842837479829,56.61656446460711],[-5.153069593628708,56.612824541549266],[-5.152977835718106,56.62666995750342],[-5.213821239020436,56.631916935726125],[-5.210755563621666,56.60976574739637],[-5.216473527166717,56.602156823445654],[-5.249668458111236,56.59216006246618],[-5.274671035132386,56.60072244262911],[-5.297372285114996,56.59800068012013],[-5.325090532327128,56.620649640013646],[-5.295919981570624,56.63894885963838],[-5.300928741443909,56.64725537716703],[-5.32641640002619,56.64711910474835],[-5.31739093003566,56.653410233302715],[-5.277882756545133,56.669789298145666],[-5.252490337668988,56.66554392177103],[-5.2235816267278645,56.68628012002534],[-5.182237497040186,56.688045509548694],[-5.1383697445489265,56.67768773806735],[-5.107981295796414,56.68156509720493],[-5.100529447560766,56.685219763514944],[-5.105023991869467,56.69205513869136],[-5.0489957558834,56.70454293669953],[-4.969467555170911,56.71454231841857],[-5.012956443560927,56.714242650286884],[-5.162145732959284,56.685237966633665],[-5.167157136064412,56.69266671482979],[-5.185613461842105,56.691015154326905],[-5.185278420187085,56.69990342986159],[-5.247397788544836,56.70301138981252],[-5.229095421834256,56.729423207606324],[-5.108871372453504,56.8228545834662],[-5.097086427147342,56.82279366421294],[-5.089496415531897,56.83036976819434],[-5.095146389814978,56.83447776265244],[-5.08602660974137,56.833789584394026],[-5.0933824308617615,56.83561545169527],[-5.098571568299855,56.83304907107613],[-5.098479810694033,56.83467275125777],[-5.102168141912013,56.82663589921694],[-5.111156292889249,56.839125750616525],[-5.149776910786061,56.83893622059283],[-5.191424604607684,56.855146029730655],[-5.3353276918626396,56.859461809903074],[-5.338732844590712,56.85541536044024],[-5.309248942668462,56.846528575273],[-5.179815046820767,56.84607052163345],[-5.150427247845253,56.836482497197146],[-5.123762436308453,56.834043909737],[-5.126972211640455,56.822124258290444],[-5.154479619302198,56.80087188550551],[-5.220516050620779,56.7649087660928],[-5.240240189909175,56.766816872213916],[-5.230742708361385,56.75103245872694],[-5.256520723319466,56.731991027733514],[-5.242709031285836,56.720243965422476],[-5.273969733882081,56.71243558076691],[-5.284274869311976,56.700620825230054],[-5.287687963904564,56.70975026888732],[-5.3064219673399275,56.713990526977476],[-5.298932377934941,56.71228265996113],[-5.360829202985572,56.68264246320918],[-5.35527523993294,56.67514024649847],[-5.399313453729143,56.64667054522299],[-5.43416780383146,56.64275999340318],[-5.4702711103894766,56.61528138376783],[-5.484296891284512,56.61717690717872],[-5.488077008581124,56.61017085068743],[-5.528424960613366,56.61626437750132],[-5.492194112771883,56.606297277473686],[-5.546165583500211,56.5620501294496],[-5.547782933436884,56.553593266646814],[-5.598675726002702,56.52537178577896],[-5.685401465089753,56.49713812419233],[-5.695150904411701,56.51187218150026],[-5.74569146860421,56.5250919664632],[-5.754855710152977,56.51888356749694],[-5.771402503860139,56.53254104239065],[-5.74043686546626,56.56225526195224],[-5.748169532154933,56.564863292627656],[-5.7842587358265645,56.53239598170711],[-5.883399477063532,56.551650314561776],[-5.904523004090988,56.55115578316753],[-5.959621024486422,56.58242046301077],[-5.978352040366543,56.61037658107188],[-6.001112333354704,56.61987022232831],[-6.004017402830919,56.64935197003369],[-5.906078592741378,56.65778690762867],[-5.891473953935338,56.63934861517453],[-5.870375011187802,56.63927465006006],[-5.830685849262244,56.62115021267396],[-5.8274077309386305,56.62807131053581],[-5.872258565879477,56.64264214538344],[-5.879560392337156,56.65306485401902],[-5.819146216773797,56.666934853047906],[-5.746759086109318,56.70168985341847],[-5.722363462599542,56.6970411783676],[-5.70462297360285,56.681661317400405],[-5.673794781387362,56.67701509775346],[-5.610433269691482,56.676690680792596],[-5.534312965706776,56.688923868161794],[-5.56017687547536,56.68756150398726],[-5.572092666873454,56.69541480034195],[-5.654652547720408,56.681899291785385],[-5.664803666251253,56.6886898012003],[-5.6836546858037345,56.68940954927812],[-5.678286718393436,56.692162306870905],[-5.717982663600484,56.71035306438721],[-5.769958982820773,56.70831952487003],[-5.777522609808567,56.71680695912206],[-5.779204920676916,56.705945695264475],[-5.839693946246922,56.674635175095474],[-5.860773024943578,56.680903518012826],[-5.926288379316543,56.67571416881882],[-5.927314299385447,56.68344184861376],[-5.945618981890382,56.68865067149532],[-5.972355754430769,56.68184230457983],[-5.974290271244125,56.672467092403686],[-5.987450950560163,56.68487788918602],[-6.030203077123029,56.68030742704175],[-6.051520499939502,56.69304043159326],[-6.096470557313037,56.68794223393054],[-6.112064960991592,56.69123926519359],[-6.109904284311823,56.697466243250894],[-6.141496033922911,56.683255104530424],[-6.184426603930754,56.68731732849706],[-6.213991755369582,56.69968275994478],[-6.227942830227299,56.715603957664676],[-6.220514996943618,56.72271802831078],[-6.226599452939539,56.727581623861525],[-6.211203058271234,56.725743236428286],[-6.2076980952401515,56.730674965380885],[-6.211677873732975,56.73509539731848],[-6.183535039893467,56.73671471246176],[-6.181150742687566,56.743978476993604],[-6.1883715075977905,56.746155276417795],[-6.182002611906101,56.748602846464756],[-6.191206427800841,56.75334104528614],[-6.167796955068339,56.751496673516385],[-6.117968754591712,56.76560116669732],[-6.064953023414046,56.75862525311668],[-6.049720563496124,56.76660793342746],[-6.017425531108754,56.76389450659731],[-6.013760294871377,56.772234512054126],[-5.971330861005055,56.77237461140138],[-5.965925862103432,56.78469073727009],[-5.945516090911361,56.77809145093815],[-5.909458561133208,56.749789062140984],[-5.886226998162157,56.76332075856287],[-5.869693555860769,56.75547782835523],[-5.87704199541246,56.745475162715884],[-5.84452889370542,56.739339619191476],[-5.851989469556348,56.74716101612956],[-5.834145247613215,56.74496221853717],[-5.852438456482096,56.75257809261294],[-5.849370786470463,56.760225066355176],[-5.8895998398506,56.76648397617071],[-5.882410570061198,56.77019264005063],[-5.893783114011151,56.77414016952549],[-5.886990400990382,56.78526602838576],[-5.858005582151216,56.77778024531411],[-5.855030836227416,56.76760117115915],[-5.852791381628657,56.779556212442834],[-5.836916311388713,56.77807652604726],[-5.831185481866696,56.76987548959997],[-5.822873020512159,56.7856982227008],[-5.803801700475265,56.783992537877154],[-5.795329715040496,56.79093590364366],[-5.780097799536013,56.78267768134586],[-5.746761852757733,56.78417063377509],[-5.8650035067977555,56.81066170834133],[-5.862826755000587,56.82066654131363],[-5.851949336726941,56.83339982007194],[-5.816641739112863,56.82800871121721],[-5.808412016000633,56.83751271500364],[-5.785931873811611,56.83667793738759],[-5.757395698322921,56.8480599230153],[-5.717620024689015,56.84402545772334],[-5.703886988903676,56.86217348027499],[-5.66646577971486,56.87496090456014],[-5.689180959506538,56.87982685032037],[-5.726266151782577,56.85103209531226],[-5.737251935981513,56.85587763785644],[-5.7564529249344805,56.854972404320854],[-5.76149392086489,56.85965319612291],[-5.788888919887199,56.85994934601616],[-5.751407483565026,56.8818921466616],[-5.723532553622489,56.884911114450254],[-5.740447665190293,56.88825773519241],[-5.729876379457873,56.89235946622994],[-5.7377216030116065,56.89614817305198],[-5.863713187308267,56.88423539406846],[-5.887280804736901,56.874183319058034],[-5.907255903069877,56.88423235334876],[-5.915092777086065,56.880665895156085],[-5.923133784472744,56.89130910301875],[-5.886503177906882,56.9052612155745],[-5.861683717451434,56.89368546153252],[-5.84363264422476,56.906936141875676],[-5.850569925178821,56.91326633803754],[-5.87253117235573,56.90973648922472],[-5.882878352097038,56.9226236883271],[-5.856039194954027,56.92679969907848],[-5.867475012496173,56.93402760908541],[-5.852806270898109,56.94084627024353],[-5.8537343327172655,56.945036448760966],[-5.860019385656732,56.94674889942076],[-5.844772072516374,56.96688589654432],[-5.817315154859511,56.9594965222458],[-5.8253795933584,56.97479570910131],[-5.8472263489255525,56.97256030059405],[-5.843418486974443,56.98974755728781],[-5.831080672707064,56.99353413884241],[-5.833871652717167,57.003230140961655],[-5.8207111662720665,57.01186281341991],[-5.727317625134934,57.018317409211356],[-5.708580158342998,56.99098981334389],[-5.63488044898302,56.96987336066312],[-5.607350202418425,56.98272849898076],[-5.508671101518186,56.99375020204552],[-5.524825325157542,56.99962910583919],[-5.5198310513908355,57.00717768825147],[-5.617673232907045,56.982447311443],[-5.662432471202589,56.99487257088147],[-5.684986365669721,57.02094780820884],[-5.670114145073779,57.027102545736184],[-5.683012508578487,57.037501963751495],[-5.745285290076615,57.034777709391115],[-5.732729384815856,57.03200183430164],[-5.740214251638224,57.02805596918849],[-5.754405714512007,57.032513919670144],[-5.762070769530033,57.051455518698255],[-5.781486862039597,57.04432509882548],[-5.791473998082612,57.05277946509384],[-5.797618091528637,57.065265975026456],[-5.725519408938823,57.10136478709176],[-5.730390391794336,57.10265375239987],[-5.72192509652106,57.118221440025565],[-5.645893657674071,57.127735970437286],[-5.591922962121436,57.119276452617015],[-5.5672100215987586,57.09600630645192],[-5.5205736545984365,57.08162132268454],[-5.509703547541571,57.097609550885224],[-5.417002031094546,57.110126073183935],[-5.3849387310500205,57.10688884451711],[-5.422806236146946,57.11555005971845],[-5.486579747453227,57.10113609524536],[-5.527444937506968,57.10188895687984],[-5.5528085893154655,57.11248103049482],[-5.552417474053983,57.125847614681874],[-5.561503318702396,57.13359691409999],[-5.611092636394815,57.145762801593385],[-5.660517467988998,57.14247611486707],[-5.679108504926076,57.147991042417885],[-5.693043690597575,57.16912235309791],[-5.6766271054746635,57.18402306968038],[-5.631675002505595,57.20028102553721],[-5.635152047767052,57.206950046377166],[-5.623552255783991,57.220036980488935],[-5.655286211874144,57.227113410233315],[-5.652994013598611,57.23814292196012],[-5.635998406565925,57.25041873716089],[-5.584249081428577,57.255648640629715],[-5.542691397407113,57.269288211957175],[-5.523532564408785,57.26945005198197],[-5.481784900099524,57.236099209168124],[-5.432930621951664,57.21215354843995],[-5.4187410087108,57.218457144570785],[-5.3925343960118,57.23243972873046],[-5.451190720779492,57.23721246001943],[-5.51670313224468,57.27394236796425],[-5.48643572461794,57.29705060986871],[-5.485515023300392,57.30628715958494],[-5.4303648163255085,57.31489604133137],[-5.408936266884814,57.31004815474091],[-5.441916397300742,57.31939871753534],[-5.465083372956486,57.31586451454735],[-5.490017875995944,57.306543202683294],[-5.4990502881836765,57.292776620231244],[-5.517313452114875,57.28940582387206],[-5.5205524514039634,57.2777558448511],[-5.555405187068066,57.27701803489116],[-5.558243706285518,57.28360279017653],[-5.592525285340354,57.270799696392444],[-5.600250063048626,57.28088299211127],[-5.618168444912493,57.274333456300226],[-5.647943721045268,57.28713704869178],[-5.673145808756709,57.28031822123386],[-5.733581864811974,57.28324132795775],[-5.718128900790408,57.28353855588924],[-5.72944958113657,57.29663043435458],[-5.716497437700861,57.30307877187064],[-5.727423495185097,57.30454942900694],[-5.716486225660742,57.31520417976373],[-5.701797813006192,57.3179250209447],[-5.697150465653972,57.326598093690166],[-5.670948155278825,57.32731218979884],[-5.681311517821209,57.32828359259048],[-5.677602157332194,57.33507415112095],[-5.685877417437035,57.34141037317386],[-5.64380917811658,57.34588718314302],[-5.661697164132935,57.33490673488349],[-5.650422333548139,57.33442124117855],[-5.582586555955557,57.34342767283369],[-5.586603314019169,57.34807961351515],[-5.577233661534486,57.35380462956058],[-5.533900744653091,57.35310664422379],[-5.457358221283413,57.391261890431835],[-5.452901968638983,57.4048792495465],[-5.435397080001962,57.4153528486099],[-5.442191931835432,57.4227064924787],[-5.467449380620199,57.41832107714173],[-5.5082127298932155,57.38920004555335],[-5.498667080730839,57.38801684242682],[-5.5180784107857015,57.38333554547515],[-5.552026890040946,57.35818568397126],[-5.601635713884997,57.35524910779935],[-5.612980479115037,57.35910585615442],[-5.599588283672005,57.36514121591178],[-5.6357069513506515,57.36662787679137],[-5.633961014036548,57.38004513455131],[-5.594052943370308,57.39097974805519],[-5.6149635481457745,57.39949364150944],[-5.607822678406028,57.421062628717486],[-5.626352075970244,57.39878205674608],[-5.688762028684657,57.37847783163934],[-5.733084771770511,57.35438818095237],[-5.7884386132981,57.34638292934243],[-5.804511421034665,57.35841293009188],[-5.808136968128785,57.376247544289406],[-5.8161299164708025,57.37015376997042],[-5.81338067514724,57.36227556754233],[-5.821984232231955,57.3634888063037],[-5.831252762102738,57.39106564608114],[-5.819154052967381,57.38849363434465],[-5.8204324213027725,57.40083783295616],[-5.805996572192256,57.39132732547398],[-5.81084506398195,57.4059652076788],[-5.824989666895389,57.41175385700581],[-5.806137873666583,57.43901629897722],[-5.853860712422084,57.44241093169379],[-5.8642928458590875,57.471240340580316],[-5.872877639404877,57.47414145709423],[-5.870350977688806,57.50338665387487],[-5.853999382560523,57.526487196094756],[-5.853996463449433,57.549181534631394],[-5.845350659792474,57.555176478294385],[-5.849952818288961,57.561697879149015],[-5.835849407934319,57.559062252944656],[-5.841905835666388,57.575084031296804],[-5.836253902918546,57.5790187715774],[-5.8202516017508605,57.57725219615546],[-5.822681385878064,57.58206062216463],[-5.812134554026518,57.58569264788169],[-5.798599958445885,57.574336681954755],[-5.7825759977852975,57.57408880863752],[-5.7682736829956305,57.55943615580126],[-5.743306426508755,57.55397166077452],[-5.749453680148482,57.55056591760318],[-5.741613951595203,57.543190981965],[-5.727135511022974,57.54761787775035],[-5.706606872717885,57.53970463892855],[-5.717288574560616,57.55198572232578],[-5.708869762754367,57.556274798001404],[-5.699394330623467,57.549632865318856],[-5.698146642092103,57.5429109126557],[-5.704806709629325,57.54444603163946],[-5.697214571627077,57.53001282667362],[-5.673540017640074,57.52661711450869],[-5.649624897648662,57.50890899564643],[-5.6449635822910675,57.51291415774656],[-5.656481760317226,57.542166243579366],[-5.629912417316,57.53256842897597],[-5.63326660391644,57.52269959203725],[-5.620962641510991,57.52079267440882],[-5.625348484844235,57.530759342835154],[-5.60599641433223,57.535695735060735],[-5.573252365875797,57.528914647027456],[-5.577052958045983,57.536057141990995],[-5.564730039833865,57.53089097706384],[-5.561505294410778,57.5381739574603],[-5.533115489675705,57.5292316661073],[-5.510867154522466,57.53704856857138],[-5.522849282490872,57.54634395108681],[-5.516780567537415,57.549573429150996],[-5.589203848908826,57.556790462251485],[-5.635248990514624,57.556234756221286],[-5.636488516401306,57.55023770396804],[-5.668535029100313,57.54567502808906],[-5.67024541664482,57.55316143850454],[-5.703908390596688,57.56373876420418],[-5.701435505671935,57.57072735396933],[-5.681450366505413,57.56755636412155],[-5.685659810577424,57.57691097116839],[-5.727818618742191,57.58551046854024],[-5.736703812647739,57.596966726598474],[-5.733328828039212,57.60674485354149],[-5.755621562064144,57.6235971275755],[-5.800396916229014,57.640647709297625],[-5.818914616894176,57.638974145301916],[-5.808527813530911,57.652949407422994],[-5.811736937195405,57.660875990711624],[-5.787426242229473,57.68341342438372],[-5.789207134898291,57.69737219589105],[-5.738135426117386,57.70841581488466],[-5.726395979409393,57.70408539757262],[-5.730870350388177,57.69852968379312],[-5.707095682990115,57.699440515357864],[-5.683859566354436,57.689010584055936],[-5.678936181044072,57.69066705838985],[-5.687862289486836,57.699162546365926],[-5.671692717440818,57.70145827975071],[-5.677912243980747,57.712583585957454],[-5.693821204818243,57.71167296174123],[-5.686664554392097,57.71831349011936],[-5.696441635540872,57.73013347056356],[-5.759877535042042,57.73140515817639],[-5.81298294589838,57.749888500280406],[-5.800911602351201,57.793411527251074],[-5.813939426372758,57.818229650613986],[-5.816327964568304,57.832201157515826],[-5.8084403988450415,57.84113698608436],[-5.814143811398383,57.85854209787268],[-5.7793885738879185,57.85885511421191],[-5.761015560682421,57.87027567267195],[-5.683999430946078,57.86458737935168],[-5.692558694441153,57.84376287086824],[-5.679699624788227,57.84268689615833],[-5.684866186178885,57.83450405364766],[-5.667399881953365,57.832241094523],[-5.66137335079124,57.82272234879612],[-5.668842523528387,57.80006769348692],[-5.623483641226359,57.7683182449185],[-5.6031499909071165,57.765204891425995],[-5.596293823554949,57.77320663328542],[-5.622262651333776,57.78978952160597],[-5.608551208031498,57.79643810481821],[-5.599213081886948,57.79354402433026],[-5.604743966299457,57.78697238386285],[-5.5790942803200005,57.790511376777175],[-5.5804882125053865,57.79884859390769],[-5.5976863654389595,57.801876034497724],[-5.584238096053589,57.814654341667776],[-5.581823755559386,57.83602012980639],[-5.595951180294931,57.83836360080803],[-5.604999200379788,57.85055729534019],[-5.642668168095947,57.856030968112364],[-5.638472009873663,57.86305575961338],[-5.656026032460996,57.87845391428067],[-5.643388949466793,57.88323619728586],[-5.65587732397675,57.889039289570576],[-5.645522065277377,57.90320433519776],[-5.618401668292769,57.92433815891363],[-5.581434837520307,57.91951877614391],[-5.581275235126751,57.91386239024444],[-5.561448642677326,57.91778344575994],[-5.551668145731168,57.912832027590305],[-5.559870912887786,57.90278021207821],[-5.548315477931895,57.89919981893574],[-5.553238415024769,57.890140838272416],[-5.540512205478424,57.869540494374185],[-5.4681389716897435,57.852485534677314],[-5.452096470241771,57.85302686031921],[-5.4545191927629855,57.86862667539179],[-5.441707548564068,57.86981773978199],[-5.442323642201694,57.87876307158808],[-5.43155772252422,57.883109795180566],[-5.440075302492875,57.88671374156122],[-5.437558278598087,57.8936118299181],[-5.422308521498781,57.909237954173484],[-5.349536870834699,57.88597766741521],[-5.310403589969469,57.86082883281043],[-5.2194093147456595,57.84144414234242],[-5.221127002297473,57.84808410253538],[-5.212518683904795,57.846335959969835],[-5.2417355363525635,57.85698378406944],[-5.243215598098899,57.86643032909816],[-5.309397566607532,57.87854167997526],[-5.338827035908151,57.906318984017624],[-5.393955231067089,57.91272210961985],[-5.40583812819517,57.92727231739027],[-5.3723700491830515,57.92973454674236],[-5.372421824396192,57.937336247448094],[-5.362708405389424,57.93873925421019],[-5.353079838282036,57.93378802560631],[-5.355419636114843,57.92672317392029],[-5.330408262760943,57.9143423061366],[-5.29727713967134,57.9103780634232],[-5.239654700672082,57.91765072709553],[-5.242300737247537,57.91272054134552],[-5.217453156777295,57.90936227695239],[-5.1518335663172445,57.87547113326493],[-5.127862204599802,57.874609442011575],[-5.070755168127335,57.81978074840628],[-5.065494235403537,57.827324669098445],[-5.099060072559397,57.86936844570934],[-5.133134275887758,57.88048221086532],[-5.1515987091459055,57.89634763484339],[-5.1656949027674495,57.89310350270135],[-5.166610894096468,57.9016469990398],[-5.223418532860217,57.924931076803055],[-5.179455722195023,57.941009215925305],[-5.174248118619378,57.95623732384881],[-5.192436175027721,57.944319847171194],[-5.192233740232847,57.957455588869934],[-5.225604249562061,57.95802356261245],[-5.2461452102791775,57.97087004447667],[-5.311002102210779,57.97930884599905],[-5.307543016685568,57.98839542290189],[-5.330853623212787,58.00680867083601],[-5.354951415079342,58.00640150566842],[-5.347274111468653,58.01355362714006],[-5.357038358039515,58.02638247027087],[-5.419571038591902,58.032593467913166],[-5.425086731247678,58.04011239086742],[-5.412572872377408,58.052846115628704],[-5.443990741160852,58.06207389480017],[-5.449938499220277,58.07756239822242],[-5.45518144950246,58.07119621853774],[-5.457728541374032,58.077144169284516],[-5.446312911778988,58.08034384481461],[-5.454625486410721,58.08374094010688],[-5.4466880400234245,58.09714738355052],[-5.436646474304847,58.096268367117396],[-5.437363891126499,58.104419837937705],[-5.4274039566526175,58.10617606477971],[-5.380575212677044,58.087410707736495],[-5.3570305944773065,58.05757645394312],[-5.351742037693001,58.07866360002117],[-5.300580443168786,58.064186260850455],[-5.292849159524359,58.073772447445855],[-5.279196040788506,58.07372750269844],[-5.28826919816384,58.08300287974549],[-5.275107892704556,58.08435077175008],[-5.281434604420762,58.091354072895726],[-5.273504208256558,58.0916796392327],[-5.281884759628264,58.09486583249815],[-5.267560738974492,58.1018451467087],[-5.274476413258207,58.11088027902574],[-5.285783336588602,58.10782823857912],[-5.278870678155764,58.114623093880056],[-5.3029140984179275,58.119551744928124],[-5.262200348875637,58.121392415381194],[-5.2983751280955556,58.137314049989186],[-5.25801699085493,58.13742186098295],[-5.262535818259491,58.142289433955725],[-5.25137924979641,58.14206302480275],[-5.251135411254575,58.148833626232275],[-5.239682622633891,58.146667156731624],[-5.237506318744348,58.155413836421786],[-5.2695117475421185,58.14758493278686],[-5.309700865561551,58.15501394513543],[-5.2787605210204855,58.166891823823306],[-5.309974365753054,58.16234572779544],[-5.318074144131728,58.169873935655104],[-5.3041349148883885,58.175745886401835],[-5.3322391567612195,58.180627383148924],[-5.344567798102722,58.1922538968023],[-5.339583907865794,58.19947344943825],[-5.3590079570728575,58.20316002395368],[-5.361624538506648,58.21789320962348],[-5.404764798423354,58.23581540497077],[-5.397643397841649,58.25141610854956],[-5.376172545651876,58.2641742691581],[-5.367737555765,58.251238083651096],[-5.338328019927446,58.25147720080785],[-5.343496497301984,58.24281613503245],[-5.319780208450784,58.23980762652622],[-5.310258709174775,58.22420244619437],[-5.250890813333839,58.25011372342706],[-5.239679375420757,58.24892623290759],[-5.23528493187999,58.253076101575964],[-5.229280800748646,58.24519014147185],[-5.218002680438231,58.25591410088792],[-5.203647464824405,58.24646081021769],[-5.180763048719481,58.251122595537105],[-5.174420076185872,58.2384417530892],[-5.158704777822105,58.23295838293861],[-5.173213926803529,58.24172526179745],[-5.165528220459112,58.258358868149955],[-5.154081445229506,58.25274194164613],[-5.125993529309529,58.25845238457393],[-5.130061367331738,58.25170201634387],[-5.120302538111115,58.247357372031345],[-5.1202824178189426,58.25778773158986],[-5.132526308397051,58.260625655893826],[-5.109110467502027,58.270098852097426],[-5.0539543823899304,58.24581658393024],[-5.049987331013706,58.25151941207357],[-5.023718163218852,58.249735835943824],[-5.028244842438143,58.25343903532852],[-5.020966043983818,58.257453439983806],[-5.007466916919623,58.25489633232511],[-5.002638479596651,58.2404538138015],[-4.935409760290383,58.21453089143689],[-4.947317492866082,58.23067339868307],[-4.994716419487184,58.25058129091354],[-4.923058597882825,58.25759385464754],[-5.023014015934573,58.26417668213088],[-5.037628358755991,58.259987855773005],[-5.022987925455171,58.25883099112349],[-5.030811691383714,58.25542015797858],[-5.08224627980703,58.264090513840124],[-5.108968649028962,58.274697685724384],[-5.102370091762145,58.27727738752061],[-5.113059740057137,58.27936852243219],[-5.1081796312397305,58.28321424023898],[-5.12319079011924,58.280256966892765],[-5.119950230911103,58.28608359924901],[-5.1266664239605975,58.29044456707127],[-5.120649814003165,58.293829796580724],[-5.139512177430587,58.29108466755549],[-5.134295401140761,58.29815747485241],[-5.147515233230252,58.30064072790085],[-5.127309000419393,58.310668358062856],[-5.147066242790656,58.311809993551776],[-5.127547906956207,58.31994017735212],[-5.143120573398005,58.32746883602734],[-5.162711284829755,58.318483416667924],[-5.168339920306796,58.33044118920763],[-5.158376085513769,58.3352938672625],[-5.182875591653243,58.351075204125436],[-5.154594283523328,58.35287513068775],[-5.175928895675075,58.36195212627732],[-5.144460912674384,58.385283587734804],[-5.153347759426523,58.40075699983238],[-5.142173582297452,58.412252571371155],[-5.116355637913389,58.3958752744052],[-5.089804448464202,58.39400278217607],[-5.093934620814814,58.388497164155304],[-5.0791281175700655,58.39257914135005],[-5.079424897757358,58.39171708702075],[-5.075229114016364,58.38742034816426],[-5.064180466911573,58.38978822018608],[-5.068034691164708,58.381989605804975],[-5.0371677023680315,58.38105005425227],[-5.045295114980717,58.373316689906446],[-5.019669425399569,58.37671736659771],[-5.044517690288683,58.38621815227113],[-5.032245198776516,58.39285892721709],[-5.0629103884608675,58.397623362078974],[-5.053996739194671,58.40438876318987],[-5.070715705043322,58.40242012106428],[-5.05238142078794,58.41144168826024],[-5.032481275115271,58.40983874024179],[-5.066639766181267,58.41480801749241],[-5.068606612429274,58.408556067895006],[-5.094758183250547,58.406959445714044],[-5.111560097085074,58.415494566860374],[-5.072427816502943,58.415388178024905],[-5.115625059813361,58.42839555185479],[-5.102768839030442,58.43863863647183],[-5.0830751432656305,58.437447216077814],[-5.100257947571908,58.44055074092709],[-5.090335240089399,58.44472894378469],[-5.061369730176817,58.44877939860204],[-5.0749478849530965,58.45182876302003],[-5.030651014051007,58.44816374261573],[-4.993094773963669,58.423117336239656],[-4.988195549669825,58.42653173640875],[-5.000973722170135,58.4356950911504],[-4.990999922288732,58.44025109657866],[-5.0155938826199895,58.44515357835516],[-5.019646654382431,58.45075665938089],[-5.0081287393330225,58.44940467073662],[-5.016580125577948,58.452663138851975],[-5.077127094443058,58.45694849382921],[-5.055748765539122,58.46391024479759],[-5.086376718827824,58.469249492987444],[-5.086264284840566,58.47731273462154],[-5.101850327467708,58.482722314184684],[-5.114855290931931,58.47857088862795],[-5.125595280383184,58.49369863607782],[-5.1192383647416735,58.495520497335356],[-5.113020727411488,58.521786486420254],[-5.091215438273815,58.53686860431772],[-5.050582534373461,58.54077106651063],[-5.030260047704955,58.56168425452548],[-5.032424767110355,58.568912437547745],[-5.013940679236507,58.577799839584635],[-5.021946071375393,58.579049516613836],[-5.010369673363016,58.59270271375984],[-5.016342354287371,58.60008893221431],[-5.008542716573907,58.607793740614056],[-5.016225866228102,58.61493412868859],[-5.007050368940203,58.62568965853208],[-4.956762109024459,58.6097555365207],[-4.93610419531395,58.61692876295543],[-4.876387494018578,58.61495931889546],[-4.848910924224786,58.599459561596866],[-4.824903906412054,58.59678558248881],[-4.816709237004085,58.58705569883814],[-4.820385336557371,58.56261297096054],[-4.7932013676544,58.54670462137901],[-4.831070279357824,58.52242990400237],[-4.811455558465741,58.52663997455272],[-4.812912090980416,58.510835652657455],[-4.809156348372891,58.52066518056185],[-4.797609837796976,58.523635816452035],[-4.798378538417249,58.52735274810059],[-4.783227309444739,58.53892820593298],[-4.7784288532802135,58.54724726417239],[-4.80628971588146,58.56322743368872],[-4.796715534113136,58.57643461249102],[-4.766248178404837,58.57888461651141],[-4.791621568604592,58.60069606932053],[-4.768061184907901,58.60508130012299],[-4.766733835920219,58.5906528124526],[-4.742510954549793,58.58410048267506],[-4.74452362947684,58.57552731932022],[-4.734387559147571,58.56635796316491],[-4.717738599116127,58.57027782626408],[-4.719989797896908,58.563867414415114],[-4.706048986031021,58.56607243888555],[-4.705639378324088,58.5574170056592],[-4.654317565958093,58.55129386976351],[-4.664126428685517,58.54859964012633],[-4.654200053747079,58.544519191298775],[-4.653361784660553,58.53275208022223],[-4.716586888654342,58.492507303401204],[-4.761268200848022,58.44934132563163],[-4.746786271567455,58.449486434746575],[-4.7525164256456724,58.445054697727564],[-4.736267849589204,58.44659344825051],[-4.722696744008036,58.463816351034055],[-4.70038454436682,58.468368014699756],[-4.694635817369305,58.477838628027136],[-4.663489929902119,58.482694887588636],[-4.6608680639354825,58.49599857504701],[-4.6686990113765745,58.49820176213988],[-4.644525256521728,58.518735465626804],[-4.619301764108755,58.523576776368465],[-4.62242868476636,58.51208803597028],[-4.614885264186633,58.51398067333469],[-4.593261187000698,58.534627493606614],[-4.604433090108089,58.554353134259195],[-4.594663448853176,58.56393604332704],[-4.599715807497774,58.57003370222673],[-4.580110426210115,58.580110676423786],[-4.499125338348298,58.57619941198396],[-4.492291223651404,58.5679044564875],[-4.456749129078177,58.56161247362022],[-4.455406399308817,58.54771886056234],[-4.431959203419726,58.553710685052394],[-4.424099377812397,58.549842964599925],[-4.430641791651622,58.529582755850825],[-4.40922874363951,58.52165500892834],[-4.454975717548495,58.496064347329515],[-4.452345269128585,58.4861798588183],[-4.466884410129772,58.458397328938304],[-4.485819026469546,58.444050740716634],[-4.478152814479372,58.447986434640406],[-4.475108392462495,58.439909318611605],[-4.475179355197793,58.44473227241592],[-4.445607086689315,58.46492379684535],[-4.436984243991402,58.476229262738954],[-4.423160224425548,58.4738811805462],[-4.43079531688947,58.47851209689197],[-4.424497950353071,58.48856854419129],[-4.435819039273659,58.49185810625974],[-4.383255132718531,58.51041868784587],[-4.343641810502476,58.54112590016984],[-4.27158846532025,58.538283675998834],[-4.2627922886314655,58.529884096878824],[-4.2731338330347945,58.525769997285906],[-4.266093397078326,58.517919216089304],[-4.262565360466168,58.52571235639526],[-4.237965595594631,58.526184073668574],[-4.212011196022571,58.50502648544899],[-4.240614541069837,58.537429323441074],[-4.21338784500888,58.53006825834064],[-4.209297400510406,58.53380062716677],[-4.220312816239122,58.540101575681085],[-4.210049503775217,58.54108184677666],[-4.214311783111131,58.55097311940586],[-4.17601559316762,58.54106220454563],[-4.156640131864102,58.54802376207791],[-4.153140344921113,58.56222753912881],[-4.1328287762877824,58.56202301930147],[-4.126097910498779,58.5694025154636],[-4.093958083371544,58.556733456660176],[-4.0872847640545436,58.5615655120009],[-4.073530603600175,58.55053204775211],[-4.068839509305122,58.56447187325106],[-4.047422990866878,58.57187547871946],[-4.050589467027103,58.581468770307964],[-4.043294912606025,58.58213208576344],[-4.043504110945179,58.59108899946537],[-4.025636909955909,58.59085442246931],[-4.018934931741642,58.60172044290547],[-4.004596246925649,58.56361687412877],[-3.931406721198472,58.572671099608506],[-3.9208404045577097,58.560126417711544],[-3.9068981684950566,58.558756694389196],[-3.912928828160509,58.55630532633327],[-3.9006698368057733,58.53765760237446],[-3.9107760046871896,58.55641732220016],[-3.9059435392764694,58.558556163389596],[-3.9072699986755315,58.56429922440594],[-3.8590347759265673,58.563316139157806],[-3.8007726821464187,58.573629387912106],[-3.788787314351436,58.56279721505459],[-3.7781884648940642,58.56418405821919],[-3.7754175289029166,58.57274990160748],[-3.7189626434401375,58.597247728193054],[-3.6724096747035397,58.60673333580609],[-3.6613752619419278,58.61980618456647],[-3.631157871433446,58.61472084090388],[-3.5357219977685004,58.62291971431112],[-3.5399193120608126,58.61060656521577],[-3.552020730153056,58.608506461672434],[-3.525208166286473,58.596896044857765],[-3.5129641513558747,58.5993429333485],[-3.5269877844383752,58.587667950653106],[-3.4996768043604307,58.60499825463747],[-3.459911572582841,58.61236991861411],[-3.374459076133727,58.59427955978242],[-3.354854367012863,58.60231201208552],[-3.3493151431425257,58.61911650360918],[-3.4131178676916143,58.64075017331929],[-3.404060512439808,58.66110747111277],[-3.3768030211691737,58.67218221389804],[-3.354828827266308,58.663983133587735],[-3.3444130481479766,58.64671616116802],[-3.3102611902551407,58.64287284918494],[-3.277388366685844,58.65322827329937],[-3.2271505207483218,58.649856925031564],[-3.189905026012874,58.66015595920031],[-3.1675357934851833,58.641322354300904],[-3.157795695680466,58.63723120001213],[-3.1003461429137658,58.64673531932044],[-3.0247876874051145,58.64423472916323],[-3.037679681513616,58.63208153848922],[-3.0428322764184434,58.59807997326009],[-3.072853014270275,58.59192194642135],[-3.0601674719239287,58.5813532832705],[-3.0679447954075076,58.564536903298766],[-3.1259000850733205,58.527375098201254],[-3.1348216950596925,58.50209186311465],[-3.1500636927423944,58.51055419260588],[-3.1460949759850556,58.50580228357715],[-3.133191603525008,58.50155519736038],[-3.1212423000624505,58.47993185263868],[-3.103276280231793,58.473668201682564],[-3.0501210263418184,58.47843554746298],[-3.0572098666993472,58.46010644900607],[-3.0498966233401474,58.45211394283622],[-3.061571044689957,58.441656745519715],[-3.12270496267546,58.44885148696506],[-3.0690742808113955,58.43291074135914],[-3.102952699759275,58.39353705883299],[-3.0983474544486125,58.38858444938342],[-3.1102815132040966,58.37847204320345],[-3.1079188526486314,58.37118026088377],[-3.162493023192266,58.34539301699131],[-3.2098722055804005,58.3098918485987],[-3.2903344575944025,58.297107056845284],[-3.2974079115677384,58.2892774087537],[-3.381373193916931,58.27038491942262],[-3.4148791156984726,58.245398925588624],[-3.42811717161447,58.24660164709793],[-3.4377298127105917,58.2298229381896],[-3.5082887455346765,58.17185639275662],[-3.647833695492568,58.113938549521734],[-3.6587456034992525,58.1200932505443],[-3.6511654545683423,58.1141891432744],[-3.745361597694624,58.068199095065395],[-3.804268809343449,58.05705550514699],[-3.833303809617457,58.03889406115711],[-3.8411905965802906,58.0131637941953],[-3.8527932374009892,58.01167103381587],[-3.8477751413352146,58.00649663423038],[-3.8912569554603067,57.98808527881591],[-3.9832737163190024,57.96956217397978],[-4.003806595789306,57.93470681446297],[-4.029906684495851,57.934436125840584],[-4.011136642855148,57.94857931804622],[-4.046841225854298,57.9440964616691],[-4.0545152223011085,57.95464236407631],[-4.081966929937633,57.951286413678616],[-4.0689850952455435,57.93679645508212],[-4.001368888681049,57.92638908029714],[-3.9922080637996324,57.903079958570146],[-4.013099346909625,57.8907473442414],[-4.011382202612605,57.85934739807427],[-4.072850474723735,57.8671723956694],[-4.111688406548781,57.848498815292714],[-4.121087218613407,57.85570395495535],[-4.146908327451367,57.85530543540451],[-4.134450349836376,57.859190423812564],[-4.135277558295953,57.870163828062],[-4.162364299809038,57.85932859267072],[-4.1735195581279445,57.86004899186562],[-4.175064200847199,57.86826872124026],[-4.212066960945461,57.87329386429785]]],[[[-5.199891463530772,58.38781094123312],[-5.166709303118296,58.38253297732296],[-5.171518098316071,58.37458706897112],[-5.209262171259577,58.37674075076158],[-5.199891463530772,58.38781094123312]]],[[[-5.261889936149553,58.26714544295713],[-5.257965934584964,58.25999235540109],[-5.24112379841787,58.26043903802854],[-5.241994619887107,58.25038191263507],[-5.280101170252813,58.25777621890053],[-5.261889936149553,58.26714544295713]]],[[[-4.328266414682849,58.561517270864435],[-4.339925379659005,58.54891183750033],[-4.352310881466197,58.55202152039259],[-4.328266414682849,58.561517270864435]]],[[[-5.132570634940709,58.28782620393548],[-5.122560732583773,58.28211029095153],[-5.138720794298451,58.28261796492428],[-5.132570634940709,58.28782620393548]]],[[[-4.288401416586577,58.54593620666064],[-4.296197473815683,58.5444389393666],[-4.304019064056941,58.5486204742495],[-4.295398219695357,58.55043824452426],[-4.288401416586577,58.54593620666064]]],[[[-5.144178474459602,58.27804397594672],[-5.156101248691768,58.28367296613393],[-5.150534958058861,58.28539547342536],[-5.144178474459602,58.27804397594672]]],[[[-4.3975272758747,58.53088691514974],[-4.40578852362256,58.53161562512327],[-4.4061107544270905,58.53322488586101],[-4.404256567597919,58.53623303953082],[-4.3975272758747,58.53088691514974]]],[[[-4.352057730498077,58.56269774852378],[-4.3501046775102905,58.55795696556412],[-4.360848457689055,58.55986093032326],[-4.352057730498077,58.56269774852378]]],[[[-5.117136371330786,58.47700331895785],[-5.133376963970092,58.47328543827214],[-5.122207021393519,58.47993450172915],[-5.117136371330786,58.47700331895785]]],[[[-4.780802128038279,58.5460905873576],[-4.786092311158117,58.54387581992107],[-4.791246515366541,58.54741211985152],[-4.786122478202868,58.55009795003434],[-4.780802128038279,58.5460905873576]]],[[[-5.323643606946952,58.14392824856472],[-5.310514474352966,58.14345118996523],[-5.329897823667484,58.14237121821636],[-5.323643606946952,58.14392824856472]]],[[[-4.390129481002178,58.54043579806394],[-4.3940051210153,58.533395278329294],[-4.394986337417853,58.53490494564917],[-4.390129481002178,58.54043579806394]]],[[[-4.672563430593626,58.567621817762685],[-4.668946748736029,58.56683343976851],[-4.686711333544747,58.56461295719738],[-4.672563430593626,58.567621817762685]]],[[[-4.70385634932643,58.48627687993524],[-4.712723888222853,58.47647761827368],[-4.710199551901684,58.48490124491583],[-4.70385634932643,58.48627687993524]]],[[[-5.075200749118403,58.406828756654114],[-5.074648751861146,58.402870530291175],[-5.086408546799626,58.4039242231218],[-5.075200749118403,58.406828756654114]]],[[[-4.804923284323257,58.57376644041404],[-4.809444543730903,58.570724656993576],[-4.8098760659092346,58.575032993100436],[-4.804923284323257,58.57376644041404]]],[[[-5.107155170713683,58.405674296915706],[-5.1048344663011616,58.401700496499885],[-5.111344902983259,58.40311064334694],[-5.107155170713683,58.405674296915706]]],[[[-5.09163572933261,58.40002355567463],[-5.0839150541355265,58.39825752877236],[-5.0974515490415095,58.39878379189387],[-5.09163572933261,58.40002355567463]]],[[[-4.787343064375978,58.54393402414787],[-4.784527083164038,58.538989975053674],[-4.790248881372584,58.53930149481742],[-4.787343064375978,58.54393402414787]]],[[[-5.133561355391438,58.47728026344624],[-5.136436640415022,58.4725281781634],[-5.139647837881113,58.476108470146556],[-5.139600420176034,58.47623604606326],[-5.133561355391438,58.47728026344624]]],[[[-4.446815732560365,58.4659070421985],[-4.454683595299721,58.463034189371704],[-4.447154704760166,58.46918006459208],[-4.446815732560365,58.4659070421985]]],[[[-5.077236746560639,58.46330143794989],[-5.084782667343022,58.462417244688545],[-5.081886732631915,58.4655344218301],[-5.077236746560639,58.46330143794989]]],[[[-5.160888359163449,58.307482867922346],[-5.166475269668391,58.307203083433755],[-5.157314780930056,58.3111212268481],[-5.160888359163449,58.307482867922346]]],[[[-5.025143301801501,58.2629489501676],[-5.017798986660017,58.261010806329786],[-5.02727760444408,58.2610947418074],[-5.025143301801501,58.2629489501676]]],[[[-5.168540100004263,58.30364774551818],[-5.1721546974833315,58.30190043394296],[-5.173034636654299,58.30597611710601],[-5.168540100004263,58.30364774551818]]],[[[-5.295698167163033,58.252535118644424],[-5.293727688323003,58.249623650093696],[-5.298083548795632,58.25158921170036],[-5.295698167163033,58.252535118644424]]],[[[-5.072734285793052,58.39208170918846],[-5.079080151105713,58.39174041701422],[-5.073690460634534,58.39372620716223],[-5.072734285793052,58.39208170918846]]],[[[-4.7985770425886685,58.530165539962695],[-4.804735446856368,58.52703419772636],[-4.80224140486045,58.53022483408778],[-4.7985770425886685,58.530165539962695]]],[[[-5.195047638174776,58.2876763761844],[-5.198188631415879,58.285069649684175],[-5.2024068231466325,58.285252585327115],[-5.195047638174776,58.2876763761844]]],[[[-4.386724993123607,58.54508051794753],[-4.389025936718924,58.54227496502387],[-4.387319921037623,58.54864531486339],[-4.386724993123607,58.54508051794753]]],[[[-5.056693355752002,58.38611655942378],[-5.054240733027444,58.383352311469636],[-5.059704989567773,58.385556939878974],[-5.056693355752002,58.38611655942378]]],[[[-4.749148533458631,58.45163819390215],[-4.753061114696085,58.451252249881094],[-4.7500847386989316,58.453967015295085],[-4.749148533458631,58.45163819390215]]],[[[-5.343195982628641,58.129621825164214],[-5.349100573633062,58.128551591326705],[-5.34884501742431,58.130171732730474],[-5.343195982628641,58.129621825164214]]],[[[-5.204739824550997,58.289991982651145],[-5.209479558432441,58.287716127253894],[-5.207445007505189,58.290612112853445],[-5.204739824550997,58.289991982651145]]],[[[-5.058506658174775,58.25299256818144],[-5.057916446430787,58.250848897781474],[-5.062223415294856,58.25206226760566],[-5.058506658174775,58.25299256818144]]],[[[-5.098343503996182,58.47716142376159],[-5.100601510422617,58.47536254369636],[-5.102654331801158,58.47536303885067],[-5.098343503996182,58.47716142376159]]],[[[-5.166353766421462,58.31376520400879],[-5.168833502348268,58.31114385442147],[-5.169721024857363,58.31344297262036],[-5.166353766421462,58.31376520400879]]],[[[-5.187969235914341,58.306994276205266],[-5.1912841439153805,58.30436802586365],[-5.192897763900321,58.30569382768217],[-5.187969235914341,58.306994276205266]]],[[[-4.451966017499959,58.481747879252026],[-4.447442013305427,58.478491926738144],[-4.451347893151896,58.47940115937763],[-4.451966017499959,58.481747879252026]]],[[[-5.174182250053996,58.30782968524752],[-5.176534771230029,58.30902265867294],[-5.171605918274854,58.30874039919976],[-5.174182250053996,58.30782968524752]]],[[[-4.420785258869967,58.55200791396532],[-4.421455047595137,58.548694079529625],[-4.423226425361856,58.55203316804765],[-4.420785258869967,58.55200791396532]]],[[[-5.308463894112843,58.11085538373196],[-5.30534026615585,58.10897291046598],[-5.309055283976971,58.10905767919246],[-5.308463894112843,58.11085538373196]]],[[[-5.1567041016388036,58.38873620932535],[-5.163081533065413,58.388451106097875],[-5.1613458972424,58.389518569106095],[-5.1567041016388036,58.38873620932535]]],[[[-5.284076856152868,58.10485358201064],[-5.287768099954515,58.10372914525977],[-5.285959932034267,58.105764086609966],[-5.284076856152868,58.10485358201064]]],[[[-4.445524813491672,58.478056800935875],[-4.445170268538364,58.47665742689073],[-4.449711168878018,58.478560904347056],[-4.445524813491672,58.478056800935875]]],[[[-5.058562662013158,58.41180929413434],[-5.059632764400218,58.41038331857119],[-5.0614800995787474,58.41060853520582],[-5.058562662013158,58.41180929413434]]],[[[-5.119857520051207,58.42818866086832],[-5.119770005134593,58.43007319813732],[-5.117885522506257,58.42974137297767],[-5.119857520051207,58.42818866086832]]],[[[-5.171087639631762,58.31568364266168],[-5.169765466506793,58.3136530769382],[-5.172455263194106,58.31595817889426],[-5.171087639631762,58.31568364266168]]],[[[-5.118190024789491,58.547018328854136],[-5.117750708959946,58.544494622215886],[-5.119971103684671,58.546071818191926],[-5.118190024789491,58.547018328854136]]],[[[-5.200746001990136,58.24954628865056],[-5.200972002107129,58.25100382884112],[-5.198507269060923,58.250139883022754],[-5.200746001990136,58.24954628865056]]],[[[-4.624581743250996,58.52837944686498],[-4.62906840794566,58.527613701140275],[-4.622052079755545,58.52974210668249],[-4.624581743250996,58.52837944686498]]],[[[-5.183636530128365,58.3533614000119],[-5.185513950870743,58.3519891635934],[-5.1851307381119485,58.354281566261186],[-5.183636530128365,58.3533614000119]]],[[[-4.748008309057571,58.45284340853965],[-4.746836569391419,58.45144876996374],[-4.7494052085643,58.451303808410856],[-4.748008309057571,58.45284340853965]]],[[[-5.182580846870015,58.31617305784881],[-5.184856517993048,58.314507404690744],[-5.184916562193349,58.31458288149197],[-5.182580846870015,58.31617305784881]]],[[[-5.151473890818103,58.310760597179964],[-5.151683754792271,58.30967850089674],[-5.153100264254441,58.31112056724344],[-5.151473890818103,58.310760597179964]]],[[[-5.0436589800157705,58.38955480552555],[-5.04674896583361,58.38847185833963],[-5.0440822859383285,58.390519675307],[-5.0436589800157705,58.38955480552555]]],[[[-5.24167186192395,58.262236185999484],[-5.244071306611439,58.261539412886066],[-5.242509740945897,58.26337884217939],[-5.24167186192395,58.262236185999484]]],[[[-5.00288687128586,58.626663227674385],[-5.005451420227183,58.62693161750862],[-5.005082377652997,58.627649851224284],[-5.00288687128586,58.626663227674385]]],[[[-5.101978423943159,58.4174463581826],[-5.106012082015239,58.41658928074904],[-5.106480965708716,58.41660182693179],[-5.101978423943159,58.4174463581826]]],[[[-4.870625580936114,58.61830973196051],[-4.872460429906808,58.61674107699789],[-4.873418691001724,58.617712615732465],[-4.870625580936114,58.61830973196051]]],[[[-5.235553675593266,58.25562445414965],[-5.236675508569411,58.25440981831987],[-5.238539586694795,58.255206250750966],[-5.235553675593266,58.25562445414965]]],[[[-4.164107808819951,58.549654385654506],[-4.1653411626961825,58.54670941352128],[-4.165307383930045,58.54922548215223],[-4.164107808819951,58.549654385654506]]],[[[-5.0703221912392,58.39317762877283],[-5.068032953596008,58.39214510188394],[-5.071741961637681,58.392479401870155],[-5.0703221912392,58.39317762877283]]],[[[-5.2282370660826345,58.256289600730724],[-5.230727557875267,58.25442901876695],[-5.230893665505317,58.25550336009422],[-5.2282370660826345,58.256289600730724]]],[[[-5.079674606209002,58.4502008702756],[-5.083451952192083,58.44994600237115],[-5.079527284891878,58.450907735750974],[-5.079674606209002,58.4502008702756]]],[[[-5.10802595215024,58.418455020564046],[-5.1062772508627825,58.41778859228641],[-5.109565342034824,58.418264537666836],[-5.10802595215024,58.418455020564046]]],[[[-5.176903386445034,58.29694332113932],[-5.180010222462208,58.296474149280826],[-5.179183293005007,58.29748415240843],[-5.176903386445034,58.29694332113932]]],[[[-4.0320620611023354,58.59346872812458],[-4.0317073379903885,58.591428639430674],[-4.031820949668258,58.5914393833643],[-4.0320620611023354,58.59346872812458]]],[[[-5.1273774733054704,58.26628605646232],[-5.128157372070071,58.26519835228902],[-5.129727105826019,58.266467207058106],[-5.1273774733054704,58.26628605646232]]],[[[-5.225605407734099,58.25510231932377],[-5.225048549573629,58.25394796796847],[-5.227708687476761,58.25488737291351],[-5.225605407734099,58.25510231932377]]],[[[-4.050745510560199,58.5772294164912],[-4.052180206355696,58.57785048743061],[-4.051852393865333,58.578946697495695],[-4.050745510560199,58.5772294164912]]],[[[-5.2025588063696455,58.25139543705085],[-5.20548925136479,58.252014360539725],[-5.206869091457397,58.25296343870195],[-5.2025588063696455,58.25139543705085]]],[[[-4.100734893500746,58.56336376534509],[-4.098456326881641,58.56382450147972],[-4.098054507970641,58.562903200880676],[-4.100734893500746,58.56336376534509]]],[[[-4.796870479008121,58.57819338123364],[-4.7963320027215195,58.57691023630884],[-4.7980767458711195,58.57796851436594],[-4.796870479008121,58.57819338123364]]],[[[-4.3577558889642365,58.5632074537983],[-4.358449668742317,58.56112377548582],[-4.359387052363068,58.56144242968791],[-4.3577558889642365,58.5632074537983]]],[[[-5.146555595636204,58.31606755248048],[-5.146700497408856,58.31509042778762],[-5.1487415902118565,58.31510767194757],[-5.146555595636204,58.31606755248048]]],[[[-5.318353927358376,58.14523431878725],[-5.320612872646958,58.14566980455532],[-5.318341267543485,58.146102016432884],[-5.318353927358376,58.14523431878725]]],[[[-5.116289570321162,58.41740990031852],[-5.117119411465567,58.41737935627955],[-5.116629075895941,58.41748732076645],[-5.116289570321162,58.41740990031852]]],[[[-5.165260023795518,58.31663885549399],[-5.165486476427137,58.315492645626755],[-5.166971711530464,58.31649948825176],[-5.165260023795518,58.31663885549399]]],[[[-5.08476616420824,58.4512199724738],[-5.086470044868117,58.450421793096766],[-5.087925783407958,58.45045155385985],[-5.08476616420824,58.4512199724738]]],[[[-5.198540961420559,58.252030721349634],[-5.198459841451005,58.25104513165663],[-5.20037864844351,58.25161256853143],[-5.198540961420559,58.252030721349634]]],[[[-4.64450532638695,58.55405927518747],[-4.64586117095516,58.553483591194066],[-4.644920340721211,58.55498785295915],[-4.64450532638695,58.55405927518747]]],[[[-5.203793608153928,58.25328570707882],[-5.20313114702008,58.252624693998555],[-5.205284228855057,58.25316053157469],[-5.203793608153928,58.25328570707882]]],[[[-4.450094287328929,58.54993600217575],[-4.451100373338177,58.55009147212122],[-4.451606626895812,58.551124332223566],[-4.450094287328929,58.54993600217575]]],[[[-5.12630175671802,58.41130564116905],[-5.126059217911223,58.409874736135606],[-5.1267259796198585,58.41072090918718],[-5.12630175671802,58.41130564116905]]],[[[-3.1055648792464905,58.67145320705594],[-3.1401634371959246,58.670051838837786],[-3.1245029423010755,58.68212009029835],[-3.123276952733638,58.69403243484747],[-3.1157118139034035,58.696429885795],[-3.100600701085831,58.68464134596492],[-3.1055648792464905,58.67145320705594]]],[[[-3.1771531155766555,58.652189787742884],[-3.1788373833672208,58.650979777663984],[-3.179194225814789,58.653793203419056],[-3.1771531155766555,58.652189787742884]]],[[[-5.6018678224318625,57.830168566508995],[-5.60326974174722,57.821349258149176],[-5.616837790351751,57.82212220319982],[-5.6447841365740805,57.840111875863535],[-5.633778950444741,57.84786084910662],[-5.6018678224318625,57.830168566508995]]],[[[-5.854765735821706,57.35733574645818],[-5.841239535823897,57.33824786064319],[-5.843323930405837,57.35046167908594],[-5.835296451892832,57.351318325300255],[-5.820799408153389,57.34243698316683],[-5.8216184003494185,57.33448546302061],[-5.845500117943296,57.3350290314815],[-5.8591720581301105,57.35319938684169],[-5.854765735821706,57.35733574645818]]],[[[-5.3974695161344695,58.01724388804143],[-5.403487191624677,58.00985674294086],[-5.383122202457031,58.00675216673359],[-5.397173978826253,58.00016509087927],[-5.4217239971940465,58.00540300370204],[-5.409246880615201,58.02383709826126],[-5.3974695161344695,58.01724388804143]]],[[[-5.459254864327448,57.8790980024672],[-5.478846804090521,57.88456206516845],[-5.479515020927439,57.898144518635],[-5.464681854349669,57.893051817780965],[-5.459254864327448,57.8790980024672]]],[[[-5.213607807746667,57.93738832416853],[-5.222533836829804,57.936906003836846],[-5.239374023529939,57.94778795175151],[-5.210234438247785,57.948112742616296],[-5.213607807746667,57.93738832416853]]],[[[-5.442315218304399,58.049985821339185],[-5.434400701736159,58.04690836439625],[-5.42395845699001,58.04713401696699],[-5.432272574399969,58.03827670335177],[-5.448976852854201,58.039801532235096],[-5.442315218304399,58.049985821339185]]],[[[-5.820269459782226,57.73672641772577],[-5.813622189144475,57.733069996810066],[-5.790016347804877,57.73652432921123],[-5.80117626268582,57.726517349111134],[-5.822417839115684,57.73057023450936],[-5.820269459782226,57.73672641772577]]],[[[-5.509373392422457,57.96800888706805],[-5.497563218259056,57.95760324480557],[-5.5194941071099395,57.95461354386684],[-5.515375773881057,57.95771205423747],[-5.525743101639457,57.96107421437271],[-5.509373392422457,57.96800888706805]]],[[[-5.434655617012593,58.008906578162204],[-5.45079709635598,58.00427134522507],[-5.458184870806375,58.012138083116426],[-5.445992482380239,58.01590689462676],[-5.434655617012593,58.008906578162204]]],[[[-5.338884028797707,57.985184726507384],[-5.346207439179799,57.97970229927631],[-5.352408825342761,57.981511795200745],[-5.349684441053293,57.99300808531603],[-5.338884028797707,57.985184726507384]]],[[[-5.421907036031094,57.976834396034434],[-5.432625267024628,57.97029079805032],[-5.434958579174289,57.974561138823745],[-5.427872329327683,57.978844184456335],[-5.421907036031094,57.976834396034434]]],[[[-5.71060724675115,57.706624172023844],[-5.717039035247351,57.701100305861026],[-5.722587169626202,57.7064247775054],[-5.717723341756575,57.70812775815838],[-5.71060724675115,57.706624172023844]]],[[[-5.458655236787546,58.05176118593579],[-5.461309581367883,58.043189972207124],[-5.46695484786807,58.047040737375305],[-5.458655236787546,58.05176118593579]]],[[[-5.440769315608906,57.96366583697629],[-5.453041565331598,57.96245180642747],[-5.446686588607701,57.96702003413428],[-5.440769315608906,57.96366583697629]]],[[[-5.2998315551631725,58.10446410287124],[-5.292726075187333,58.10060341471047],[-5.306430675462873,58.10220307888532],[-5.2998315551631725,58.10446410287124]]],[[[-5.576892123470863,57.26903283088013],[-5.578629413871926,57.26210993367728],[-5.580643498465041,57.266365484386796],[-5.576892123470863,57.26903283088013]]],[[[-5.467828177408425,58.02722596636108],[-5.472450018131334,58.02533907793613],[-5.469766696867656,58.031381739471044],[-5.467828177408425,58.02722596636108]]],[[[-5.432313397219797,58.01742437093281],[-5.43155960019891,58.01076664628854],[-5.437125384670748,58.011346486067104],[-5.432313397219797,58.01742437093281]]],[[[-5.825286016688611,57.40242313400967],[-5.829189033225452,57.39840944499946],[-5.827895903831037,57.40588169309111],[-5.825286016688611,57.40242313400967]]],[[[-5.835442993399012,57.37556762639282],[-5.835419873292964,57.37200332727507],[-5.840565487323835,57.37234974086303],[-5.835442993399012,57.37556762639282]]],[[[-5.648154733313205,57.37758956251213],[-5.649910827040148,57.37334556178164],[-5.652369768774063,57.37659650067627],[-5.648154733313205,57.37758956251213]]],[[[-5.271375943215435,58.102070725707826],[-5.276862489973937,58.10061911253477],[-5.277077333026975,58.10332663558479],[-5.271375943215435,58.102070725707826]]],[[[-5.708342449647097,57.87348644140881],[-5.714573095219785,57.8731196997932],[-5.717230099147132,57.87540173498696],[-5.708342449647097,57.87348644140881]]],[[[-5.510150850249156,57.983727478222015],[-5.510372643107039,57.98643684420147],[-5.506883035422746,57.98878795166025],[-5.510150850249156,57.983727478222015]]],[[[-5.4463069628149725,58.01966925899952],[-5.4476120034432025,58.02189810136428],[-5.4452453585667,58.022169059650416],[-5.4463069628149725,58.01966925899952]]],[[[-5.657578632836707,57.526104981132214],[-5.658660641530708,57.52486165903204],[-5.660491176965546,57.52718353022487],[-5.657578632836707,57.526104981132214]]],[[[-5.349329079161998,57.99726451245036],[-5.346162526390163,57.99380279697128],[-5.349829384195845,57.995043611092434],[-5.349329079161998,57.99726451245036]]],[[[-5.751142364252167,57.56087734863575],[-5.751341570906136,57.55842598478045],[-5.753994074666816,57.55957427969089],[-5.751142364252167,57.56087734863575]]],[[[-5.458507903219662,57.961128674989595],[-5.4617843040722445,57.95933084567243],[-5.463663939527658,57.96031613931344],[-5.458507903219662,57.961128674989595]]],[[[-5.418584308418682,58.02049420846295],[-5.4172912369900565,58.01777393188231],[-5.420288232220025,58.01909107152952],[-5.418584308418682,58.02049420846295]]],[[[-5.615575638590196,57.144163583313116],[-5.617794565278427,57.142221618862735],[-5.619066102790507,57.1425461562143],[-5.615575638590196,57.144163583313116]]],[[[-5.647512822220374,57.37160276951092],[-5.646611929793971,57.369791225450925],[-5.648620962381496,57.370834242274526],[-5.647512822220374,57.37160276951092]]],[[[-5.702064548726871,57.16797513826927],[-5.704506431267627,57.165835152698115],[-5.705052672165317,57.16769581997831],[-5.702064548726871,57.16797513826927]]],[[[-5.686893816071993,57.86728416450643],[-5.689429082718996,57.86716543811741],[-5.688902227735783,57.86918556584312],[-5.686893816071993,57.86728416450643]]],[[[-5.608511670198946,57.14134209912747],[-5.607289109571944,57.13982651250046],[-5.610790275128203,57.14045832431152],[-5.608511670198946,57.14134209912747]]],[[[-5.42418982612857,58.0168467026243],[-5.4260847123845695,58.01602710094652],[-5.425554069505466,58.01834522716581],[-5.42418982612857,58.0168467026243]]],[[[-5.427931331658137,58.01956832616152],[-5.4295996120960845,58.01779747955425],[-5.429337212235056,58.02011080324445],[-5.427931331658137,58.01956832616152]]],[[[-5.653861389955608,57.84484433977896],[-5.655096012667875,57.844300794110886],[-5.655287563319585,57.8471855485192],[-5.653861389955608,57.84484433977896]]],[[[-5.297461486648289,58.08312614805392],[-5.296110661517944,58.08157549286528],[-5.298103389501076,58.08160300150711],[-5.297461486648289,58.08312614805392]]],[[[-5.425950846572345,58.0221051600045],[-5.427206751529561,58.02031595480275],[-5.427477931347069,58.02266252491468],[-5.425950846572345,58.0221051600045]]],[[[-5.483826429578122,57.391438545722],[-5.487077883211552,57.390089894253165],[-5.485245992027348,57.39183520851524],[-5.483826429578122,57.391438545722]]],[[[-5.324915942631366,58.07865292366324],[-5.325621551725913,58.07711994134856],[-5.327096056254565,58.07819594773643],[-5.324915942631366,58.07865292366324]]],[[[-5.686412132243958,57.69304651019174],[-5.689016990014771,57.692329498534576],[-5.6900136667995165,57.692999847843566],[-5.686412132243958,57.69304651019174]]],[[[-5.69443810260437,57.16934741835618],[-5.696428946025775,57.166977209161786],[-5.696473821689397,57.1681146011385],[-5.69443810260437,57.16934741835618]]],[[[-5.5835024104444075,57.1154809538787],[-5.583546284550199,57.11422558045726],[-5.585317349148925,57.11425578508502],[-5.5835024104444075,57.1154809538787]]],[[[-5.4385675117618035,58.05242276643762],[-5.437151911104901,58.05057337431847],[-5.4388027541661215,58.051166954382865],[-5.4385675117618035,58.05242276643762]]],[[[-5.4518206965669584,57.107008733984586],[-5.454347140095851,57.10655247608322],[-5.453644302479799,57.107520284912354],[-5.4518206965669584,57.107008733984586]]],[[[-5.363125482613057,57.9616939142181],[-5.360281983315066,57.96009706456088],[-5.36266421887169,57.96083643764099],[-5.363125482613057,57.9616939142181]]],[[[-5.602020072222038,57.35041669679606],[-5.602210044928326,57.3494780334543],[-5.603861803175329,57.34964328905124],[-5.602020072222038,57.35041669679606]]],[[[-5.439056435078332,58.02002926278804],[-5.4407706538547185,58.019187908842085],[-5.4402660396265485,58.02051760727011],[-5.439056435078332,58.02002926278804]]],[[[-5.723709136751386,57.701622308232324],[-5.725230346477957,57.700117435602195],[-5.726008937948227,57.70060154599251],[-5.723709136751386,57.701622308232324]]],[[[-5.39169883849113,58.00983930333178],[-5.393286877057488,58.00935470961256],[-5.392949155537975,58.01034524873872],[-5.39169883849113,58.00983930333178]]],[[[-5.363220693531972,57.959876867888454],[-5.362492753504958,57.95936323161164],[-5.365281535602408,57.95969645687336],[-5.363220693531972,57.959876867888454]]],[[[-5.686809452248029,57.53163644693635],[-5.686864636457311,57.53081582965078],[-5.687863023872714,57.531932775328826],[-5.686809452248029,57.53163644693635]]],[[[-3.9434494368877804,57.85269355889627],[-3.926615259019215,57.8417741123916],[-3.964476566939632,57.851835924186396],[-3.9434494368877804,57.85269355889627]]],[[[-6.356132781363346,57.705215653073935],[-6.296900317164828,57.70756222773384],[-6.291668336405151,57.698748026555556],[-6.30320892477917,57.691590890587676],[-6.251069551553515,57.67347468550252],[-6.235352250459555,57.63736166727671],[-6.1913090351516304,57.63325182656636],[-6.150594077112008,57.586519356875236],[-6.137237126813078,57.58773602556133],[-6.148802112751962,57.565623317928186],[-6.1387678103872965,57.54650977198283],[-6.148480536922514,57.499969424641115],[-6.137016499184173,57.469804381117015],[-6.145732155129304,57.43008511695417],[-6.173408158705871,57.412839481930924],[-6.1977327054954925,57.41213872365238],[-6.202136132069098,57.39048709841089],[-6.182420801613792,57.40757699914025],[-6.1399388669223285,57.40560834910566],[-6.124207522339821,57.387750457230155],[-6.146211541203397,57.371033340923354],[-6.116944349789075,57.34174471386065],[-6.0961102173344255,57.34012159877541],[-6.107115542019132,57.33523307074456],[-6.104137113092316,57.31918449465409],[-6.131913892493298,57.316253909382354],[-6.168422144519583,57.29538736922916],[-6.1174374026722536,57.313680944012184],[-6.057031194833324,57.31366427653337],[-6.04164421700655,57.29326717348354],[-6.078562494049395,57.27653003148389],[-6.083045620113358,57.2677048879153],[-6.020646666369103,57.287682944975245],[-5.9938707345962925,57.27041898075517],[-5.936633204473422,57.25888644921009],[-5.92204142705649,57.262748495166306],[-5.904688791739903,57.252882830954185],[-5.914234596429679,57.24132524756413],[-5.885792233578103,57.23797089607791],[-5.85172976028329,57.254064727899525],[-5.845344530676138,57.25137886549917],[-5.863661191819261,57.24161172909223],[-5.753458430990776,57.27470090065361],[-5.716447697105512,57.26917969481924],[-5.732004448647877,57.26076656101773],[-5.66708872864569,57.26483377592073],[-5.647578307797081,57.25513975683264],[-5.667230424316262,57.23540792712726],[-5.66276260825082,57.22524177738214],[-5.6690542693416335,57.20906601176188],[-5.7174692617145215,57.18397374127366],[-5.781059752013621,57.166861905850894],[-5.808472823561379,57.176164652100766],[-5.795726205396434,57.16012034303203],[-5.80579394935171,57.14574393397455],[-5.787309026204345,57.138428088654216],[-5.805925728475,57.137034777562334],[-5.797672320739026,57.131923954574745],[-5.804296853245014,57.121081948903885],[-5.82789787560396,57.1076086544118],[-5.85327295776148,57.11156045639778],[-5.87061968565259,57.08650769493184],[-5.888527125267274,57.081282363660215],[-5.898722894110983,57.06551500615861],[-5.893717966463929,57.06120332354491],[-5.902138544560309,57.063574233317695],[-5.8996118265852475,57.057925117703675],[-5.9238279897596104,57.043168963600685],[-5.955308742725467,57.03529745859856],[-5.960483869058663,57.02758859015499],[-5.972684726299844,57.03203635624668],[-6.017563810842907,57.01862017472268],[-6.023151653810416,57.02834786709667],[-6.016596899017878,57.031170855548304],[-6.0317212467625945,57.03696499784326],[-6.03812646942725,57.056882983377584],[-6.024953347433236,57.07031384587074],[-5.999474732570101,57.073921910167094],[-6.007326058433711,57.074724519814765],[-6.008007486701592,57.08713966059643],[-5.999999641220639,57.104012096897364],[-5.984987483267491,57.10738635794576],[-6.005044797755157,57.11476708654437],[-5.997755879133804,57.12411074405464],[-5.975320679474151,57.13033979501079],[-5.968360880350533,57.14107648535759],[-5.9400233066623125,57.146499297602546],[-5.9151998893742705,57.16560151041046],[-5.866417008244547,57.1713692463607],[-5.838024516698,57.18975506648849],[-5.877977757743765,57.17609211216196],[-5.897589893776157,57.17966828104901],[-5.90171056953347,57.17124182487387],[-5.935398457318552,57.17601048625599],[-5.99167686544549,57.168556658052516],[-6.002932819938411,57.19961088636227],[-6.020222343136253,57.20613638756983],[-6.03688358544284,57.2278346281143],[-6.0406178264997825,57.22217971056984],[-6.026409027827665,57.20261863693944],[-6.029414840866097,57.18399859441196],[-6.049948380187515,57.18058586973769],[-6.049400049128051,57.16720883904632],[-6.083777133902137,57.12675049813562],[-6.112710269963194,57.13707855175258],[-6.101949406170463,57.17011150262142],[-6.1110927344671495,57.18958623173182],[-6.123388343676565,57.1946856940643],[-6.1306080732369095,57.184427691697095],[-6.150659820185169,57.19598417036033],[-6.168128581899627,57.19855187588216],[-6.165313137396649,57.17948863690696],[-6.1740841678290765,57.174182878271985],[-6.2096755688733,57.177805975129175],[-6.322311712417824,57.16013852660993],[-6.286607513470081,57.186447991443124],[-6.28483390481693,57.20135660006692],[-6.2937512039864405,57.20515687440743],[-6.343453037223971,57.1860974772403],[-6.363054748159292,57.19224334285531],[-6.385439696725259,57.2151540061775],[-6.380604693957891,57.227405784996755],[-6.349211922012775,57.229942092496266],[-6.3431588505636505,57.252957787843194],[-6.359843666276813,57.23640238359831],[-6.40500687112837,57.232239282546445],[-6.451491281772837,57.26242757455905],[-6.458567388017319,57.28626520808547],[-6.481846354299297,57.29150426309211],[-6.482783208612913,57.31097930117014],[-6.438754618613585,57.326583516392986],[-6.426854243903195,57.32306518610682],[-6.430707610710367,57.33997568224275],[-6.386361612786793,57.326442459202795],[-6.347773070213602,57.29992154555922],[-6.306207072228506,57.299320990655296],[-6.342587178793982,57.30614032864071],[-6.355302316276142,57.32371844126683],[-6.402618149217212,57.33989228445127],[-6.395337472473917,57.344619821854074],[-6.407137605175713,57.345411719626505],[-6.403684030343262,57.35468941132018],[-6.383599110961274,57.3639744585754],[-6.457801249043034,57.33919751599517],[-6.462919144215993,57.34756913852327],[-6.4545232594188695,57.359885954741245],[-6.4805774237514315,57.3663794040301],[-6.4678068194594385,57.37797187262986],[-6.485898316188357,57.380514863870125],[-6.481976228978691,57.39583533835341],[-6.488710806798154,57.40368807015714],[-6.500766744300358,57.384401201717395],[-6.524752969331114,57.36935663946369],[-6.517548411391032,57.38149914131499],[-6.526171085290233,57.38315413321874],[-6.516554735640427,57.393208742932146],[-6.538404866651192,57.41346614245523],[-6.542556884971778,57.398242179996835],[-6.532417149546801,57.4041164867262],[-6.534068510743536,57.39319783174759],[-6.5414712023328985,57.39079234140622],[-6.5358336221746764,57.395789327990386],[-6.542189606362419,57.39725525693735],[-6.5521565736201755,57.385457999369905],[-6.572979865471271,57.38849139630101],[-6.562050397101744,57.363048909410224],[-6.567851548854952,57.35890744116204],[-6.5635552589247785,57.3386188111185],[-6.5821255271877295,57.333004414373875],[-6.624645076194652,57.35082505127331],[-6.719461939832107,57.371663890710096],[-6.73892547000919,57.389324768834356],[-6.729135876979316,57.395306803587296],[-6.743122463508009,57.41761941376013],[-6.767228696700304,57.42893267010625],[-6.7896521768083336,57.42104110898916],[-6.783045209777298,57.427769682966165],[-6.786667538443481,57.43977620013318],[-6.778018518893378,57.4430377510045],[-6.785108451399155,57.45214628107389],[-6.780111760568753,57.458026094411984],[-6.719976180707437,57.44973639950534],[-6.742951878250554,57.4646007568103],[-6.749534941764192,57.483647923044934],[-6.748124454369279,57.500091093824025],[-6.716668877806101,57.51375818857699],[-6.705263286638925,57.496574171861944],[-6.666763506493831,57.470805318747765],[-6.6667777303366025,57.45952038351014],[-6.653973916517275,57.458913158634125],[-6.639676349079562,57.44273430915133],[-6.619958592580989,57.43199159141681],[-6.61021068166658,57.447277313347165],[-6.601783194621854,57.445576580268224],[-6.584936593087379,57.421453362699076],[-6.58186874986291,57.43193347030758],[-6.573863195547585,57.43016781412671],[-6.60391219028471,57.46065849508244],[-6.614773611091087,57.46069228981083],[-6.613120511277429,57.455000691452526],[-6.623953638255463,57.45937475486598],[-6.613384388409261,57.46740393872912],[-6.637381308346463,57.503027850341375],[-6.598478611391687,57.50991468255436],[-6.567920884513704,57.49332387596358],[-6.5605806116911305,57.5080271167804],[-6.6416516235697625,57.552058469553714],[-6.655020320279033,57.545857895252304],[-6.654991004711188,57.553983319891124],[-6.640712657809319,57.561231800159646],[-6.634775776761333,57.608530110463555],[-6.5826856132529405,57.58835658736939],[-6.5690446615963785,57.57178102459439],[-6.565513560608831,57.54822735408685],[-6.5405152302671885,57.54773269085171],[-6.5043194330521725,57.534049740201716],[-6.460834452637925,57.50394284777685],[-6.465671168138955,57.49806917516843],[-6.427099260630393,57.51825548162864],[-6.452630127584983,57.480659932026775],[-6.441766301049376,57.48118054338423],[-6.432417893923649,57.470480751561425],[-6.435613554283009,57.49174280181379],[-6.418565270489394,57.50546632033639],[-6.399813541109778,57.50884181655834],[-6.406863288017524,57.52304053755856],[-6.399610483325861,57.52870256085691],[-6.383657879406642,57.52040893540039],[-6.374831223619838,57.500250859665144],[-6.35051565392278,57.496947417997184],[-6.344993693955284,57.48073656677629],[-6.340630400307121,57.491985909879595],[-6.335278753643872,57.4900136721123],[-6.326250638413202,57.458960695622714],[-6.311789916227096,57.45516808905392],[-6.324996664628194,57.4840047880203],[-6.304604187393798,57.482333677524444],[-6.365187204644582,57.515202707634785],[-6.376183788281351,57.53013909101031],[-6.367059731004675,57.53143599468828],[-6.3885337972501475,57.54244896864122],[-6.383863214988218,57.548808134473305],[-6.3961003366268345,57.55568753573982],[-6.394507951802668,57.56947085066927],[-6.3825847709912,57.56310917545312],[-6.359427509255362,57.58894723758872],[-6.394551016302884,57.58506169570343],[-6.399354078187919,57.60785546501287],[-6.394237531006149,57.612723972432704],[-6.42770452260637,57.64215032804749],[-6.4062684534445,57.650519976543116],[-6.409145214635553,57.660300939321935],[-6.382795677530013,57.6596651865187],[-6.353572176941438,57.67120576120976],[-6.3446589007295495,57.680344164280555],[-6.3496493552424935,57.68432278386731],[-6.342350490232672,57.685023612487],[-6.3563564974458036,57.69799978865154],[-6.347174790582203,57.7018999166016],[-6.356132781363346,57.705215653073935]]],[[[-5.978390132293459,57.49458509523845],[-5.998830716643198,57.45561490438988],[-6.025750849909884,57.44238401681447],[-6.03234620107195,57.42944485036518],[-6.020556730557782,57.41302089920263],[-6.018653341275254,57.3888351931464],[-6.001418154444661,57.370443443244696],[-5.993067578611707,57.37086636140587],[-5.992769820940244,57.358188251035564],[-6.021136040986559,57.33333886925641],[-6.050268730993744,57.32838249201967],[-6.0670003730164535,57.33367332332721],[-6.066002437658555,57.34603491300844],[-6.087435657520078,57.35104984089671],[-6.074232505626547,57.380315732846555],[-6.084861210024369,57.42132137028376],[-6.077686914174601,57.440109375109145],[-6.055564023201603,57.46142452582513],[-6.017829842679698,57.45460975052748],[-6.011314748948885,57.46509513226368],[-6.029444225947874,57.46943543626542],[-6.019420925836733,57.472315981285355],[-6.011284234713,57.489598771705104],[-5.992069645336275,57.4936127085321],[-5.997357344573346,57.50652792880555],[-5.978390132293459,57.49458509523845]]],[[[-5.989958993697734,57.324555564811234],[-5.92566015729571,57.30757799058034],[-5.919953104338873,57.29902294463903],[-5.928985622309849,57.280946124714816],[-5.980357618018466,57.27383807925551],[-6.007305756810212,57.28861757837076],[-6.0224198194269105,57.30580786272943],[-6.016234829835108,57.32036639449291],[-5.989958993697734,57.324555564811234]]],[[[-6.183418429965976,57.162777194625825],[-6.182365207042701,57.152587543206735],[-6.210240138750262,57.15078572564256],[-6.203996358753886,57.13598536761698],[-6.218026054534481,57.12994728151062],[-6.2480829683762185,57.13740540262853],[-6.255955937709067,57.149546156408526],[-6.22718056878108,57.15799849779999],[-6.2146599392950606,57.15283583388424],[-6.221378115109451,57.15863486018473],[-6.215358575157651,57.16484489446779],[-6.183418429965976,57.162777194625825]]],[[[-5.969821681495987,57.58291611532584],[-5.958690646856671,57.58094826610617],[-5.953848499319441,57.56848602936947],[-5.978567861701333,57.51458606055425],[-5.997889148085782,57.52753836556882],[-5.980442933095182,57.54044069081919],[-5.993911968908597,57.53578850984469],[-6.001111358806653,57.54273559215546],[-5.97635195246093,57.54968733582579],[-5.989466774918173,57.569189943996406],[-5.98226861713795,57.575263120544015],[-5.975046342057192,57.57113304753374],[-5.978836557152497,57.577177286613384],[-5.966231906200636,57.57186913328704],[-5.969821681495987,57.58291611532584]]],[[[-6.48501059032075,57.34148461070059],[-6.492463740770969,57.33041160767416],[-6.51318371929661,57.33128302575192],[-6.492292830998023,57.345123337950575],[-6.48501059032075,57.34148461070059]]],[[[-5.847558924885795,57.274256705321285],[-5.86448071631663,57.26847692499716],[-5.869963968796283,57.27769946039316],[-5.855866506383091,57.2824985953718],[-5.847558924885795,57.274256705321285]]],[[[-6.025341150237753,57.496465182237976],[-6.017688191927724,57.48832406531555],[-6.025222741268383,57.475485511281946],[-6.034101191623109,57.48966578769028],[-6.025341150237753,57.496465182237976]]],[[[-6.647238634107287,57.52479653025526],[-6.638486891107127,57.51159976451145],[-6.650406113409009,57.5118122106216],[-6.647238634107287,57.52479653025526]]],[[[-5.8833526938865655,57.30972717203446],[-5.8910628095066455,57.30557272157343],[-5.896502281997854,57.31222412195665],[-5.89300221875436,57.31528310052121],[-5.8833526938865655,57.30972717203446]]],[[[-6.003020624365032,57.51574591946802],[-5.992588384492117,57.506449959166],[-6.013020859047816,57.513785357407556],[-6.003020624365032,57.51574591946802]]],[[[-5.781594306948216,57.14594637663827],[-5.793593608907384,57.143548886411146],[-5.789377256983425,57.15050876360025],[-5.781594306948216,57.14594637663827]]],[[[-6.298221806149639,57.72905227695283],[-6.293256940168486,57.722202769833835],[-6.305779625849797,57.72539115334807],[-6.298221806149639,57.72905227695283]]],[[[-6.522163625653528,57.35976792454548],[-6.529957305139729,57.35798614040988],[-6.531721155836822,57.36303586571852],[-6.525784259429711,57.36586044099098],[-6.522163625653528,57.35976792454548]]],[[[-6.48809374367441,57.35887724049817],[-6.49394057911315,57.35572708578632],[-6.495412319108953,57.36468217957222],[-6.48809374367441,57.35887724049817]]],[[[-6.462283172174367,57.33795905090787],[-6.461680705632346,57.33525974017617],[-6.469304633936384,57.33160379609328],[-6.462283172174367,57.33795905090787]]],[[[-6.222372217533519,57.66536817418039],[-6.225401419508179,57.66255615889311],[-6.230738696577116,57.66644271598172],[-6.222372217533519,57.66536817418039]]],[[[-6.4399227130820895,57.74654342952049],[-6.428402409851334,57.738783345320755],[-6.442997588145723,57.74430081949326],[-6.4399227130820895,57.74654342952049]]],[[[-6.512713631715733,57.583046633959505],[-6.518682963671916,57.57728575650004],[-6.519975651749758,57.577320075609386],[-6.512713631715733,57.583046633959505]]],[[[-6.200558681302835,57.64023340412467],[-6.206951030535515,57.640624898699144],[-6.2082319291325545,57.64645650713286],[-6.200558681302835,57.64023340412467]]],[[[-6.604584899532684,57.45355661778502],[-6.602254486601192,57.449051576172735],[-6.610706197944396,57.452112989251475],[-6.604584899532684,57.45355661778502]]],[[[-6.517205224269001,57.58658239719678],[-6.525305450960435,57.593334414351574],[-6.517269980709306,57.58966509747257],[-6.517205224269001,57.58658239719678]]],[[[-6.633199526227587,57.44883873506486],[-6.628342059757649,57.444339506416384],[-6.634386518394407,57.445763679853464],[-6.633199526227587,57.44883873506486]]],[[[-6.671394925923711,57.33989265398704],[-6.668286030252044,57.334021976818725],[-6.673317382927605,57.337091064442916],[-6.671394925923711,57.33989265398704]]],[[[-6.639048668982031,57.524819656495445],[-6.639291186074249,57.51949919529055],[-6.642526099504439,57.527740839652076],[-6.639048668982031,57.524819656495445]]],[[[-5.895072904909586,57.175280485870076],[-5.892424392230883,57.17215307081906],[-5.897695509467083,57.17256714030505],[-5.895072904909586,57.175280485870076]]],[[[-6.534143290241627,57.59697942513905],[-6.5279295872289635,57.59443194702674],[-6.534873626874562,57.59524371629688],[-6.534143290241627,57.59697942513905]]],[[[-6.621516893485018,57.445045466776094],[-6.620853098019579,57.44105153505685],[-6.626928765581693,57.44712125676856],[-6.621516893485018,57.445045466776094]]],[[[-5.738642793168879,57.285606174172024],[-5.73817153805499,57.28949754854702],[-5.7353382181702015,57.288412188358144],[-5.738642793168879,57.285606174172024]]],[[[-5.978697478709684,57.51400204683912],[-5.976476602755244,57.51120816940509],[-5.9837346010521095,57.5148677515289],[-5.978697478709684,57.51400204683912]]],[[[-6.644507835883856,57.45340132421609],[-6.641855951474666,57.45010089225846],[-6.645301447406429,57.45112682081975],[-6.644507835883856,57.45340132421609]]],[[[-5.998038273731742,57.533166969316284],[-6.000532798656177,57.53138240188566],[-6.001639248679743,57.53442685742032],[-5.998038273731742,57.533166969316284]]],[[[-6.538775472312303,57.598453713799465],[-6.543301796150758,57.5966296083062],[-6.540657683144792,57.59964945457793],[-6.538775472312303,57.598453713799465]]],[[[-6.228816645103327,57.67124246816866],[-6.224658496558699,57.66810813231797],[-6.228369799266575,57.669528980276766],[-6.228816645103327,57.67124246816866]]],[[[-6.162923089024836,57.19705223759146],[-6.1622549377482585,57.19546023896206],[-6.165730385663814,57.19631148486968],[-6.162923089024836,57.19705223759146]]],[[[-6.42351276519947,57.72886602250042],[-6.420733448554029,57.72703413212004],[-6.423564023964505,57.72722288118157],[-6.42351276519947,57.72886602250042]]],[[[-6.515870357620759,57.58824018474592],[-6.513586071974981,57.58542135180712],[-6.5162604273806215,57.586728673993726],[-6.515870357620759,57.58824018474592]]],[[[-6.4038455142416755,57.5319272239486],[-6.4059600448990315,57.53060765445807],[-6.40595184162364,57.53275294465701],[-6.4038455142416755,57.5319272239486]]],[[[-6.63665158739923,57.528978152091504],[-6.636842598678418,57.527533642983336],[-6.639568821398954,57.52989164392136],[-6.63665158739923,57.528978152091504]]],[[[-5.918447739981539,57.27356632643692],[-5.9202640414495304,57.27395809745275],[-5.920766345621856,57.276415095472],[-5.918447739981539,57.27356632643692]]],[[[-6.513288983411794,57.59261746091121],[-6.514265389296391,57.59113303128291],[-6.513820746767833,57.59313786513696],[-6.513288983411794,57.59261746091121]]],[[[-5.735724610872465,57.28064034864203],[-5.735846405951769,57.27844962064768],[-5.73747900342946,57.2799789054472],[-5.735724610872465,57.28064034864203]]],[[[-5.783673820692792,57.14428319037383],[-5.780723740980939,57.14341473030945],[-5.783960526438887,57.1430427678053],[-5.783673820692792,57.14428319037383]]],[[[-6.414360414434543,57.52736792070452],[-6.415720959182181,57.524861654723736],[-6.415203775708487,57.527814794011526],[-6.414360414434543,57.52736792070452]]],[[[-5.976535988194213,57.13996296941945],[-5.978942801231593,57.138119625115344],[-5.979293104239126,57.139070626382654],[-5.976535988194213,57.13996296941945]]],[[[-5.733151597211421,57.301620211482195],[-5.733313751119061,57.300488609441175],[-5.73350736014567,57.301191478507796],[-5.733151597211421,57.301620211482195]]],[[[-6.623408324627613,57.451699625037186],[-6.622312535420015,57.45068748969024],[-6.627188145508463,57.45255907418335],[-6.623408324627613,57.451699625037186]]],[[[-6.094234495418575,57.12586192447226],[-6.0929778943427175,57.12360394964838],[-6.094237484664051,57.12413457978167],[-6.094234495418575,57.12586192447226]]],[[[-5.976434181619772,57.583605622373085],[-5.977203884063734,57.58260126038402],[-5.978706746239331,57.583434293535426],[-5.976434181619772,57.583605622373085]]],[[[-5.982366932727829,57.511115821174286],[-5.980150712321479,57.509738887306185],[-5.982881812351351,57.51079548060995],[-5.982366932727829,57.511115821174286]]],[[[-6.314212328019959,57.15826943604513],[-6.3140815190942385,57.15754887478104],[-6.31632749849875,57.15750746094803],[-6.314212328019959,57.15826943604513]]],[[[-5.730918846064108,57.299600551574315],[-5.732860480622746,57.29891412716073],[-5.7323991034077775,57.29997006417759],[-5.730918846064108,57.299600551574315]]],[[[-6.349206550171315,57.68816484048084],[-6.348732753477008,57.68731763807283],[-6.352017210931978,57.690039686311486],[-6.349206550171315,57.68816484048084]]],[[[-6.606271755776096,57.45725148587945],[-6.607486431681176,57.45662634287038],[-6.6080025300204595,57.45749096483605],[-6.606271755776096,57.45725148587945]]],[[[-5.9260187003152724,57.32652799081229],[-5.926694144091922,57.32552007942269],[-5.927020670216005,57.32560637800386],[-5.9260187003152724,57.32652799081229]]],[[[-5.740078209504254,57.27871406860555],[-5.740235185736896,57.27774127338546],[-5.7413841745614596,57.27806949536554],[-5.740078209504254,57.27871406860555]]],[[[-5.706620539751654,57.27718983953073],[-5.707186764537954,57.27653471601118],[-5.708334145174925,57.27712265347919],[-5.706620539751654,57.27718983953073]]],[[[-6.329966853365672,57.06037393991445],[-6.283253319100463,57.03977362374363],[-6.260207922550161,57.036761461287],[-6.24753810579528,57.020120984175975],[-6.279638238174441,57.011754588106186],[-6.238301759025829,57.00479809579596],[-6.260424154605341,56.96122422668101],[-6.311141165945361,56.93486773451296],[-6.369568873396569,56.95225529172317],[-6.375832764366963,56.97318111026742],[-6.393962393488806,56.97511397630188],[-6.46005312399754,57.00739403670461],[-6.3701850954857555,57.0533536300528],[-6.351243320468357,57.04895984933665],[-6.329966853365672,57.06037393991445]]],[[[-6.11171762759266,56.92450641707306],[-6.1164080124696625,56.88818759268209],[-6.126774686778137,56.88935134150793],[-6.134689237877317,56.87995702646971],[-6.128506998679657,56.87647931924938],[-6.138274434998379,56.87200948910447],[-6.163206068275433,56.87211424373383],[-6.207469420861514,56.887385300010145],[-6.201918873633002,56.90930804064743],[-6.158653371581453,56.91500583076814],[-6.162278380912352,56.93630603080969],[-6.138119571901199,56.94437097137501],[-6.11171762759266,56.92450641707306]]],[[[-6.556683361811124,57.069684903151874],[-6.4860817924408645,57.06667494648383],[-6.488995704194557,57.055999243342825],[-6.549691884885219,57.05812048574938],[-6.57009676438167,57.04543676272609],[-6.595334193924105,57.041829553841865],[-6.611805642597897,57.05188634854632],[-6.560091479685104,57.06268415179947],[-6.556683361811124,57.069684903151874]]],[[[-6.265675676121182,56.8479795696289],[-6.254980251473488,56.84023366549761],[-6.223015771564753,56.84532295054584],[-6.2148259824742995,56.83652542026935],[-6.219913499118957,56.8306881875247],[-6.228693915327619,56.83493658151713],[-6.226153284591819,56.827180684651296],[-6.235805179135569,56.82296333139119],[-6.2478211142624,56.832815587938086],[-6.2703233437707455,56.8280128925774],[-6.277429009789497,56.835318483970674],[-6.262427590547949,56.83999714321379],[-6.265675676121182,56.8479795696289]]],[[[-6.512996359278454,57.04925444428877],[-6.469548288066522,57.04990360117331],[-6.465399253165423,57.04429105138262],[-6.512996359278454,57.04925444428877]]],[[[-5.888316220857793,56.9261319811453],[-5.88615055572165,56.91994123814315],[-5.900245021872124,56.91974882528303],[-5.888316220857793,56.9261319811453]]],[[[-6.120336305241468,56.87111562697699],[-6.1266633285926035,56.86840639484825],[-6.128642406172603,56.872547984115855],[-6.124895015618936,56.877228607093805],[-6.120336305241468,56.87111562697699]]],[[[-5.921242998274502,56.90396658357434],[-5.9294943517831955,56.90139544682879],[-5.933517068724383,56.90135407319127],[-5.921242998274502,56.90396658357434]]],[[[-6.275074847976575,56.853108053735774],[-6.274854456183332,56.84797710059788],[-6.2801472992292,56.85024041467853],[-6.275074847976575,56.853108053735774]]],[[[-5.737671264495326,56.85391399219866],[-5.74079986405243,56.850652836042556],[-5.742896003519332,56.85315483598181],[-5.737671264495326,56.85391399219866]]],[[[-6.674152018640943,56.97117597038442],[-6.675738151740906,56.96835484433848],[-6.676842483496811,56.97422282310734],[-6.674152018640943,56.97117597038442]]],[[[-5.908289216695367,56.915788068134894],[-5.912883245659803,56.91429084200078],[-5.9135370640584854,56.916450846288306],[-5.908289216695367,56.915788068134894]]],[[[-6.678699336131045,56.969836062407055],[-6.680912015582512,56.96726137923056],[-6.682112014450569,56.9695626140988],[-6.678699336131045,56.969836062407055]]],[[[-5.749029941975362,56.891367279473975],[-5.75235120613111,56.890660518095146],[-5.750691892028837,56.89245919748835],[-5.749029941975362,56.891367279473975]]],[[[-5.896662933207514,56.87384557963672],[-5.894883147129081,56.872444513213516],[-5.898345165912169,56.87249819657468],[-5.896662933207514,56.87384557963672]]],[[[-5.856056948854626,56.94423732364779],[-5.859698213566648,56.94227165593882],[-5.858937063371783,56.943898374807794],[-5.856056948854626,56.94423732364779]]],[[[-5.738968469301366,56.85003880935096],[-5.739540604949822,56.84917954240446],[-5.739696395771486,56.85020436738158],[-5.738968469301366,56.85003880935096]]],[[[-5.817428326221767,56.878589044437526],[-5.817362231289257,56.877545462710515],[-5.820104153339868,56.87787268910722],[-5.817428326221767,56.878589044437526]]],[[[-6.283386918634715,56.85045187224191],[-6.284176460521096,56.849090209863206],[-6.284087323814557,56.8509639222164],[-6.283386918634715,56.85045187224191]]],[[[-5.785721585334322,56.85655856103003],[-5.784128819446672,56.855034549627604],[-5.786344790571792,56.8552819638405],[-5.785721585334322,56.85655856103003]]],[[[-5.781073077778449,57.03561579163222],[-5.781688611971758,57.03615462127687],[-5.778920522273544,57.036503538443654],[-5.781073077778449,57.03561579163222]]],[[[-5.9142228280933065,56.9155436477296],[-5.9159396647331794,56.914671531743735],[-5.915232372137321,56.916626959844514],[-5.9142228280933065,56.9155436477296]]],[[[-5.633644082943005,56.986735873161685],[-5.636437025464718,56.98590842459559],[-5.635625608979905,56.987127765221004],[-5.633644082943005,56.986735873161685]]],[[[-5.720215998117988,56.85000798604401],[-5.719606394687697,56.84899220448432],[-5.722540722622548,56.84956843818964],[-5.720215998117988,56.85000798604401]]],[[[-6.6777934649874275,56.970819026711254],[-6.676151207246213,56.967709694501345],[-6.677667979010259,56.96903364992384],[-6.6777934649874275,56.970819026711254]]],[[[-5.885227027646669,56.919282130841445],[-5.887175245407119,56.91794015222002],[-5.887260529941875,56.91907494111354],[-5.885227027646669,56.919282130841445]]],[[[-6.535859581066625,57.05151289866845],[-6.5362974044837046,57.05016579922616],[-6.537851221375816,57.05065807011371],[-6.535859581066625,57.05151289866845]]],[[[-5.819930320945113,56.88432924160719],[-5.822124064338776,56.88333171162555],[-5.821525853696004,56.88443564974031],[-5.819930320945113,56.88432924160719]]],[[[-5.782170017583312,57.0420942054503],[-5.783741861483444,57.04190520955779],[-5.782302907678718,57.04316252467247],[-5.782170017583312,57.0420942054503]]],[[[-6.502489688382916,57.055278323186286],[-6.503767978583136,57.05445425026288],[-6.504133277072946,57.05562836102318],[-6.502489688382916,57.055278323186286]]],[[[-5.803715432675684,56.885479333740484],[-5.805030674332622,56.88434420510209],[-5.805075599813324,56.88551171467252],[-5.803715432675684,56.885479333740484]]],[[[-5.534798082755451,56.997956049155334],[-5.534236012664628,56.99724616387366],[-5.534724231925426,56.997322395401355],[-5.534798082755451,56.997956049155334]]],[[[-5.822320154872065,56.881762414412755],[-5.823301122866213,56.881159381300314],[-5.822914670720985,56.88187262842517],[-5.822320154872065,56.881762414412755]]],[[[-5.876689735708778,56.81064488344527],[-5.833998058930395,56.795843808537036],[-5.826281531166907,56.800513851433855],[-5.8092161441323675,56.793519880245405],[-5.830832415536818,56.79501055974865],[-5.851308521073095,56.785936121318414],[-5.872926842063101,56.79222995254957],[-5.8869082375272885,56.79203421442009],[-5.876689735708778,56.81064488344527]]],[[[-5.8710345474049275,56.661607521657615],[-5.889608814914209,56.65101543171708],[-5.8948283834077735,56.65331344556319],[-5.895995722763968,56.661250441024855],[-5.882198082986418,56.67004439316689],[-5.8710345474049275,56.661607521657615]]],[[[-5.928049122187921,56.66932764043543],[-5.921769402679024,56.662427308732624],[-5.905446297973761,56.6588543257025],[-5.950448864461066,56.65911764417452],[-5.928049122187921,56.66932764043543]]],[[[-5.938443561191847,56.679985594228945],[-5.9444329592804515,56.678584591960735],[-5.944428230245585,56.687032102515914],[-5.938443561191847,56.679985594228945]]],[[[-5.3363085076607275,56.63142485366042],[-5.3422844281117055,56.628956905976885],[-5.33530259522321,56.63586871488359],[-5.3363085076607275,56.63142485366042]]],[[[-5.662036685632308,56.684091589608975],[-5.657659472238359,56.68090280850012],[-5.66451654729993,56.681175697187186],[-5.662036685632308,56.684091589608975]]],[[[-5.902722312886453,56.67173758112256],[-5.903004470755962,56.6689389480576],[-5.90453009809984,56.67208455228416],[-5.902722312886453,56.67173758112256]]],[[[-5.89923385879115,56.674955892962814],[-5.902986509761918,56.67326009639265],[-5.90310619765102,56.67575607442873],[-5.89923385879115,56.674955892962814]]],[[[-5.781953750487242,56.849717908867156],[-5.783124284050593,56.847174384008206],[-5.7852065542422055,56.84930132847166],[-5.781953750487242,56.849717908867156]]],[[[-5.900563136774804,56.65649910711805],[-5.900495784189801,56.65396531548784],[-5.90108454190191,56.65671615231637],[-5.900563136774804,56.65649910711805]]],[[[-5.870263816240312,56.817589846671346],[-5.8730038883710325,56.81646023937948],[-5.871661624298424,56.819734462031164],[-5.870263816240312,56.817589846671346]]],[[[-5.869383446504117,56.54604654614967],[-5.872661872345517,56.545675220544474],[-5.874487156335384,56.54760548125712],[-5.869383446504117,56.54604654614967]]],[[[-5.834894318836197,56.83649320707975],[-5.83579171607812,56.834396776736114],[-5.836118872864168,56.83454075030752],[-5.834894318836197,56.83649320707975]]],[[[-5.814823408413087,56.78913002778632],[-5.811887663514364,56.78776348657391],[-5.8162542279192255,56.788696355666104],[-5.814823408413087,56.78913002778632]]],[[[-5.691667009855823,56.692952212532546],[-5.690949893528124,56.69553238645635],[-5.689248141597747,56.69506984671582],[-5.691667009855823,56.692952212532546]]],[[[-5.8291306163388965,56.78871174006196],[-5.826635683168618,56.7870929994084],[-5.830242102857952,56.78786825239788],[-5.8291306163388965,56.78871174006196]]],[[[-5.696814833504236,56.50105183875167],[-5.698170426334934,56.501307533798006],[-5.697340432336013,56.50363094277014],[-5.696814833504236,56.50105183875167]]],[[[-5.876533538301155,56.81907289343824],[-5.875621472685979,56.8170397552907],[-5.877148084092807,56.81800833597758],[-5.876533538301155,56.81907289343824]]],[[[-5.871571469578337,56.79052768700824],[-5.87044917090403,56.78893955537298],[-5.871999384160626,56.78919709932184],[-5.871571469578337,56.79052768700824]]],[[[-5.129333074864677,56.685022071228246],[-5.1303880922640275,56.68381519936541],[-5.131042524886442,56.6839441535379],[-5.129333074864677,56.685022071228246]]],[[[-5.737574361157957,56.84691736041375],[-5.736317428080696,56.84610531814503],[-5.73934888815579,56.84655272716527],[-5.737574361157957,56.84691736041375]]],[[[-5.882807438160383,56.78699543595237],[-5.885704423414877,56.78643249297574],[-5.883896672905877,56.78740603189978],[-5.882807438160383,56.78699543595237]]],[[[-6.193247930363584,56.74890965755393],[-6.191090614993245,56.74848869237915],[-6.195254278731791,56.748690147959216],[-6.193247930363584,56.74890965755393]]],[[[-6.10994980410675,56.68934705759729],[-6.111742351229136,56.68864497160188],[-6.1125051688827226,56.68892525183211],[-6.10994980410675,56.68934705759729]]],[[[-6.2106111075314905,56.73323839658814],[-6.21096289547506,56.73304651381915],[-6.211125443979603,56.73351234371725],[-6.2106111075314905,56.73323839658814]]]]}},{"type":"Feature","properties":{"county":"Orkney Islands"},"geometry":{"type":"MultiPolygon","coordinates":[[[[-2.968244335446439,58.985495198622594],[-2.9461610731380103,58.99126002719399],[-2.943926001194283,59.00655392115955],[-2.9323058058943645,59.01449918728979],[-2.9275867689766093,59.00590237654824],[-2.899311318446163,59.008939900315255],[-2.9119893771097867,59.00589197328491],[-2.907539462456695,58.99861814505147],[-2.9154603230370446,58.992898062135104],[-2.8886723558951717,58.99062646234334],[-2.919565735153455,58.982526456122855],[-2.914028513912533,58.973877475669646],[-2.918932467326803,58.96496267350639],[-2.8836866467789357,58.9605907403658],[-2.8834341909011085,58.96825418858501],[-2.870511005943913,58.969272256314696],[-2.8553491197912133,58.98600177108116],[-2.825314960002666,58.98072553435293],[-2.8007500247300223,58.991220215113046],[-2.7919223085006637,58.965417135432986],[-2.82001115594115,58.96683888129046],[-2.8483946025884936,58.95807535414931],[-2.828334900151275,58.94652383093444],[-2.8314224024506296,58.9379702289255],[-2.8250442847278547,58.934415100073736],[-2.8308657667554065,58.92486417149667],[-2.8431910477982414,58.92631379969616],[-2.8249105003671295,58.92065788622295],[-2.8186107636005486,58.92853841259144],[-2.801412082070283,58.92859158658163],[-2.805809244351754,58.92266715473568],[-2.7861237387387283,58.91557222543863],[-2.778119225182063,58.92530311201017],[-2.791953242779151,58.92697122684836],[-2.786050738397183,58.94024525925168],[-2.80525825252727,58.947847971423265],[-2.7153691174401757,58.97299538035091],[-2.704136002814835,58.96369398610329],[-2.7069653272909093,58.9481094676103],[-2.715960669789196,58.94683139288168],[-2.7191834608647123,58.937262360996336],[-2.71249280994492,58.92066503044934],[-2.7473537071176035,58.92389788522629],[-2.7621532495568726,58.913124036682774],[-2.786152438051379,58.91454282828583],[-2.8025134416871604,58.895132684410214],[-2.821777814543127,58.886969215639176],[-2.818038090258322,58.88149386531067],[-2.8275658984052123,58.873260339331345],[-2.8362963558370895,58.87255202886454],[-2.832337947656247,58.880815972365724],[-2.8550962909065802,58.891902531865256],[-2.8839967262260884,58.90028406857464],[-2.8970469314659493,58.89559026840672],[-2.8836629135486076,58.88971630686169],[-2.913062936767493,58.86912518596688],[-2.8855283319900025,58.873598644691505],[-2.888570046827682,58.85511236092731],[-2.8578848286834333,58.853112553776505],[-2.9063359859264644,58.83981771739611],[-2.8888418514610623,58.83394368483341],[-2.8890385963875356,58.823300487696],[-2.8778121351321815,58.81921638996876],[-2.8962876386329697,58.819000386741166],[-2.930592861177396,58.79429321396143],[-2.92096953046474,58.783028817001],[-2.9397524562508637,58.76725488734306],[-2.9091188393739102,58.75378171754952],[-2.9236152455322433,58.73929130991847],[-2.916556812614763,58.73542897932306],[-2.9623063789513115,58.73001696032015],[-2.96538426805554,58.7413093908451],[-2.976439947812752,58.7387867121857],[-2.992397839174979,58.75383087675687],[-2.9798425744231363,58.7610528294841],[-2.9790224427776324,58.785911475758226],[-2.994077394241845,58.78698180143942],[-3.0219589673291094,58.807187797292706],[-3.009681049691479,58.81308261260494],[-2.9993261795609087,58.79973344601937],[-2.9822971140448797,58.80603353527467],[-2.974292340055466,58.818205520611464],[-2.9833816646987428,58.812176565971214],[-3.0036147258450976,58.826789656989256],[-3.036738226636711,58.819310357786755],[-3.013679688775387,58.83284803993412],[-2.9907355623800322,58.8279292188986],[-2.9639852685299366,58.83621462223387],[-2.957943753051135,58.826007867028814],[-2.910404670189522,58.837921857192235],[-2.9025505169457286,58.84322479072148],[-2.9333526317679035,58.84238311395548],[-2.9627263312025445,58.85243742969942],[-2.9389374698254795,58.860754112005374],[-2.91330075505557,58.85617895572137],[-2.9134465972178596,58.86914133005032],[-2.9240917292124444,58.87731840717723],[-2.9062209024275703,58.87989159039214],[-2.8974285629810046,58.89545020295516],[-2.931363469906109,58.890705760252935],[-2.9327720918764664,58.90255182541073],[-2.9729709489477227,58.94011315384244],[-2.970078276265589,58.96062440469717],[-2.9834794257004638,58.96261761014495],[-3.025032255401264,58.94143551265405],[-3.066154419817342,58.93599962237197],[-3.09085053819524,58.94303793038002],[-3.0790683777665357,58.936317298165186],[-3.0803536566227545,58.92931947503023],[-3.1103725030636995,58.93188846319603],[-3.1280796919867377,58.9263885342493],[-3.119590437602178,58.920416950955584],[-3.1301332441596337,58.91699936826595],[-3.1569817459726326,58.920640013134516],[-3.1806845952387235,58.912056701352306],[-3.187253954874887,58.918658995982895],[-3.2025323601223725,58.91216061949046],[-3.2352145558598018,58.943186165649074],[-3.2303424237494847,58.967045233064354],[-3.2527287180691355,58.976410070557755],[-3.2470213267537407,58.98107903081938],[-3.256402113336847,58.98308366838305],[-3.2637402420237747,58.962509559431076],[-3.290006483057672,58.96169382622672],[-3.290453118421499,58.968708484940855],[-3.3004983356673576,58.95961280498504],[-3.295681623772111,58.951267861406706],[-3.305493550416421,58.949752142689185],[-3.3557981423730765,58.96486206293795],[-3.351433838183606,58.97243170669077],[-3.367986688669156,58.99857066463895],[-3.3572885293508112,59.00953757637659],[-3.366091816809087,59.01508958200877],[-3.358439175175627,59.016817694473836],[-3.3640002178081003,59.0184909136038],[-3.357724506235034,59.021928542479635],[-3.3609484053345327,59.03003205508615],[-3.3478562201830857,59.03762541665471],[-3.357343269062521,59.047047027021804],[-3.3343104580548886,59.05457186371901],[-3.3493476027049645,59.06166521783231],[-3.3460950463086263,59.075202762093866],[-3.353150554891816,59.08345700451539],[-3.3467958120958388,59.09824922157086],[-3.357824438597593,59.103611184420664],[-3.320030493149462,59.12282178108444],[-3.3174459926855926,59.13144234721665],[-3.3251199007209444,59.13598786874161],[-3.2224960954530486,59.15403934366332],[-3.19836827568299,59.154244498545864],[-3.095310093819391,59.11825848812196],[-3.0732207149261273,59.123522815548576],[-3.0696489105697755,59.113626526211],[-3.0457110108867123,59.10503209395085],[-3.0625698657263443,59.09583049548482],[-3.008279341722026,59.077641050562306],[-3.0024888011745205,59.05431638518166],[-3.015307313168171,59.046848503312745],[-3.0122892946979682,59.03882591659348],[-3.0655853759643814,59.048399100577136],[-3.053136845775499,59.036024221799764],[-3.065588861824826,59.029547521596214],[-3.061262157277782,59.02347581274648],[-3.0811342300567994,59.02371021773682],[-3.1019759192419802,59.00970879125909],[-3.1163820602535863,59.012644402686924],[-3.1237383912917833,59.01032375853666],[-3.0538004492551347,58.993499046517215],[-3.0389095886565487,59.00931676343018],[-3.0014088279032967,59.00908587441204],[-2.970195647773189,58.995667773535615],[-2.968244335446439,58.985495198622594]]],[[[-3.186112419639812,58.90938677669743],[-3.1916599414110243,58.90927535686945],[-3.19062252216141,58.91259602763632],[-3.186112419639812,58.90938677669743]]],[[[-3.3524484191599435,58.932040345555436],[-3.3256690262238457,58.92767631183366],[-3.326153688751319,58.91817412773407],[-3.3126089932981784,58.91573632785503],[-3.3139556441686304,58.905988455422225],[-3.2854024046589716,58.905138588703416],[-3.2122758076812477,58.87766109628226],[-3.231186823480759,58.87046300632629],[-3.2158158914011366,58.868411351586154],[-3.2122883871562533,58.86389659560965],[-3.2209607846376525,58.86103054617176],[-3.1980683122819014,58.85264419590855],[-3.214888087843124,58.84061855793349],[-3.190929417378072,58.83595855601154],[-3.2054650737061503,58.8268912731857],[-3.1703880307257593,58.82087320421327],[-3.2035505431756364,58.80469645196084],[-3.246404653483,58.80077601952756],[-3.259314808971949,58.786794500598674],[-3.2362885257156515,58.78336337417563],[-3.2087356615987113,58.80018172075442],[-3.1525937568207185,58.80650111816808],[-3.1392022844113443,58.80142498544303],[-3.1538850346202194,58.78675238042167],[-3.1317210802950872,58.78645936724019],[-3.1881722030296116,58.777034413046906],[-3.2293912239944533,58.78503511515407],[-3.2348338692328347,58.78146867674352],[-3.2203142225602712,58.77606271188597],[-3.2302158024771694,58.77182778773844],[-3.2500134123695053,58.78162969459701],[-3.2969866941066055,58.77806553396439],[-3.3222194483606717,58.796419863541644],[-3.3224602728424877,58.805251058160735],[-3.3345766424594085,58.812450989632325],[-3.328441163041479,58.817485766307954],[-3.3699982749419872,58.83719760691445],[-3.379249632183648,58.86787088874947],[-3.4351909695779765,58.872251073111855],[-3.4326133770915073,58.8873110447401],[-3.402683110699954,58.922228626995775],[-3.3524484191599435,58.932040345555436]]],[[[-3.064562126440404,58.84603262774772],[-3.1135564529307747,58.83688205643225],[-3.101881820670495,58.82866447251673],[-3.077308661966579,58.83152653527591],[-3.0843114063347468,58.822836135509846],[-3.0800199132078534,58.81409723279754],[-3.1009798760696996,58.82032834697638],[-3.1279684378107997,58.81320539240968],[-3.147720788361707,58.82807086650046],[-3.1213333872861613,58.842932051906594],[-3.064562126440404,58.84603262774772]]],[[[-3.313607139950594,58.938524422743136],[-3.272848408355367,58.93574727136008],[-3.2668887341616695,58.92376782676113],[-3.3054262803397307,58.92424560948121],[-3.313607139950594,58.938524422743136]]],[[[-3.1495731950388306,58.8384999899962],[-3.172834199676129,58.834935177996066],[-3.1809668308569434,58.846520912712236],[-3.1624900120911903,58.85505413805531],[-3.1650185380634226,58.85008697822626],[-3.1495731950388306,58.8384999899962]]],[[[-3.158561769484737,58.8771186227928],[-3.1723764512149346,58.87507464326232],[-3.178146353120355,58.88678306992324],[-3.158561769484737,58.8771186227928]]],[[[-3.095922230758453,58.80314448124021],[-3.1091280819859786,58.79501540914845],[-3.1127848826377362,58.798082050472914],[-3.095922230758453,58.80314448124021]]],[[[-3.1897129573892156,58.860599273383286],[-3.2004820491374684,58.85917928071729],[-3.19998970304874,58.868241844849614],[-3.1988342944608505,58.863415966360044],[-3.1897129573892156,58.860599273383286]]],[[[-3.068273954687833,58.85317365947414],[-3.080819644617652,58.8519555421116],[-3.069089485972617,58.8551697728404],[-3.068273954687833,58.85317365947414]]],[[[-3.316876946533909,58.926892268034436],[-3.3186916089049827,58.92628457148041],[-3.320111686099081,58.92894391380992],[-3.316876946533909,58.926892268034436]]],[[[-3.3195956067768404,58.92571219604491],[-3.3215298993920417,58.92551010657253],[-3.322288258401842,58.927533103283714],[-3.3195956067768404,58.92571219604491]]],[[[-3.3208531672036314,58.93166137162971],[-3.319119489139215,58.92989262518015],[-3.3232110017438212,58.931939939479435],[-3.3208531672036314,58.93166137162971]]],[[[-3.290187604790125,58.96021365148604],[-3.2882217727026704,58.958090242097065],[-3.2902311695816824,58.95910039883732],[-3.290187604790125,58.96021365148604]]],[[[-3.0595087404113763,59.008780709778236],[-3.067530539764867,59.00592345064117],[-3.0657605849213017,59.01096436164953],[-3.0595087404113763,59.008780709778236]]],[[[-3.3377441330252138,59.134201406878404],[-3.3399254965355176,59.13727562603939],[-3.329292131153637,59.13595778928088],[-3.3377441330252138,59.134201406878404]]],[[[-4.404965977799975,59.08676337566763],[-4.40760912828007,59.08211088564785],[-4.413085268573425,59.08254360765411],[-4.404965977799975,59.08676337566763]]],[[[-3.08160059216914,59.00572561695113],[-3.0785868304281307,59.003222782288404],[-3.0874539721190604,59.00316977409209],[-3.08160059216914,59.00572561695113]]],[[[-2.997881569312356,59.07013341407712],[-2.9969218568097915,59.068857410924295],[-3.000222280673621,59.06887421097105],[-2.997881569312356,59.07013341407712]]],[[[-3.3222091369130853,59.12518237497557],[-3.3213830839254377,59.124148044830314],[-3.323951837779323,59.124253895280454],[-3.3222091369130853,59.12518237497557]]],[[[-4.506329106296936,59.02526368030184],[-4.5062090847778675,59.02268182823225],[-4.5072270326244865,59.023850302667576],[-4.506329106296936,59.02526368030184]]],[[[-4.401785611413946,59.08744044400687],[-4.403178877174302,59.0859717862466],[-4.403553239193353,59.08705550620088],[-4.401785611413946,59.08744044400687]]],[[[-3.363877027191879,59.02026248962259],[-3.3637040619647234,59.02064513153708],[-3.363035486916789,59.0204761281328],[-3.363877027191879,59.02026248962259]]],[[[-2.9610933991013915,58.85983182433475],[-2.981540086466554,58.84892511371772],[-2.989173001011703,58.852466588994076],[-2.9610933991013915,58.85983182433475]]],[[[-3.053147018747202,58.739713741035494],[-3.0706627086565836,58.736255134039794],[-3.0503043583333826,58.752010185654285],[-3.053147018747202,58.739713741035494]]],[[[-2.6641818249743974,58.90154164996857],[-2.6829201140479286,58.892216951816174],[-2.6836264974320803,58.89927762107963],[-2.6641818249743974,58.90154164996857]]],[[[-2.918656297793308,58.6908446245149],[-2.919545631956282,58.68621961604853],[-2.9326950992621508,58.68831245287998],[-2.918656297793308,58.6908446245149]]],[[[-2.7021226928304625,58.90273845128852],[-2.697441347326983,58.89936992576475],[-2.702142375987422,58.89981741255373],[-2.7021226928304625,58.90273845128852]]],[[[-2.97501865785005,58.729792651128896],[-2.9786829990012973,58.72903287296756],[-2.974959386692453,58.732489337407976],[-2.97501865785005,58.729792651128896]]],[[[-2.843663350640237,58.98713628897265],[-2.846107047682911,58.98565308216348],[-2.8462626634836994,58.98585075975128],[-2.843663350640237,58.98713628897265]]],[[[-2.700098963687218,58.943667183482376],[-2.7035157903863842,58.941724041474224],[-2.7046381723721384,58.94265463195453],[-2.700098963687218,58.943667183482376]]],[[[-2.705272654942289,58.90408549053015],[-2.7045491842082745,58.90299376818619],[-2.7073828093612677,58.90313245606071],[-2.705272654942289,58.90408549053015]]],[[[-2.701958001953428,58.89757986979478],[-2.7035608295284175,58.897019360589645],[-2.7027783691400558,58.89885407475592],[-2.701958001953428,58.89757986979478]]],[[[-2.9099047458720326,58.674262098451585],[-2.9113731606934445,58.67381153510214],[-2.9108896708922205,58.6745856016311],[-2.9099047458720326,58.674262098451585]]],[[[-2.686090180455724,59.18632007873399],[-2.694886470460666,59.18492619921004],[-2.7012821221336423,59.20266931803352],[-2.695742593540008,59.22110201493448],[-2.6786520435912675,59.21988389812988],[-2.6812760676733225,59.225845721228914],[-2.669058817497504,59.22494915338581],[-2.656379713506883,59.24165006018381],[-2.6022617907958034,59.25945598495029],[-2.6087219317056802,59.267955382707676],[-2.5927841905619444,59.269030287573386],[-2.6143020048611336,59.28273760036327],[-2.6143431674407225,59.29400134429444],[-2.5753922505844487,59.29437787493266],[-2.5580871126435536,59.30549351375488],[-2.529432800863251,59.30283835958261],[-2.5563658375881486,59.2874318041813],[-2.5528570548293974,59.27585779713208],[-2.570072003779407,59.277656755529385],[-2.583439441301494,59.264436027497155],[-2.5577666640003027,59.26008448953036],[-2.5538701661111496,59.268992593037964],[-2.5444958057432725,59.26013008404932],[-2.5396398320595885,59.26380797829577],[-2.5455101734283305,59.265212234579636],[-2.485566504901553,59.28787796920205],[-2.4507468465433946,59.28993591348689],[-2.447139353426076,59.30367356562658],[-2.42208809796515,59.31249583711256],[-2.416651154514363,59.28751642415794],[-2.39042536948319,59.27870938502496],[-2.4229695303959224,59.27505585438064],[-2.4364438406161613,59.2836088555686],[-2.4790530880734223,59.277051430373376],[-2.5193106609533893,59.2402027872819],[-2.515487877606322,59.23185921440283],[-2.5048557961071447,59.23206712208271],[-2.507251277701109,59.222991335566086],[-2.523035717509442,59.23340846392246],[-2.5224568101624723,59.235973080621854],[-2.51084831721478,59.25226624178819],[-2.5234783145670474,59.257753160156675],[-2.5382607248687092,59.25056336887674],[-2.5267748993728922,59.24774395835092],[-2.532516319538104,59.2397559786174],[-2.5248174820131584,59.23777933601796],[-2.565371784880199,59.23656026643007],[-2.5710451265739818,59.22112675289222],[-2.5811285970655025,59.2255958561532],[-2.5766057881026736,59.237478982186865],[-2.5607738373143105,59.23853519813391],[-2.570200457087484,59.24496357184026],[-2.602024693187406,59.22923654447905],[-2.6075071486227133,59.23729423093462],[-2.6307649698859508,59.23758488451487],[-2.653886208303728,59.21030931955907],[-2.668352761562982,59.20857527626234],[-2.6738618745276255,59.19134577345382],[-2.688176362518949,59.2040660490604],[-2.686090180455724,59.18632007873399]]],[[[-2.952192051166664,59.35967580248032],[-2.9441086937573377,59.34901814575642],[-2.9692529579947804,59.34105194989593],[-2.9520042981121817,59.3376551270513],[-2.9555384989442683,59.327738080391086],[-2.9828844431343224,59.32600795178162],[-2.9892074654500096,59.316709177601815],[-2.9729642266440375,59.31856388053558],[-2.95670945530387,59.30782314808925],[-2.9415892373502777,59.311072026517294],[-2.939675498084873,59.3032781265396],[-2.9151479727161864,59.297864151546],[-2.904020945564446,59.30380437250295],[-2.8971911699151285,59.290270315375636],[-2.882640032295417,59.2859208055643],[-2.8808446178969773,59.26625014046188],[-2.8551163835046154,59.26758989921438],[-2.838163481031946,59.24693380934407],[-2.8596163180027485,59.25140346595788],[-2.883388404654973,59.22800060564864],[-2.8872259674655614,59.23515717483563],[-2.876509240240376,59.241934728656275],[-2.8748371310126535,59.25568363589881],[-2.890983850260207,59.25457362911296],[-2.928091615344985,59.28554545944979],[-2.9611706730229654,59.29003472082053],[-2.9671196651915466,59.28712135324821],[-2.9482386727662298,59.272772583631244],[-2.9770688072947227,59.26821098968508],[-2.9834076248630828,59.259403498592626],[-3.0248723081620326,59.277876522185096],[-3.017711697349787,59.28603159690865],[-3.030602964990164,59.31245816438787],[-3.0425782308698963,59.31207273490525],[-3.0708092244899405,59.32957423046465],[-3.0337233579230016,59.323412267212],[-3.024588703693643,59.329685581227004],[-3.0024468812788663,59.327566050602194],[-2.979634637829325,59.335630859508605],[-2.9758809367361856,59.35403505909353],[-2.952192051166664,59.35967580248032]]],[[[-3.0745032763016353,59.1992386052944],[-3.0508700469195453,59.19731696827542],[-3.049742511884407,59.18350902212414],[-3.030122358256958,59.17771094576654],[-2.9938628939331204,59.177991560135375],[-2.969364065007952,59.18752736386589],[-2.9527684206406692,59.17991311106956],[-2.9538868487186796,59.173207047677955],[-2.965853496663154,59.175326152494506],[-2.978751990362413,59.16317202327037],[-2.9655426246357925,59.13508366738927],[-3.0401049923901553,59.126475215587554],[-3.0931381008738374,59.14558267230371],[-3.099825123879406,59.15731730706298],[-3.113965469893999,59.16194729627845],[-3.1183581267604845,59.17266194050297],[-3.0987811232252738,59.1881017784271],[-3.0745032763016353,59.1992386052944]]],[[[-2.6283497966311287,59.1601631581876],[-2.6166263580220566,59.15356041342973],[-2.6358992124384826,59.155655915010804],[-2.6248711287825257,59.14318176308305],[-2.5731163194639244,59.14218057069659],[-2.605420346861989,59.13701103290473],[-2.607138476210698,59.12529246493587],[-2.59627506347885,59.11589810943032],[-2.536866724576455,59.122083048342326],[-2.5529532400461354,59.11128828450736],[-2.5480660962171364,59.098099674423096],[-2.5271098432626653,59.0929231665462],[-2.542724933626172,59.080455744751426],[-2.538253869977776,59.07581172621584],[-2.5674467807416415,59.0841584456494],[-2.57634873736293,59.07572595323189],[-2.60582241262248,59.07226507066629],[-2.6047462124799856,59.09712822580079],[-2.632651363848725,59.10781116638368],[-2.6577032144593695,59.10031523995888],[-2.644141367117822,59.08740465174674],[-2.6510407635458626,59.075972023414586],[-2.6876078427459316,59.07719867776989],[-2.6885360074365794,59.086773094351166],[-2.6713363985908853,59.09769933811871],[-2.669920465316631,59.10868180001452],[-2.6295880529330278,59.110149341991765],[-2.6202209863150085,59.11841974341704],[-2.6753362038985316,59.15325647242895],[-2.6283497966311287,59.1601631581876]]],[[[-2.802481288522576,59.087048730920635],[-2.8016803483302173,59.0686125555793],[-2.8242195550294493,59.04696060966379],[-2.805595810439549,59.02860222999133],[-2.825194893787225,59.0193232934609],[-2.9013168662610043,59.03568106479165],[-2.9339483582053125,59.03037388236393],[-2.9024623729465837,59.07703553831015],[-2.8925061670301626,59.062841000647026],[-2.8623025267303666,59.05246058373917],[-2.8693681050495554,59.0573468232403],[-2.8376574324010213,59.065322725040154],[-2.840007848364954,59.076787625825986],[-2.802481288522576,59.087048730920635]]],[[[-2.7354796929949563,59.21662187352595],[-2.7565309812598104,59.209364394431816],[-2.7487074974475916,59.20533975079103],[-2.7526040791427997,59.196536099512045],[-2.766495336621331,59.19193946946358],[-2.757071664744572,59.18215028309625],[-2.756921316372819,59.15850627276633],[-2.7415697066723905,59.15381272654411],[-2.742505511290811,59.143344960043585],[-2.788281512247375,59.138058343443234],[-2.7943956806479315,59.159968915242146],[-2.823681344047157,59.17136962470095],[-2.823494097588547,59.19463948939836],[-2.8029831875252036,59.18344161187999],[-2.7798765463928174,59.189472781720525],[-2.7761633823309637,59.20308077554599],[-2.7910239470362743,59.21392312760623],[-2.7829817274298922,59.227703936567025],[-2.7898790502731834,59.23599340304031],[-2.7549959031402844,59.24989050440136],[-2.762808258416664,59.2318336907171],[-2.737057138994348,59.22481836469597],[-2.7354796929949563,59.21662187352595]]],[[[-2.8684065134439836,59.37408882250003],[-2.888864373851379,59.35385645500827],[-2.876672279764782,59.334400217981866],[-2.884548623256403,59.32531230657314],[-2.8965165288654378,59.33059035195038],[-2.905182890915624,59.32326250503716],[-2.911194068726357,59.34923715159744],[-2.8973896019372276,59.361741268211546],[-2.890694427776217,59.38280418000999],[-2.878713636295881,59.385832842953654],[-2.8684065134439836,59.37408882250003]]],[[[-2.3819811588234474,59.39272248789972],[-2.3723282383650672,59.38222404513928],[-2.409620993058031,59.37621219893866],[-2.4119773862571967,59.36738097891245],[-2.398795840146702,59.35536639445681],[-2.420747899629279,59.347965612343344],[-2.430308083881958,59.35740322715603],[-2.4490902606732883,59.356580976381785],[-2.429804974894766,59.378361655708794],[-2.432426669094492,59.38632101030379],[-2.403931754952314,59.38464427918152],[-2.3819811588234474,59.39272248789972]]],[[[-2.908185370764944,59.16325797817385],[-2.920297843995417,59.124979396236355],[-2.945094223302102,59.15464227891505],[-2.9306295122460995,59.17004923638451],[-2.908185370764944,59.16325797817385]]],[[[-2.9514027636389364,59.11842451067351],[-2.9669808740179753,59.1107897003035],[-3.011510647463122,59.113266657212264],[-2.961860308052398,59.12709742322622],[-2.9514027636389364,59.11842451067351]]],[[[-2.9643138537336235,59.090756162273856],[-2.9465804963229854,59.07841307901416],[-2.9515958334964925,59.07386165852912],[-2.9615962675300924,59.08046257498497],[-2.973872778932193,59.07211298623707],[-2.9929637442396535,59.086402497428736],[-2.9643138537336235,59.090756162273856]]],[[[-2.717784842290235,59.23362840144159],[-2.7464437590728754,59.233650246523375],[-2.746640055242572,59.24270319868876],[-2.739392812885164,59.247047133162276],[-2.717784842290235,59.23362840144159]]],[[[-2.815219273092649,59.21372147842727],[-2.8210677331329594,59.202434708234044],[-2.830919692915542,59.225183589653916],[-2.8269617699408736,59.22684688812515],[-2.815219273092649,59.21372147842727]]],[[[-2.559814676385124,59.03241602991203],[-2.572758785404405,59.02496481331605],[-2.574974869843599,59.038119710764136],[-2.559814676385124,59.03241602991203]]],[[[-2.587241446283124,59.15703119098026],[-2.5787350624084167,59.14815544862466],[-2.602806531232623,59.151637996422814],[-2.587241446283124,59.15703119098026]]],[[[-3.11112024857692,59.146391803624645],[-3.1179209842160063,59.13944494261719],[-3.1287046935076783,59.14210427178726],[-3.125942375559474,59.14846888215131],[-3.11112024857692,59.146391803624645]]],[[[-2.6646809664155406,59.13888415982576],[-2.66418609923367,59.12823343402741],[-2.6810402948729912,59.13518561717842],[-2.669434715349723,59.13362504684431],[-2.6646809664155406,59.13888415982576]]],[[[-2.8267881059271684,59.23206136805256],[-2.835600485339332,59.2373285047747],[-2.832480674955979,59.24085812191176],[-2.8267881059271684,59.23206136805256]]],[[[-2.896970911089183,59.026110594497084],[-2.900706401302543,59.01851615494147],[-2.9071065636885534,59.025352052802305],[-2.896970911089183,59.026110594497084]]],[[[-2.3770005975787867,59.28112697030189],[-2.3779131615341096,59.27643813484834],[-2.3883804392794126,59.27865445099071],[-2.3770005975787867,59.28112697030189]]],[[[-2.8638161803301845,59.35071727407162],[-2.8669228719567945,59.34661778760896],[-2.8724961196505547,59.3546810104393],[-2.8638161803301845,59.35071727407162]]],[[[-2.8275006055413003,59.13264045615803],[-2.827789241591954,59.12405848538009],[-2.8339105888962406,59.12902072463281],[-2.8275006055413003,59.13264045615803]]],[[[-2.649972234490989,59.16326727863747],[-2.6556089887362226,59.164741252674574],[-2.647652091209847,59.1704082828698],[-2.649972234490989,59.16326727863747]]],[[[-2.9503646658419083,59.09090398457682],[-2.9523702184778955,59.087261362534655],[-2.9557646401390545,59.09021948826891],[-2.9503646658419083,59.09090398457682]]],[[[-2.950092040178803,59.16891240067627],[-2.9505688314934386,59.16264751998744],[-2.955634010866775,59.16729653509119],[-2.950092040178803,59.16891240067627]]],[[[-2.9164208278474355,59.17782535763594],[-2.92079592571653,59.17411483494873],[-2.9214895195620767,59.17611639510437],[-2.9164208278474355,59.17782535763594]]],[[[-2.618786068563067,59.30669909723591],[-2.6202144104419336,59.303807296192616],[-2.6210397775312355,59.30507316198301],[-2.618786068563067,59.30669909723591]]],[[[-2.8528228348986127,59.20895181509219],[-2.8547357799403974,59.205229698492076],[-2.854578444552995,59.20986471096079],[-2.8528228348986127,59.20895181509219]]],[[[-2.5875249919852354,59.22241948907984],[-2.5900195676882216,59.219878427608194],[-2.5907475921816543,59.223178982497906],[-2.5875249919852354,59.22241948907984]]],[[[-2.5666001492552954,59.06647860619976],[-2.5649255898607652,59.06369836414623],[-2.5693485441439616,59.065707131265],[-2.5666001492552954,59.06647860619976]]],[[[-2.895385581450591,59.07924890072548],[-2.8965086021933844,59.077557231759585],[-2.8987553076132087,59.08147980120354],[-2.895385581450591,59.07924890072548]]],[[[-2.6890066964252566,59.159295994042886],[-2.6868387241348684,59.15639496543552],[-2.689891757015853,59.1567469732976],[-2.6890066964252566,59.159295994042886]]],[[[-2.614671739399371,59.29836424309934],[-2.615628863835791,59.29677262555364],[-2.6180683035609142,59.30051534595495],[-2.614671739399371,59.29836424309934]]],[[[-2.8237356695355245,59.168246727422186],[-2.8242303364020027,59.16358086104119],[-2.825363386174095,59.16690906050754],[-2.8237356695355245,59.168246727422186]]],[[[-2.979311571277059,59.24502034260288],[-2.9778828676728977,59.242637723328855],[-2.9813092998538457,59.24407579052519],[-2.979311571277059,59.24502034260288]]],[[[-2.9753992024734663,59.24768107133416],[-2.9783321412186563,59.24663076668826],[-2.977857351299662,59.24841700651852],[-2.9753992024734663,59.24768107133416]]],[[[-2.56123667380255,59.30767024609304],[-2.564435721073089,59.307511834368704],[-2.563638704470331,59.30901588132674],[-2.56123667380255,59.30767024609304]]],[[[-3.110301059484721,59.14970382836616],[-3.105564204659155,59.147835807298364],[-3.1094461956202415,59.148408893389934],[-3.110301059484721,59.14970382836616]]],[[[-2.9442433809862747,59.06187469751785],[-2.9440637095161373,59.05920688274723],[-2.9458613644083034,59.06078879033072],[-2.9442433809862747,59.06187469751785]]],[[[-2.8760280813736308,59.29587999124156],[-2.8788101714457186,59.29585226269568],[-2.8761646183283913,59.29743360112754],[-2.8760280813736308,59.29587999124156]]],[[[-2.828792294985717,59.119369790286264],[-2.8311833672988413,59.11920279619269],[-2.829129931861614,59.12076656466124],[-2.828792294985717,59.119369790286264]]],[[[-2.6888622065677112,59.17640892992492],[-2.6914538004125483,59.17600091027869],[-2.6895587874979734,59.177637352858426],[-2.6888622065677112,59.17640892992492]]],[[[-2.9582294349559226,59.070723390941836],[-2.9586323587246697,59.068160851873024],[-2.959580850034757,59.06971112975258],[-2.9582294349559226,59.070723390941836]]],[[[-2.9043996609614706,59.226759280271686],[-2.9041157248161076,59.22521967885355],[-2.905883613236365,59.22627697746893],[-2.9043996609614706,59.226759280271686]]],[[[-2.522728754139211,59.30789525359003],[-2.521481102507195,59.30693309648025],[-2.524868501932436,59.3075929895177],[-2.522728754139211,59.30789525359003]]],[[[-2.9790491805944384,59.259463290997694],[-2.9789666789326175,59.25750522158988],[-2.9801217199967125,59.25821319013952],[-2.9790491805944384,59.259463290997694]]],[[[-2.5662383742098864,59.30702805487517],[-2.5648369165246447,59.30607685193907],[-2.5672141155484263,59.30624701824106],[-2.5662383742098864,59.30702805487517]]],[[[-2.385993387509946,59.2815432785354],[-2.3861359407489933,59.28065113174021],[-2.38835197234072,59.28077294062994],[-2.385993387509946,59.2815432785354]]],[[[-2.8065331505956244,59.24344643609168],[-2.8054484230954624,59.24138314696067],[-2.806170060403855,59.24187878294036],[-2.8065331505956244,59.24344643609168]]]]}},{"type":"Feature","properties":{"county":"Scottish Borders"},"geometry":{"type":"Polygon","coordinates":[[[-3.1850941776797486,55.801739545288804],[-3.1810385764589193,55.78134093437685],[-3.167781461753188,55.77949802391596],[-3.17479555124722,55.77204594412387],[-3.1540701789317453,55.76106529350726],[-3.159946861948915,55.74736448342538],[-3.143993435078666,55.7400516364889],[-3.151432974773494,55.72739332422608],[-3.128267757222475,55.710347125439434],[-3.0925499434267136,55.721726018322414],[-3.1037095448863066,55.73062611639964],[-3.074906023189324,55.759954098956605],[-2.9498679699681674,55.818780405531136],[-2.9350872500030016,55.793284823755556],[-2.901962998417684,55.80915589059984],[-2.8869595154359318,55.805838103709334],[-2.8704093262139385,55.824095961951485],[-2.8402865159212385,55.81765292793786],[-2.777197514620388,55.8443004617586],[-2.7399212025290334,55.828186528650406],[-2.6692640458059356,55.846548475957114],[-2.6432166534234836,55.84077522717167],[-2.648423226431414,55.83364070987202],[-2.5941777741352303,55.828671806696015],[-2.5813390910072087,55.845485706148466],[-2.554881603579266,55.83908919781415],[-2.5431190054829464,55.84805028516101],[-2.532715691369822,55.86975850225125],[-2.570021106811652,55.89214357542405],[-2.554528984794268,55.90007607338099],[-2.5626823501081772,55.90652599559748],[-2.554404295354167,55.9115231576219],[-2.5047232725754567,55.9119302260463],[-2.4845912629996367,55.89016884998808],[-2.4668386324231393,55.884365789188685],[-2.3648831360205698,55.945480445392775],[-2.3304371275578646,55.930249976445666],[-2.2591561929856723,55.923800250671086],[-2.2237002049038233,55.93300298184348],[-2.1751587483381303,55.916221592368],[-2.137935285861145,55.91700537878168],[-2.1272828663099883,55.898916228272995],[-2.134535781347284,55.89171810565169],[-2.103621734514918,55.87565432795093],[-2.091117314113282,55.87790081421245],[-2.0890331591301177,55.870019643435825],[-2.076903451887752,55.87262800609833],[-2.0697803800657137,55.842683058045935],[-2.0344219081111894,55.8110886606163],[-2.086123041725926,55.793045310160174],[-2.085656856928195,55.76272387710688],[-2.107792795726283,55.760405540205866],[-2.1069435416413294,55.74877429980269],[-2.1208852665294224,55.73844793146336],[-2.146051313012989,55.73844163969884],[-2.1505060853100284,55.72319941660591],[-2.1769967696633348,55.718375023806814],[-2.167231113584091,55.706035210545124],[-2.2186591796836703,55.67590711744234],[-2.218452689731427,55.664260238753165],[-2.2481739296137344,55.65235319159136],[-2.2347993566496114,55.64081213616683],[-2.3057897457656655,55.647043811317594],[-2.336012500658304,55.632054692069154],[-2.3086260563639915,55.62887593763402],[-2.3160940870216553,55.6204584510898],[-2.289232338190016,55.6037737362265],[-2.2885358794880704,55.58005000973352],[-2.240306477224507,55.555627144164085],[-2.2332171781325596,55.52961326494659],[-2.2242833529643913,55.52278767234248],[-2.2288454678921443,55.50951875942648],[-2.2026493288651876,55.48954128578622],[-2.20159175730403,55.475516037359874],[-2.1655212971096485,55.468381933032106],[-2.1896374748605845,55.46116576141076],[-2.194219689482417,55.445257995631685],[-2.231281900068144,55.42842933334061],[-2.260611311389721,55.432933997960106],[-2.3132535231832896,55.406789343295515],[-2.3323664056020323,55.40991073263622],[-2.344725405636711,55.399448799411914],[-2.3300205252629866,55.381241553724045],[-2.3462331612040948,55.37306104811662],[-2.3374770928266733,55.36728098207272],[-2.378911795756336,55.34916944972759],[-2.39980267562077,55.34833277688617],[-2.4149966967660594,55.358921865067785],[-2.4774719799813325,55.354332853404],[-2.5202696721926374,55.32304705338447],[-2.559041190370329,55.31783466244354],[-2.5570898322154956,55.31160926597346],[-2.5733631217171724,55.29688439714098],[-2.609238071892003,55.283248035644306],[-2.6266560893278843,55.26222097434641],[-2.646771231267026,55.26004384558748],[-2.6114508080256034,55.247134438549985],[-2.6302290342039463,55.24479149115304],[-2.6314141440052925,55.22369806455651],[-2.666814730622371,55.22158035703425],[-2.7034045971435843,55.173211318193715],[-2.7848749183283417,55.141775184254485],[-2.8255025698036866,55.13831411456468],[-2.833055849613122,55.13245051088968],[-2.827607972979527,55.12483683166208],[-2.8585401086712676,55.10834878051191],[-2.8651172654183976,55.13532552936182],[-2.8969156842392856,55.14668333382455],[-2.9047519047146504,55.17366924185274],[-2.88818710267122,55.207866225983224],[-2.8619165004883884,55.22328599245227],[-2.863842481426109,55.236351637206965],[-2.921445048832228,55.23672193235403],[-2.9050128764811,55.2571839738195],[-2.8849256345670553,55.26269150158019],[-2.8930537269326337,55.27989451349114],[-2.906933009529414,55.285516290832966],[-2.917058888643828,55.277411578340235],[-2.962083824881394,55.29026556352191],[-2.995928663261406,55.26908811736376],[-3.010169310457241,55.26743452147105],[-3.0199352103042245,55.27912520026478],[-3.0429562681964506,55.27153248777115],[-3.0546551220472526,55.280724656304166],[-3.0466406746058157,55.295514741354175],[-3.099084881771647,55.33168185769349],[-3.1020257007574012,55.35158660927689],[-3.1097329617686813,55.34803026933156],[-3.1126914131711167,55.356914017250254],[-3.133626574086731,55.35914704762359],[-3.1745027003185102,55.346791585216515],[-3.179253714633954,55.36046776773152],[-3.21738961747744,55.37613439309581],[-3.303663544835622,55.34236317000996],[-3.320260107334288,55.34935153920368],[-3.31334372327554,55.35489871791262],[-3.3154840760112747,55.366596492990084],[-3.303833474283803,55.36888790946201],[-3.3116728137518714,55.37963426104801],[-3.3064101759334146,55.388519582970524],[-3.2435869063601657,55.4276853166272],[-3.2796072231596387,55.435253200298035],[-3.293444874891007,55.430915544656166],[-3.3109814946479523,55.444828388833635],[-3.3316273124444744,55.44105578686975],[-3.354321609897856,55.412517446502854],[-3.3623263226159983,55.41699363021609],[-3.401401907836262,55.40805538825172],[-3.4204900315233173,55.41599488528401],[-3.4721276851125533,55.40375593159226],[-3.5018255688140987,55.40806964112072],[-3.5251933804188496,55.432900394842804],[-3.536587787124461,55.434712363849414],[-3.531673490051187,55.46126194247826],[-3.515995918775332,55.481353406796806],[-3.5221786463472213,55.49026313066433],[-3.51190868334598,55.49383228744325],[-3.5044278159672158,55.51246803680577],[-3.4866023832032282,55.517053287390674],[-3.5034180198448506,55.547442023491016],[-3.488476131673811,55.562667595466365],[-3.526883474145708,55.59701966489684],[-3.530009322865694,55.61139292039101],[-3.481675142306404,55.61642312034218],[-3.4778172988202027,55.63268258509106],[-3.489039358679176,55.63501624721145],[-3.4857362208551415,55.64902265887521],[-3.4011652506019714,55.70223901668054],[-3.396404611771757,55.71631214790386],[-3.419181258736296,55.71056606660807],[-3.439519302625898,55.72407692992815],[-3.435893909591282,55.73179968101047],[-3.4695645610101065,55.77444688801065],[-3.4394009732800765,55.78459406493158],[-3.444616493655489,55.793455856289775],[-3.4259669321304544,55.81058946658499],[-3.369036480477572,55.82410852487571],[-3.3499471527023474,55.80895387396267],[-3.344960522549572,55.79289519971097],[-3.294306156926424,55.79630421037931],[-3.2927762557463844,55.78056191253142],[-3.2743687048296737,55.77534719284258],[-3.214300134175269,55.78399998954597],[-3.1956063804214936,55.802132926441665],[-3.1850941776797486,55.801739545288804]]]}},{"type":"Feature","properties":{"county":"Shetland Islands"},"geometry":{"type":"MultiPolygon","coordinates":[[[[-1.0756364152931328,60.731721806879314],[-1.042002962903308,60.72261447769949],[-1.034384819639185,60.72750092461915],[-1.0434264638845283,60.73164017125601],[-0.999748340595979,60.721058328337726],[-1.0093871776146863,60.71292314344236],[-0.9867869000105938,60.700277338849276],[-1.008311410415474,60.701379146695665],[-0.9992723245333552,60.698749275581136],[-1.001451393405142,60.68309928091949],[-0.9939857265580577,60.67890283922926],[-0.9984098165409143,60.67303635496257],[-0.9895777742238322,60.65568018222837],[-0.9995456987162801,60.64910347313745],[-0.9816967214771066,60.63728191113394],[-0.9976887399691532,60.63335056768819],[-1.0326094833428423,60.642923993541686],[-1.0673068930481722,60.66899892909091],[-1.0538635809632053,60.64173205241141],[-1.0230446760908378,60.62876105087065],[-1.0191652273509166,60.61657980460121],[-1.027993031404922,60.605528155403924],[-1.0402395839299816,60.6052034381497],[-1.046207232985097,60.60057521783642],[-1.0699941421291015,60.611334050681826],[-1.0911193512723292,60.60447009949805],[-1.0314157345832555,60.59735063242848],[-1.0293682463182119,60.58689590040209],[-1.0180207591259365,60.590783683166606],[-1.0177220487886995,60.582456125131976],[-1.0031445622963988,60.58013477410125],[-1.010759787432415,60.57568582510847],[-1.0042374341508624,60.56585475035595],[-1.0241564986716147,60.56121923771425],[-1.0137719718952733,60.54877964984029],[-1.0485067235971894,60.5499957081797],[-1.035392038958497,60.538098273408885],[-1.043689312569727,60.53380352977132],[-1.0217992818231796,60.53185790429288],[-1.0299891495245708,60.52458299268721],[-1.0236815230022076,60.51926185106542],[-1.0318852622122752,60.51598128335785],[-1.0253490835836285,60.50988304554373],[-1.0358490064404036,60.51068980319423],[-1.0377693507425034,60.50180175650397],[-1.0287811850184325,60.497044228662425],[-1.0686469207847302,60.48970502056798],[-1.0904854363119083,60.49953311455556],[-1.1093989921486467,60.498234232563306],[-1.0919041849561069,60.49996657603048],[-1.1173400308154573,60.50973556976553],[-1.1216676431710433,60.49824861174856],[-1.098916547615822,60.48624030266248],[-1.146401830764829,60.48378229340829],[-1.153696659108531,60.49545015014109],[-1.1679161206690767,60.49914183029972],[-1.1756148432917295,60.522741074852036],[-1.1881703850598282,60.52236450785024],[-1.1765492460050844,60.52648112163373],[-1.1899300704899327,60.54638443722032],[-1.180539466803933,60.55439914805495],[-1.1806553329167897,60.57218693057968],[-1.193831741058844,60.57365505067206],[-1.1900690217126029,60.56162675182],[-1.2024039341058972,60.566966894498805],[-1.197129696298466,60.57914028020014],[-1.1846563581878224,60.58219852447473],[-1.2032405896479548,60.60677042929909],[-1.1939529831853732,60.60970928267633],[-1.1974256395085254,60.62028904811027],[-1.1876991921474005,60.620517767260985],[-1.1881446753219738,60.63493183890192],[-1.1552855091468746,60.65689686807998],[-1.1531591991887098,60.62128984088678],[-1.1367428637621628,60.62204886261148],[-1.1217468426705082,60.60601855058147],[-1.1105775168861292,60.60538367507985],[-1.1294909772485122,60.623649552619106],[-1.146362939366606,60.62829680115497],[-1.1466337632318402,60.64537610528817],[-1.137710465999966,60.650154074458605],[-1.1376638322563364,60.667653394356755],[-1.1273478975013036,60.68269786623026],[-1.1335736640295337,60.68809847384242],[-1.1258661844874893,60.692439072644035],[-1.1354174201469265,60.704680476831996],[-1.1190723326476093,60.719209443808815],[-1.1279838971511458,60.726836591921206],[-1.0915896521627584,60.729567453107904],[-1.074599328538668,60.70708091218556],[-1.0756364152931328,60.731721806879314]]],[[[-0.9085923120885349,60.82599825306917],[-0.8951156886406729,60.83006432428314],[-0.90035627632698,60.84065195778998],[-0.8977173929916327,60.840314294315746],[-0.8759833095839373,60.84575263967037],[-0.8661096917977634,60.83352952497018],[-0.8803905006350351,60.80581551879288],[-0.8672348926413753,60.80566855387663],[-0.8536812967500922,60.81855608005583],[-0.8484114303511844,60.837493585827055],[-0.8351910131580709,60.84266649953044],[-0.8264676412275191,60.83102574588909],[-0.7981801522078432,60.83526194211757],[-0.7976578795601644,60.829084234125816],[-0.778430245266387,60.829230170221365],[-0.7879054979512699,60.82604712207455],[-0.7820582497038123,60.8197359399356],[-0.759602588856936,60.818274811256174],[-0.8043608981367861,60.81013637445185],[-0.7772351874005032,60.79731966043404],[-0.7807277427209369,60.78025680239436],[-0.8358009608403062,60.78657214720928],[-0.8204025104730971,60.780243830012566],[-0.8216641522263476,60.77269308874567],[-0.8028055092255529,60.758487493357244],[-0.8656253181907779,60.757387789686966],[-0.8126239174497408,60.74923995271894],[-0.816984037411454,60.7372428088357],[-0.8569981428381678,60.720021871816556],[-0.870727938612304,60.70222482668991],[-0.8426815258135263,60.6904233480119],[-0.8339257345772481,60.696612269290355],[-0.8328001541441229,60.684463327099394],[-0.8567122567009957,60.67386225765445],[-0.9132997991980268,60.69012787564129],[-0.9473865564901912,60.6732983001604],[-0.9664164738134903,60.67602330203382],[-0.9666706952422379,60.68483004976014],[-0.9815146380921748,60.68408345111303],[-0.9651591727801463,60.69592986843885],[-0.9844100506184185,60.71960532455807],[-0.9520245092402612,60.71757675674568],[-0.9668777896730911,60.727048832029006],[-0.9571478350202675,60.730628922043735],[-0.964702958911931,60.73687953973907],[-0.9389929707947353,60.750671239976406],[-0.9463713034130471,60.76058623852739],[-0.9322414356905931,60.781859649891715],[-0.9549340660043404,60.79134447427971],[-0.9252732864726834,60.809786621096926],[-0.9382094493742678,60.81295111325545],[-0.9130273207474238,60.816152974331615],[-0.9085923120885349,60.82599825306917]]],[[[-0.7882258787505848,60.57696628895171],[-0.800910951110705,60.56827631259059],[-0.8310183336855496,60.58824705926429],[-0.8465725917485714,60.58293520472452],[-0.8593196151096456,60.593400267526334],[-0.8909110580783515,60.59291789992212],[-0.8966833769563999,60.58694240254888],[-0.8600785578271306,60.56891751580712],[-0.8940472934087645,60.56283380922755],[-0.93912996718037,60.609490515129075],[-0.9480624626049025,60.61028013576608],[-0.9470737836051195,60.62067023073654],[-0.936260922756832,60.6307939405058],[-0.9094891200875919,60.62977495822308],[-0.9113664789053004,60.62450603063755],[-0.8975885114105002,60.620419886972336],[-0.8664429517314058,60.63262276775598],[-0.8315502669292508,60.62822836023907],[-0.8232847425625376,60.621062364854005],[-0.8249682914565453,60.606916816334056],[-0.808704855607523,60.60612206626281],[-0.8081255171872033,60.59894242841793],[-0.7916946970191691,60.61287022885307],[-0.7738197079435073,60.6147693627678],[-0.7744299387756429,60.60517509943936],[-0.7650918561137209,60.60386807261411],[-0.7707973396252481,60.59238206743796],[-0.78530874269278,60.58725984658873],[-0.7811618907646488,60.58331789550202],[-0.7912355976018,60.58345508285394],[-0.7882258787505848,60.57696628895171]]],[[[-0.9001931060198453,60.381670777685],[-0.9761779865253609,60.33979002253403],[-0.9786912388136028,60.33141815893602],[-1.0049575741127348,60.32638541493491],[-1.0377457141331303,60.334589221626196],[-1.0377205940068384,60.341088183979366],[-1.0153531738398966,60.34648941574681],[-1.0219841286375104,60.353590125706674],[-1.0026476906888198,60.369165654404995],[-0.9757412983609227,60.37049245607753],[-0.9623518148628976,60.382534089579536],[-0.9361312950912543,60.376704782999475],[-0.9001931060198453,60.381670777685]]],[[[-0.9996171771707693,60.61889997541114],[-0.9727569410742697,60.61634991029321],[-0.970908429768187,60.609492056207316],[-0.9801215013830126,60.60295882898653],[-1.0018977097293724,60.60628351623764],[-1.0001606127863192,60.59748007503806],[-1.014536867609837,60.60268224192872],[-0.9997050258481638,60.61133582601661],[-0.9996171771707693,60.61889997541114]]],[[[-0.9036049487802037,60.67790172529927],[-0.8858487133566508,60.67075840187709],[-0.8766047685659689,60.671067351460806],[-0.8859037258146738,60.66016945286462],[-0.9187369871460288,60.67292218879394],[-0.9036049487802037,60.67790172529927]]],[[[-0.7595850034496318,60.43104668016279],[-0.7637042595767368,60.42345942909514],[-0.754705603206956,60.419110356508845],[-0.7762314657839513,60.420494984555106],[-0.7990483411729427,60.409955684656474],[-0.765100964089199,60.42667091500291],[-0.7788995846577483,60.42499578118036],[-0.7724187716676459,60.430110326941744],[-0.7595850034496318,60.43104668016279]]],[[[-1.0325747049068597,60.353968746556895],[-1.0416368173890032,60.350752819304596],[-1.0453056746806175,60.363171200341895],[-1.027824573173305,60.37034509284497],[-1.0325747049068597,60.353968746556895]]],[[[-0.7842884544783715,60.74660779951061],[-0.7953532874588498,60.73991928154912],[-0.7966371832732487,60.756340220701176],[-0.7910407574643071,60.76023180710646],[-0.7842884544783715,60.74660779951061]]],[[[-0.7421031515368173,60.427027359130555],[-0.7502350169880152,60.42209420926093],[-0.7585887684030226,60.425486199018906],[-0.7483707952762432,60.43047496144981],[-0.7421031515368173,60.427027359130555]]],[[[-0.9854230321073391,60.672316480346275],[-0.9709394053595973,60.6596176186942],[-0.9886283467481096,60.6699029082174],[-0.9854230321073391,60.672316480346275]]],[[[-0.7352099624362968,60.420625790540434],[-0.748772893024965,60.419143280148475],[-0.736037918186949,60.424953102357236],[-0.7352099624362968,60.420625790540434]]],[[[-0.9126001676796692,60.641824790585574],[-0.9107546241034329,60.63657160808326],[-0.91483988478288,60.63699722473213],[-0.9126001676796692,60.641824790585574]]],[[[-1.1919704759660508,60.50911237537373],[-1.1943791652286788,60.50597085972754],[-1.1994348095291778,60.51434706117574],[-1.1919704759660508,60.50911237537373]]],[[[-0.88695567886042,60.338420515985824],[-0.8920058545697015,60.33933960679319],[-0.8842639324092465,60.343439771011816],[-0.88695567886042,60.338420515985824]]],[[[-0.8075394231493135,60.738721616627885],[-0.813871887857202,60.73112299000941],[-0.8137729379786383,60.73629410857341],[-0.8075394231493135,60.738721616627885]]],[[[-0.8390262459009975,60.664679448427776],[-0.8368436453780808,60.65950533839072],[-0.8442918058307722,60.66327924787867],[-0.8390262459009975,60.664679448427776]]],[[[-1.1077966827744306,60.73619894425491],[-1.113606954828508,60.73430699721111],[-1.1132795180843924,60.73853377472559],[-1.1077966827744306,60.73619894425491]]],[[[-1.101737009058049,60.47767538214183],[-1.106680582808394,60.47685105824707],[-1.10308649933628,60.481186266506015],[-1.101737009058049,60.47767538214183]]],[[[-0.9397083243553798,60.645567105233646],[-0.9413796016183286,60.64368486933443],[-0.9460328498272564,60.644913882702426],[-0.9397083243553798,60.645567105233646]]],[[[-0.8954683344015854,60.632474909693435],[-0.9008779610670576,60.631651913253535],[-0.8963373600678824,60.63450339623321],[-0.8954683344015854,60.632474909693435]]],[[[-1.0572687753605334,60.357581357055516],[-1.0600074947332359,60.355465576533234],[-1.0610558730433837,60.35667425710408],[-1.0572687753605334,60.357581357055516]]],[[[-0.8945167118720208,60.367056057765794],[-0.8988729338648611,60.36673049284891],[-0.8941012660318324,60.36941870086845],[-0.8945167118720208,60.367056057765794]]],[[[-0.7708716678261849,60.83191299773355],[-0.7754560258003608,60.82936739785271],[-0.7749295013395361,60.83186021769908],[-0.7708716678261849,60.83191299773355]]],[[[-0.8570891666794686,60.341367500901015],[-0.8624419955944246,60.33918887999489],[-0.8571282309423834,60.3418843946723],[-0.8570891666794686,60.341367500901015]]],[[[-0.9048866688544573,60.35779240570276],[-0.9112169478102791,60.35612643817724],[-0.9059362022501118,60.358939160755504],[-0.9048866688544573,60.35779240570276]]],[[[-0.8010952209362217,60.39625328498706],[-0.8053053151657604,60.395015989981665],[-0.8029717644293125,60.39753627734382],[-0.8010952209362217,60.39625328498706]]],[[[-0.9134259810495899,60.385879467788364],[-0.9123736685057876,60.38829867599401],[-0.9096415287333466,60.387918012557],[-0.9134259810495899,60.385879467788364]]],[[[-0.898507805814718,60.363588692770534],[-0.9034042352980592,60.36317407154181],[-0.8977819760460427,60.3652423134308],[-0.898507805814718,60.363588692770534]]],[[[-0.795252473885545,60.40578033190712],[-0.7959232194391335,60.40412218207259],[-0.7962382424667999,60.40485109125375],[-0.795252473885545,60.40578033190712]]],[[[-0.8858019026975054,60.85416749705044],[-0.889712683407188,60.8514244553621],[-0.8879446634818012,60.85458297255675],[-0.8858019026975054,60.85416749705044]]],[[[-0.8912807725074876,60.8511051620213],[-0.894601545021868,60.849435475217845],[-0.8914938906875532,60.852975404772195],[-0.8912807725074876,60.8511051620213]]],[[[-1.0580456566960796,60.368391837473474],[-1.0567399099640085,60.36710054279488],[-1.0611384156613284,60.367149154329844],[-1.0580456566960796,60.368391837473474]]],[[[-0.792448337814983,60.404090746247995],[-0.7951248001681612,60.40239537243631],[-0.7945688174941621,60.4036878986226],[-0.792448337814983,60.404090746247995]]],[[[-0.7715933952410864,60.83347744853746],[-0.7735503805643691,60.83223475161655],[-0.7739052779712153,60.83224652264828],[-0.7715933952410864,60.83347744853746]]],[[[-1.0515530292380695,60.36554642454454],[-1.0529799969433948,60.36510411071624],[-1.0523084535635983,60.368385454335304],[-1.0515530292380695,60.36554642454454]]],[[[-1.2068166696871103,60.58381491468682],[-1.2076153924325277,60.58249975770286],[-1.2090582280798936,60.585821467361555],[-1.2068166696871103,60.58381491468682]]],[[[-1.0132044003955556,60.72720421144634],[-1.0165455512655088,60.72693601158322],[-1.0146132804384593,60.728311762683234],[-1.0132044003955556,60.72720421144634]]],[[[-1.043758280089112,60.733894324189],[-1.0432121245320929,60.731757163909364],[-1.0439049028371408,60.73377080237356],[-1.043758280089112,60.733894324189]]],[[[-1.0240776027516696,60.37178834824584],[-1.0233713457426614,60.37312761217348],[-1.022253034913173,60.37217054671902],[-1.0240776027516696,60.37178834824584]]],[[[-1.0694318929037856,60.35135347626024],[-1.0705880181860663,60.35124277301369],[-1.069549613927156,60.35433539635061],[-1.0694318929037856,60.35135347626024]]],[[[-0.8834780862264342,60.85646298354511],[-0.8851061050267213,60.85484733837156],[-0.8868232784737363,60.855441956378165],[-0.8834780862264342,60.85646298354511]]],[[[-0.8981040699935996,60.84220931982995],[-0.8981829477551082,60.84071948439475],[-0.8998096478320446,60.84156781807261],[-0.8981040699935996,60.84220931982995]]],[[[-0.8813302992359693,60.34470995531038],[-0.8827857635259172,60.34269105345485],[-0.8838531289386998,60.34366384260938],[-0.8813302992359693,60.34470995531038]]],[[[-1.037467518312994,60.60304203748499],[-1.0361614187424328,60.60132015109039],[-1.0387647370765525,60.60215854416317],[-1.037467518312994,60.60304203748499]]],[[[-0.9055682490221854,60.32568579135372],[-0.9079484888516565,60.32513775979924],[-0.9058427788030781,60.32685547033258],[-0.9055682490221854,60.32568579135372]]],[[[-1.204703972053533,60.60630773720596],[-1.2061668723489225,60.605862984035596],[-1.2067019420301037,60.607877398366],[-1.204703972053533,60.60630773720596]]],[[[-0.7329925016522809,60.420205139719926],[-0.7359315335769518,60.42004895388774],[-0.7334119396117489,60.421243697980536],[-0.7329925016522809,60.420205139719926]]],[[[-0.774578847928792,60.61643210924584],[-0.7731372225033105,60.615422195885586],[-0.7773183945950835,60.61621920369718],[-0.774578847928792,60.61643210924584]]],[[[-0.7265209561325302,60.423852098268995],[-0.7283907289971694,60.42369930270603],[-0.7252320425264578,60.425460617075274],[-0.7265209561325302,60.423852098268995]]],[[[-0.8780184655337782,60.65619777193459],[-0.8791075264369127,60.65482527124537],[-0.8784161442866669,60.6566082504127],[-0.8780184655337782,60.65619777193459]]],[[[-0.8950844341314869,60.8493613236315],[-0.8968619772861172,60.84926097163688],[-0.8946540479733815,60.850792602254145],[-0.8950844341314869,60.8493613236315]]],[[[-1.1261256182593735,60.720675950498496],[-1.1275392313198898,60.71957447655722],[-1.1288576462748485,60.72029683646957],[-1.1261256182593735,60.720675950498496]]],[[[-0.9561060957775721,60.78243669533028],[-0.9567458785342549,60.78142241687431],[-0.9578571495772975,60.782509588346606],[-0.9561060957775721,60.78243669533028]]],[[[-0.8614061450382909,60.43990276995303],[-0.8627215615847574,60.43921131959385],[-0.8619148992101086,60.440784022831586],[-0.8614061450382909,60.43990276995303]]],[[[-0.9714510242872404,60.73750305503467],[-0.9706781005413205,60.73631539056842],[-0.9725667167490692,60.73671600319131],[-0.9714510242872404,60.73750305503467]]],[[[-0.9496623266935794,60.6715106914534],[-0.9486208334143741,60.6708073371921],[-0.9494978188421133,60.67087842639945],[-0.9496623266935794,60.6715106914534]]],[[[-1.0376396023035461,60.35141539379452],[-1.0386019229050634,60.35018315175149],[-1.0399777758922168,60.350475951942094],[-1.0376396023035461,60.35141539379452]]],[[[-0.9477685223097673,60.7716970101152],[-0.9494466846402864,60.77021169308345],[-0.9497832268029454,60.77108408412223],[-0.9477685223097673,60.7716970101152]]],[[[-1.0530784842557885,60.35740813524575],[-1.0540520792958514,60.35825615527507],[-1.0530530700853493,60.358884895025284],[-1.0530784842557885,60.35740813524575]]],[[[-1.3666588185841353,60.328480273590216],[-1.3701884555701493,60.33672099921243],[-1.3559233572390221,60.3450661363644],[-1.3391887393474748,60.33390687806228],[-1.3306078877995162,60.33743321447306],[-1.3381886056152716,60.342707606698795],[-1.3389089073773823,60.35996427447292],[-1.2615561514680758,60.35130035318939],[-1.3019221852081786,60.36976492862096],[-1.3642312990660577,60.36931068781627],[-1.3436646583036533,60.38265958508704],[-1.3533033077218586,60.394490559774205],[-1.366180848253487,60.391965512399096],[-1.377645627248136,60.37682897358553],[-1.4049729908434796,60.383729110451206],[-1.4096615290365007,60.39569989617564],[-1.3853990859359693,60.3977228599023],[-1.4157559517107934,60.40446312142092],[-1.4077680830858303,60.41399308763196],[-1.3903578904305234,60.40835771233665],[-1.3993457795004942,60.41938046630085],[-1.4527526387340375,60.4160140083266],[-1.4480775161174488,60.423514482263265],[-1.4576814180690667,60.43094205277678],[-1.4488761963848895,60.43644272212933],[-1.4493978211284078,60.44428782075615],[-1.4218354011705185,60.45115330247319],[-1.4652708968675792,60.45208747047046],[-1.4644673215330217,60.46458564069408],[-1.4303675848218627,60.47100962456431],[-1.4655069350016745,60.46866915140625],[-1.4544198434151627,60.48962222127047],[-1.4886334277350077,60.47551458913211],[-1.4807453900085976,60.46986171247958],[-1.4974625661145884,60.45330074930599],[-1.515173742239765,60.46628036373513],[-1.493821910028624,60.47629126684064],[-1.496276539853634,60.48412183715303],[-1.537564287205707,60.47935186221324],[-1.5544516808616724,60.490523861422766],[-1.571282252380644,60.4765292452848],[-1.584469865509626,60.48179202276672],[-1.6132867199557384,60.4733121290896],[-1.6330096806995282,60.48723502599676],[-1.619903461467881,60.490767438775045],[-1.6252661158620236,60.49127187766745],[-1.6107130664277989,60.50886676683424],[-1.5831686598614592,60.50863654095093],[-1.5737737165643513,60.500144641892035],[-1.5616775250071173,60.50459568762853],[-1.5785963018936484,60.50907921641677],[-1.5656271436390878,60.51528407145531],[-1.5665015123919837,60.53776450236325],[-1.533448703621755,60.55630163424084],[-1.5194260645653683,60.54768658363089],[-1.5182424501828409,60.53165124365922],[-1.4498698313479146,60.504617734327354],[-1.3940027581614391,60.51198128904433],[-1.4554111837645538,60.51128907016887],[-1.4974659202567369,60.5371644728008],[-1.4957025370659058,60.54676066973795],[-1.4345645019188162,60.57378322313814],[-1.4338350907221813,60.58210768516286],[-1.4452939060260213,60.58808143185601],[-1.4191600015275412,60.602062367262825],[-1.4347241763018774,60.60326318399323],[-1.4189273366824942,60.61484111338859],[-1.3751967675493726,60.605828544951834],[-1.3496270580530145,60.609971639919394],[-1.3333311694282783,60.599750262888946],[-1.3506408628051638,60.614988569088375],[-1.3444139585263086,60.62680865172178],[-1.3297493395630458,60.62164901969947],[-1.3082203019339995,60.637629229148466],[-1.316125382794659,60.62950826791884],[-1.300604325263486,60.620409249928684],[-1.3088895817737434,60.602252610347435],[-1.3043642109686073,60.59512262418492],[-1.3189685504645148,60.583312778822645],[-1.3357723947624311,60.583031742407016],[-1.3137019866968305,60.57104985990491],[-1.315453886899017,60.541397978599214],[-1.353229156997409,60.541707142455685],[-1.366900931864068,60.52641373195302],[-1.3237108513464713,60.52548046002435],[-1.363017012696442,60.51692466159798],[-1.3375606716889423,60.51948472876502],[-1.3241257274800906,60.510797944160885],[-1.3440874681125932,60.5030436873148],[-1.334399043680486,60.50203329045684],[-1.337343913136351,60.48893443292121],[-1.357211386907383,60.47912063318321],[-1.3320703209950173,60.47828896886514],[-1.3354080950926688,60.48534947098488],[-1.3273008807439728,60.495078730214104],[-1.3103557430269537,60.4954951693053],[-1.3178270483839625,60.490307887264464],[-1.3114834450308737,60.482203419866856],[-1.33113813698921,60.47841450096655],[-1.3246850573170175,60.47115501558817],[-1.3331874561474617,60.461850744596454],[-1.3200236171910198,60.45181341048944],[-1.3345265588968998,60.4481018425524],[-1.339274523313549,60.45533092117777],[-1.3496581874500584,60.4560687372817],[-1.3383615032722807,60.45195036190886],[-1.363648912300867,60.429263357343544],[-1.3559571717515522,60.413301583599925],[-1.370831659415201,60.41435388911851],[-1.3697414951496925,60.405462366430854],[-1.383408795580167,60.404141650496456],[-1.3837156488030793,60.39749960524485],[-1.3754735978071446,60.39378983293973],[-1.327578327368033,60.41100495291353],[-1.346747910421834,60.413521723929456],[-1.3441043397715833,60.42671668452663],[-1.3303767635795982,60.4371538441874],[-1.2954976211032474,60.443892676195084],[-1.2817839188559788,60.4365781565989],[-1.2774877427108853,60.448187134905716],[-1.2597278353337449,60.44350880167209],[-1.2753921951778455,60.4575030142174],[-1.3031004896081873,60.46380726799509],[-1.2802303336559837,60.48776264780974],[-1.2617341406261309,60.47607452575472],[-1.2433356069477466,60.4920526204478],[-1.2276637488790898,60.49481369778371],[-1.2031872685209903,60.478291560198485],[-1.2081490806307187,60.45642335355105],[-1.1889225855602634,60.464212038035114],[-1.1766929763161584,60.454099891896526],[-1.2027156030366437,60.44481627879585],[-1.1753906814520865,60.44665699605257],[-1.1661888629336472,60.43978502011857],[-1.1943260017513662,60.43168804794992],[-1.1730173903257561,60.433578603612496],[-1.1676295393872507,60.42014652202518],[-1.1898600605902778,60.42316240616032],[-1.1952476853070744,60.431514032651485],[-1.2615724981092469,60.399136135896576],[-1.194097629341326,60.419873504579165],[-1.1909126683160536,60.413871115890544],[-1.2243438209265973,60.402121417174754],[-1.169578618329433,60.41441332662841],[-1.1639437828020123,60.377450895134764],[-1.149485618028419,60.39431725560933],[-1.1560782977736208,60.39233439575285],[-1.151315078921355,60.40351368413421],[-1.121756736693724,60.40439417381728],[-1.1368825443917099,60.411862135684615],[-1.1187825780205882,60.42921153031226],[-1.1087843804037127,60.424394299010665],[-1.113906844240025,60.41587766040587],[-1.0977489782730856,60.4177581194191],[-1.1038394501597653,60.423147629118965],[-1.089467635104204,60.43657817994654],[-1.0494825314173508,60.44859337096571],[-1.0554829729011626,60.431917231107505],[-1.0947861273255395,60.40765170765387],[-1.1216464441479355,60.40154437524972],[-1.1413638880150137,60.38298740656139],[-1.127280272574828,60.382045534406174],[-1.129032662929399,60.36937934424545],[-1.1079254579877735,60.393897262977596],[-1.0753729045188773,60.388064264599315],[-1.081765590604281,60.37509576683035],[-1.075274990630111,60.37458482659739],[-1.0754995977012805,60.356735025940175],[-1.1181929122394612,60.34530226167952],[-1.1935641330453326,60.35287902250541],[-1.1751998172540858,60.346356454896245],[-1.175847180545504,60.330610670823845],[-1.1680692544659592,60.322262695372835],[-1.155961999452456,60.337861345127344],[-1.1339136079103715,60.319657626007185],[-1.1333124700525452,60.327457586764915],[-1.0860377623997295,60.325452576959115],[-1.0798259925665408,60.32313699148913],[-1.0920305984331427,60.31428207388043],[-1.082013406516684,60.3062117007891],[-1.116467926192587,60.30284207581443],[-1.1598689363194152,60.28071157930756],[-1.1439726527079035,60.27994751001137],[-1.154283128067898,60.272794054468875],[-1.1464831496157148,60.268945845928],[-1.150754538925523,60.26552160853263],[-1.1456927724210806,60.266255940471346],[-1.1460250450066356,60.27324497207798],[-1.1235134709934818,60.27079584199877],[-1.1188394831016757,60.27588305530385],[-1.110748320462806,60.2761411346948],[-1.1147738173358734,60.26709235318493],[-1.0975237656113497,60.27061739300973],[-1.1051909633839994,60.25826454688396],[-1.1440917893249918,60.25945013216495],[-1.154361552362453,60.246678416644215],[-1.14011567098244,60.249166860425866],[-1.1705283257847965,60.2383038228251],[-1.178760286875647,60.240673560888915],[-1.1780476762995973,60.25247499309346],[-1.1649252364225497,60.260167427469824],[-1.1897040636359257,60.2608477490885],[-1.199275723352248,60.270194985129876],[-1.2103513532172836,60.26605620044796],[-1.1936745977960603,60.2452275398623],[-1.2313925962630687,60.2297457407524],[-1.1851774665189219,60.23222260930797],[-1.222011696227213,60.198867653413046],[-1.1671214980215707,60.22283146171936],[-1.1809541077236245,60.21202129067527],[-1.170573558120011,60.20864421840057],[-1.187384266823117,60.204175287806706],[-1.1871683999127067,60.19603758790169],[-1.219397169016312,60.172227669256],[-1.1540722433155466,60.203864333521686],[-1.1592162092972675,60.190348624036986],[-1.1588600242791096,60.18911618216261],[-1.1454668968439532,60.1891854830688],[-1.1632305840333368,60.165878926437806],[-1.1320415383820572,60.14892963614491],[-1.1606389584475083,60.148648866798965],[-1.1550196587738784,60.1287092661607],[-1.1724555658147482,60.14124771116936],[-1.174985086943945,60.11916429425835],[-1.2039573381080788,60.130623167517186],[-1.2066176174154992,60.123890255405655],[-1.1938223787989926,60.1168899496831],[-1.1992962839449732,60.10648776257148],[-1.2259290602855377,60.099881504997455],[-1.20683746349739,60.089803238761036],[-1.2171377170643494,60.07330018041206],[-1.2075090113910396,60.07304713103724],[-1.2129089815392802,60.064952928551925],[-1.2000175771012538,60.05662383794934],[-1.2035081878811331,60.04758062356234],[-1.172250802744605,60.04068051125155],[-1.1743142790337644,60.0352754962867],[-1.2078699122701642,60.035455506315294],[-1.2090266964415137,60.046560434840934],[-1.2158800172369668,60.03365271770736],[-1.2333534202945051,60.03326769478244],[-1.2233708143144857,60.00755166306649],[-1.197997153428343,59.99096569786711],[-1.2086711304866868,59.98921983820113],[-1.2047352023158489,59.972406101308394],[-1.2138380692817738,59.97531614697319],[-1.2205428471851851,59.99495566649925],[-1.2285228945659536,59.994830964438705],[-1.2341472622677603,59.981118719598015],[-1.252520764791716,59.99681227829453],[-1.2599465965219871,59.98883627542873],[-1.2775065446790301,59.990109689560725],[-1.267199523654582,59.97659634041636],[-1.2540570518247658,59.97631809274803],[-1.2632860627057163,59.9650709246343],[-1.2548541923246475,59.95421739948666],[-1.2651657468296307,59.95117924675316],[-1.2582728681617599,59.93594001339143],[-1.2702683990866144,59.93305084736629],[-1.2715685576208695,59.92041837876493],[-1.2920209791316264,59.92218096998299],[-1.2692985811257589,59.908135009676826],[-1.2775889058362166,59.89422117089897],[-1.2715178322161365,59.88581072120319],[-1.3005039758893888,59.88374419293202],[-1.2832593317875236,59.88268814348705],[-1.2831698827025166,59.87256313541915],[-1.2696047726765443,59.87539376818995],[-1.2700916801388047,59.859080395543884],[-1.2769645808130903,59.853012861899295],[-1.2754939988124008,59.85545719914677],[-1.2783214469962565,59.85892716755917],[-1.2926945342034646,59.86928042076084],[-1.289322966467741,59.87254614173487],[-1.2969423034356402,59.875663385269206],[-1.3135195261055737,59.85519102177609],[-1.3096192648131038,59.8633825078366],[-1.316568068400556,59.86949609015862],[-1.3063094549485652,59.88164219474213],[-1.3188530504503173,59.897515177805204],[-1.3443543926637849,59.897075962415045],[-1.350290443076549,59.88348067038861],[-1.3587071610807506,59.892858783800506],[-1.3816505206346585,59.888667124444645],[-1.3922752687273436,59.91306436738643],[-1.3914908442814342,59.91587132821365],[-1.3827180148023674,59.91352286718129],[-1.3640148650659152,59.92010583134209],[-1.3723612668561125,59.92536195470224],[-1.3628235363776298,59.931048762447055],[-1.372516788401903,59.93362379955493],[-1.3620347285896377,59.93523836505985],[-1.3640401387698995,59.945841104373415],[-1.3299138016902983,59.94653267940948],[-1.3381505383906345,59.954190186263496],[-1.331789862834339,59.96906272582553],[-1.3612873113583686,59.96942613617429],[-1.351165395517,59.97409073642236],[-1.3547283095535323,59.98065417912791],[-1.330146436159506,59.9722178790468],[-1.3469418486825178,59.998933991922804],[-1.317541567325801,60.01279786987798],[-1.3213578203474998,60.019130019054906],[-1.306760873854152,60.03645633969755],[-1.304260666435322,60.058496627445905],[-1.2817938877405546,60.096657249647244],[-1.2719431894628976,60.09804569293335],[-1.2779223990286128,60.1014914506113],[-1.2670652820743948,60.14233788261139],[-1.2707416016927762,60.13397511244369],[-1.3055190810066473,60.132753922645016],[-1.2905172432048297,60.14707182236239],[-1.302353823977759,60.14888556143872],[-1.2836892300284826,60.1956633894971],[-1.2970443757413679,60.19338582723545],[-1.295827236881297,60.184767523031205],[-1.3159264067563308,60.159151819350654],[-1.3179034722995218,60.17246523362664],[-1.3020194560286238,60.20123931061915],[-1.2709358068034238,60.22253939605358],[-1.264687961925973,60.24015246062551],[-1.2813116120133168,60.21615794174708],[-1.2948834363658013,60.206194770022044],[-1.2983066957045653,60.21105713505002],[-1.319341277272408,60.17047921204635],[-1.3295375105504335,60.16561412049756],[-1.300794216473825,60.21796171319576],[-1.3066960102514507,60.22954849808603],[-1.2939469239300587,60.24030759460767],[-1.2927194775736501,60.25394558488849],[-1.3158934913622529,60.22401214619098],[-1.3476761835131426,60.200692836726724],[-1.3480198030580965,60.21611160934408],[-1.3610745756973777,60.217343165172565],[-1.3602589898086177,60.22890344299137],[-1.3689388632660087,60.23474544305314],[-1.3522410016199329,60.237713407292524],[-1.3569478862568363,60.2456925380013],[-1.3863874633937783,60.25134849777615],[-1.393964164608261,60.24411484446722],[-1.4114626221602684,60.25529148937353],[-1.4351230235836223,60.25495513339254],[-1.4152949915099613,60.252139759777776],[-1.3886322807442617,60.23509342663084],[-1.3764159621475256,60.23656308991519],[-1.3736811107461209,60.22136210666765],[-1.3606628437157555,60.21371727556641],[-1.3606016588139056,60.19459404754417],[-1.3733280854907863,60.189980111027076],[-1.3687253890664968,60.20967933188864],[-1.394536438542494,60.199848160661986],[-1.3985132036446437,60.21732940651339],[-1.4078914966192848,60.18631470675025],[-1.4014161676415189,60.17911759186229],[-1.422206018325019,60.16477766882619],[-1.4387672421063944,60.17218268761339],[-1.4307721556677124,60.18409363357794],[-1.438531487829937,60.18886495790802],[-1.4444970812865074,60.176823996844604],[-1.453498404144946,60.176323363887285],[-1.4511450905785344,60.152952625952146],[-1.462484534927034,60.14621906773944],[-1.469857386918985,60.16030996927204],[-1.510554120568201,60.16460115475902],[-1.5118802655106958,60.1830902727043],[-1.529323799659101,60.18261808949378],[-1.532733212956358,60.18183099752797],[-1.5325228199231464,60.17867367330936],[-1.5469458781703114,60.186558311072226],[-1.5428801773168237,60.204384689688105],[-1.4843509098773995,60.204059201880305],[-1.481006675574187,60.20792510584854],[-1.5039417145534208,60.20886121946679],[-1.4703487296849314,60.22051205746375],[-1.5066698345439966,60.215228526573924],[-1.5055442511902368,60.228399250702516],[-1.4913866146847703,60.23076118693424],[-1.521945850854599,60.23766223423057],[-1.5113299077379498,60.24202202827649],[-1.5341752823730777,60.246817084256875],[-1.5304090966277546,60.23380318109051],[-1.514674711061539,60.229184442868245],[-1.5576606636351278,60.199037391029584],[-1.5643485195196625,60.203655411169734],[-1.5580540507731977,60.2201439557544],[-1.5508679864677881,60.22087679932411],[-1.5629197900263772,60.221918127008095],[-1.5639023310183071,60.22881001870477],[-1.5750950905320538,60.21914210682582],[-1.6120567351261286,60.220141798310934],[-1.5977940664409094,60.21061499216353],[-1.6058893252035922,60.21112409015418],[-1.6234261562014025,60.20649692446831],[-1.6265061653616806,60.21250352631962],[-1.6517708261933544,60.21989440129237],[-1.6372578575828032,60.229445029778425],[-1.6896429647026296,60.23405177128374],[-1.690577742578855,60.24717202274018],[-1.6979487515992804,60.24722667177501],[-1.6864779086147654,60.25375826699406],[-1.7029708333647795,60.25416962215967],[-1.6801917440469296,60.27706664877871],[-1.7005006687690856,60.28183224329088],[-1.7025141975932943,60.28968419336285],[-1.6663315400578762,60.30576026856468],[-1.6036694555491593,60.30687724031188],[-1.5722015478143414,60.287475515980795],[-1.5775400423468147,60.301961983238016],[-1.5697637337945083,60.294771985225985],[-1.5360929208567617,60.2922607125342],[-1.5506611940701982,60.30598189318409],[-1.5052446248475768,60.319522379694035],[-1.4963777527470665,60.31692113917331],[-1.479839689231153,60.2742842778253],[-1.459252875507955,60.28881330635837],[-1.4781018261740404,60.288745015651166],[-1.4880740756160935,60.30674331481188],[-1.4444940540338163,60.29726439399392],[-1.4661805013526044,60.305449531768474],[-1.438161230000321,60.30903784830084],[-1.46457918038191,60.311019558835476],[-1.4281307600182456,60.32849307940005],[-1.4189523658197525,60.315060930116594],[-1.4112826946739059,60.32031579074952],[-1.3881948083781641,60.31386631479874],[-1.3898586434254965,60.305245125408355],[-1.3746212978878358,60.2843314708325],[-1.3662868329435816,60.29947200973027],[-1.3387530031194383,60.30274568799444],[-1.3647254386889551,60.30531028266146],[-1.376003540564193,60.32304089870147],[-1.3666588185841353,60.328480273590216]]],[[[-1.433695525244686,60.39097790075931],[-1.3823503007903981,60.376135216499435],[-1.3810183229593973,60.358366068276],[-1.410034895721772,60.346176727760174],[-1.4517158354898616,60.3485520564889],[-1.4756556963517171,60.374309979979046],[-1.458191574196777,60.37384048384888],[-1.46296979399164,60.376046183433694],[-1.4499935421527,60.378790099105835],[-1.4567198243191315,60.38165501399394],[-1.433695525244686,60.39097790075931]]],[[[-1.3917386065492567,60.32270142933789],[-1.4061195881241708,60.32650178470599],[-1.4040116796114575,60.33314646791972],[-1.3916036277205683,60.33348925874389],[-1.399951531647997,60.33963900633224],[-1.3857319505172194,60.342394944098444],[-1.3740614311827721,60.33404555116736],[-1.3917386065492567,60.32270142933789]]],[[[-1.1554096502019666,60.47497736561011],[-1.141564025497281,60.46197729590617],[-1.162682350612447,60.46627319888694],[-1.1554096502019666,60.47497736561011]]],[[[-1.3537546612332503,60.35626138733033],[-1.362605313119214,60.35268546154397],[-1.367448772071348,60.359460685495826],[-1.3579591955282424,60.36135030659945],[-1.3537546612332503,60.35626138733033]]],[[[-1.428426937651133,60.620687615613384],[-1.4172886973207566,60.61713628884888],[-1.4376530780626717,60.6164734732496],[-1.428426937651133,60.620687615613384]]],[[[-1.2260850607845992,60.51869715758721],[-1.2196584121107241,60.51060581827725],[-1.2353885002380236,60.51501106222443],[-1.2260850607845992,60.51869715758721]]],[[[-1.1492906943895511,60.43892931122104],[-1.1573095273253715,60.438805211752666],[-1.1523237058338562,60.44714096954063],[-1.152151944444037,60.446779885538284],[-1.1492906943895511,60.43892931122104]]],[[[-1.272136441807872,60.501415925379085],[-1.2641307160967563,60.49518568177314],[-1.2748561872563704,60.49945987389303],[-1.272136441807872,60.501415925379085]]],[[[-1.1438270132274313,60.23877846427592],[-1.15648956795395,60.23416837843669],[-1.1509337629476915,60.24015747124486],[-1.1438270132274313,60.23877846427592]]],[[[-1.4532978044838432,60.438655435846286],[-1.459789994933781,60.43723215613448],[-1.4536802061914151,60.44255080794635],[-1.4532978044838432,60.438655435846286]]],[[[-1.6261672207024702,60.476217395195924],[-1.6225600249502188,60.47120621544854],[-1.6280430867517652,60.47283770196666],[-1.6261672207024702,60.476217395195924]]],[[[-1.6298706031260384,60.474472373855704],[-1.628936405006504,60.470263334135346],[-1.633598818245865,60.47210331070331],[-1.6298706031260384,60.474472373855704]]],[[[-1.130742964133426,60.45192899047641],[-1.1379007257806588,60.445813943296834],[-1.136822145867757,60.44908234157457],[-1.130742964133426,60.45192899047641]]],[[[-1.4291108107119492,60.41091381719006],[-1.4278042623422669,60.40675887301665],[-1.432216341906165,60.409891431590786],[-1.4291108107119492,60.41091381719006]]],[[[-1.3027102325582558,60.65404938645528],[-1.3002741827575648,60.65125335848761],[-1.3062114974836476,60.65198900591595],[-1.3027102325582558,60.65404938645528]]],[[[-1.4223685667190458,60.41210137669918],[-1.4237947902619168,60.40992755296648],[-1.4289181663606396,60.41102971800646],[-1.4223685667190458,60.41210137669918]]],[[[-1.0395060792994724,60.45347428299992],[-1.0432131228308665,60.45223217980837],[-1.0418211999247862,60.45635483719995],[-1.0395060792994724,60.45347428299992]]],[[[-1.1545471065840465,60.42999284906122],[-1.1523761012046576,60.42814111800394],[-1.155252533848842,60.429826758992895],[-1.1545471065840465,60.42999284906122]]],[[[-1.4525063798947817,60.44693136831774],[-1.4530093023662831,60.44511972137823],[-1.4565500636711506,60.445437701489915],[-1.4525063798947817,60.44693136831774]]],[[[-1.1384149054803145,60.24354844941142],[-1.1383803312480087,60.24240402662795],[-1.1424206382774629,60.24249573097159],[-1.1384149054803145,60.24354844941142]]],[[[-1.077623304586195,60.30427855981515],[-1.0784634789748941,60.30302893113302],[-1.0816716495685286,60.30381365147139],[-1.077623304586195,60.30427855981515]]],[[[-1.4789118987319398,60.56510139479791],[-1.4760913841814165,60.56355955780587],[-1.4785216142075266,60.56385186761325],[-1.4789118987319398,60.56510139479791]]],[[[-1.4619548421370825,60.441551098511084],[-1.4623878656578027,60.440084820395526],[-1.4638671851934348,60.44128493951485],[-1.4619548421370825,60.441551098511084]]],[[[-1.6024152370672355,60.46915905344508],[-1.6044270842262847,60.468971986267675],[-1.6033460150707954,60.47038290590552],[-1.6024152370672355,60.46915905344508]]],[[[-1.4338317347202785,60.40981605579584],[-1.433369478996873,60.408732147853456],[-1.436027361904335,60.409870243351314],[-1.4338317347202785,60.40981605579584]]],[[[-1.4563127964085643,60.56996765231208],[-1.457912696055376,60.56974967739868],[-1.4588882540162724,60.570866955494466],[-1.4563127964085643,60.56996765231208]]],[[[-1.0761357136240572,60.30275218192081],[-1.0780467738497765,60.30247564210381],[-1.0760927525503217,60.30371705504081],[-1.0761357136240572,60.30275218192081]]],[[[-1.0909450328405252,60.24898405441873],[-1.0901272797965469,60.2487802115369],[-1.0909843393408754,60.24883257684751],[-1.0909450328405252,60.24898405441873]]],[[[-1.1313683971336777,60.27561199372146],[-1.1319113313130411,60.274379850114485],[-1.132828075636224,60.27527358466305],[-1.1313683971336777,60.27561199372146]]],[[[-1.5202820831642152,60.46638122214498],[-1.5200888070477256,60.46531048206751],[-1.521753804530839,60.46585068633657],[-1.5202820831642152,60.46638122214498]]],[[[-1.1255404726315619,60.33360217308792],[-1.1252744867041173,60.332508132139786],[-1.126605744527198,60.3338243468634],[-1.1255404726315619,60.33360217308792]]],[[[-1.4949455893941357,60.45467970430193],[-1.4952162008925702,60.4545251163103],[-1.4957733792134067,60.454935753536304],[-1.4949455893941357,60.45467970430193]]],[[[-2.044746107351279,60.12909431897341],[-2.0640737727177862,60.10966931275411],[-2.093070971059484,60.12909604490929],[-2.116692825022759,60.133961863106904],[-2.1162564035165365,60.140319350156744],[-2.0899665770901157,60.15532121399148],[-2.0526873051517875,60.156354163630326],[-2.0398994966993724,60.139511464076335],[-2.051521252784981,60.13404374202129],[-2.044746107351279,60.12909431897341]]],[[[-1.6963322097296472,60.336220579678965],[-1.6909559764813984,60.342601102947754],[-1.6865454720986266,60.33155505996474],[-1.6761677908035661,60.335840988415775],[-1.6822204381065853,60.34216874234586],[-1.6689194000921128,60.34254631366347],[-1.6646340563650095,60.33370699497188],[-1.6763353823876948,60.328783195449994],[-1.6630288434827354,60.3279230276496],[-1.6651588516595492,60.321832343623775],[-1.704372238275711,60.315349573328],[-1.709910648631889,60.31846390039931],[-1.6969755226930014,60.32444191833763],[-1.7061488422393778,60.3291852545048],[-1.7189549949782237,60.31984905586734],[-1.7386641255175626,60.336911734406776],[-1.728159718629185,60.34008266771653],[-1.7320448926222547,60.34565279919558],[-1.7186587531784148,60.34640194586302],[-1.709825282614953,60.34038079191549],[-1.6997034074301225,60.34451208793295],[-1.6963322097296472,60.336220579678965]]],[[[-1.478638797495294,60.33620217208925],[-1.473925584311505,60.33080977802177],[-1.4613189161549163,60.335356481292486],[-1.4379765151166752,60.32719686570956],[-1.4688584554284694,60.31942240666496],[-1.472870219761303,60.31102849768512],[-1.4821384782375497,60.32108366479166],[-1.4662311276223423,60.327344706018835],[-1.4909164483424222,60.3270554122101],[-1.4832914256353422,60.338644611181536],[-1.4697460082552511,60.338407235798826],[-1.478638797495294,60.33620217208925]]],[[[-1.5840494920616426,60.20955811185664],[-1.5677351801267299,60.20293841812028],[-1.5630840073146879,60.19461266055169],[-1.5879024367272494,60.190754674159514],[-1.60465966279784,60.20053905250671],[-1.5840494920616426,60.20955811185664]]],[[[-1.5714983883867892,60.21833107475628],[-1.5671778311437805,60.212440375943956],[-1.5770593458079387,60.215200575448456],[-1.5714983883867892,60.21833107475628]]],[[[-1.3351796705536374,60.16747959332096],[-1.3353414362864493,60.162339825489425],[-1.3418482580848665,60.16561370971706],[-1.3351796705536374,60.16747959332096]]],[[[-1.5476896410969547,60.30984529828073],[-1.5525074957796288,60.31058078133989],[-1.546863297881444,60.3148516020343],[-1.5476896410969547,60.30984529828073]]],[[[-1.749489528225033,60.336492541655225],[-1.7463606129013016,60.33357306975176],[-1.7517993146370587,60.33404120895856],[-1.749489528225033,60.336492541655225]]],[[[-1.3275893002620094,60.18775853094811],[-1.329718378269596,60.18318112976577],[-1.330594270276414,60.18695052313699],[-1.3275893002620094,60.18775853094811]]],[[[-1.3760006990062534,60.15857370417865],[-1.3796297948805927,60.15525649604054],[-1.3800245924066998,60.15776562942216],[-1.3760006990062534,60.15857370417865]]],[[[-1.320816454934434,60.20030678204199],[-1.3198483093291264,60.19812063291422],[-1.3309863270152773,60.196488391601385],[-1.320816454934434,60.20030678204199]]],[[[-1.4916329710413423,60.31624936156014],[-1.4864944145783197,60.31404924947644],[-1.4913145112757793,60.31459354225786],[-1.4916329710413423,60.31624936156014]]],[[[-1.6536237878039122,60.31152612809445],[-1.6542739527878256,60.308860462065105],[-1.655676694336315,60.31056805342929],[-1.6536237878039122,60.31152612809445]]],[[[-1.508490057076919,60.1628560838357],[-1.5086390824606957,60.16071513536915],[-1.5119617633143398,60.16079922825552],[-1.508490057076919,60.1628560838357]]],[[[-1.6311423495750195,60.21254264039264],[-1.6285110538289682,60.21106033561638],[-1.634889448507783,60.21222166805574],[-1.6311423495750195,60.21254264039264]]],[[[-1.812729195881206,60.37556220082724],[-1.8157779877538625,60.3748776313898],[-1.8160408827345893,60.377013304480684],[-1.812729195881206,60.37556220082724]]],[[[-1.4913845815178595,60.322350120840895],[-1.4876857918468878,60.3215742137196],[-1.4927622224126658,60.322008046780056],[-1.4913845815178595,60.322350120840895]]],[[[-1.3229577588444539,60.204375451836334],[-1.3231793843220476,60.20644259484484],[-1.3209008663739705,60.20619520355737],[-1.3229577588444539,60.204375451836334]]],[[[-1.7396783396959048,60.335782408602995],[-1.741651198457385,60.33480308293217],[-1.7427029376698282,60.335792764654414],[-1.7396783396959048,60.335782408602995]]],[[[-1.813912434954922,60.37373450337426],[-1.8112532492574167,60.3723288095094],[-1.8144449438003145,60.37298075835362],[-1.813912434954922,60.37373450337426]]],[[[-1.493015516615647,60.323126263728625],[-1.493397796770536,60.32408840472486],[-1.4923695249046374,60.32346137031447],[-1.493015516615647,60.323126263728625]]],[[[-1.5284548553306425,60.313734563763454],[-1.5315494757714645,60.312501935548944],[-1.5296998936720934,60.31400384881588],[-1.5284548553306425,60.313734563763454]]],[[[-1.3663076728991166,60.18737745608237],[-1.3679486355085289,60.185324275127],[-1.3670369397813826,60.187431890236304],[-1.3663076728991166,60.18737745608237]]],[[[-1.3314978147860366,60.19002710932947],[-1.3324058734929058,60.18875099854845],[-1.3315479293500638,60.19009086804256],[-1.3314978147860366,60.19002710932947]]],[[[-1.5515434474485736,60.30912728986475],[-1.5522210895441113,60.307278884819496],[-1.551609299966024,60.309167384953234],[-1.5515434474485736,60.30912728986475]]],[[[-1.3922842588693676,60.196978764259306],[-1.3929909770130526,60.196416038598244],[-1.3930371035105298,60.19781442767493],[-1.3922842588693676,60.196978764259306]]],[[[-1.5311291132888527,60.180254668689656],[-1.5318347267740642,60.18035976580025],[-1.5321873985329584,60.18091321751083],[-1.5311291132888527,60.180254668689656]]],[[[-1.531634286295736,60.18114472204805],[-1.532230040932428,60.18108396881724],[-1.5325833641318976,60.18159252661246],[-1.531634286295736,60.18114472204805]]],[[[-1.6213968487159902,60.20647320052022],[-1.6218852197654765,60.20636235466385],[-1.6225956401433153,60.2066319878759],[-1.6213968487159902,60.20647320052022]]],[[[-1.3101364236000228,60.105214390465825],[-1.3343009435677533,60.080735699961075],[-1.3382616326107528,60.06962392641429],[-1.334636406228076,60.06603199968543],[-1.3506391371917301,60.04864399380205],[-1.376116947317627,60.04361433745612],[-1.3773381693206128,60.049691357836465],[-1.3650480637725986,60.0491089930473],[-1.353860339959309,60.0602296048173],[-1.3430163676518485,60.05954319585222],[-1.3534695813506772,60.06230281163959],[-1.3573911175764524,60.069405658950735],[-1.3491526655870691,60.0753860303227],[-1.3560196461495493,60.0793348208257],[-1.3422717463328817,60.08073511434199],[-1.3426234383176832,60.08835577018891],[-1.32599523431295,60.09495727974746],[-1.3276257052591445,60.10080477937892],[-1.3410132269772626,60.09842788517769],[-1.3486800474320508,60.10684342223849],[-1.3211891874639698,60.10510445878596],[-1.3158453513866186,60.11839949654586],[-1.3101364236000228,60.105214390465825]]],[[[-1.2993942775342813,60.09556448789952],[-1.2981465925691238,60.086363152701075],[-1.3230448796055654,60.06572272152492],[-1.3198295147231016,60.05805840196138],[-1.3368561971255823,60.04025176459122],[-1.339726599217058,60.04798837533259],[-1.3241533417061686,60.06062004289395],[-1.3303978953631765,60.06301810209983],[-1.3311809652089988,60.079636204114195],[-1.312334155473049,60.095201351921084],[-1.2993942775342813,60.09556448789952]]],[[[-1.275869816496592,60.126808240594585],[-1.284183742413153,60.123506712583065],[-1.2861828106557918,60.106713670624565],[-1.3103627134256903,60.099201250091184],[-1.2977904328739478,60.10862092874362],[-1.298173746274572,60.12655377416708],[-1.275869816496592,60.126808240594585]]],[[[-1.3503813771362887,60.1472752761583],[-1.3602278696272363,60.1393605282676],[-1.3687124640502295,60.14327322547489],[-1.3616717608024518,60.15244822884435],[-1.3503813771362887,60.1472752761583]]],[[[-1.3589270890534677,60.11851153850199],[-1.3743646509518168,60.11263054437736],[-1.3782716170476528,60.11890006910702],[-1.367960015990497,60.12317117300927],[-1.3589270890534677,60.11851153850199]]],[[[-1.363502804991434,60.030496301166885],[-1.3577988358257422,60.027106070974],[-1.3448201117343421,60.02739711448218],[-1.3513248880268647,60.01966261591606],[-1.363502804991434,60.030496301166885]]],[[[-1.3556484859365332,60.12103233933494],[-1.3393567047054495,60.12227208673525],[-1.3347859450723354,60.124127253669165],[-1.33598986074893,60.119547357753845],[-1.3556484859365332,60.12103233933494]]],[[[-1.3267802546929868,60.136817283004554],[-1.33093886143709,60.13382325156198],[-1.3280855507819485,60.14112995797279],[-1.3267802546929868,60.136817283004554]]],[[[-1.3749136645864068,60.1308939411061],[-1.3718609991814523,60.12865704562229],[-1.379943168952848,60.12905437894759],[-1.3749136645864068,60.1308939411061]]],[[[-1.3581597903974447,60.12619045769733],[-1.356591143553597,60.12206054792735],[-1.3586209721978293,60.126038544749356],[-1.3581597903974447,60.12619045769733]]],[[[-1.34768273724961,60.13858809052154],[-1.3536462006074652,60.13828061553349],[-1.353486710536404,60.14090625202407],[-1.34768273724961,60.13858809052154]]],[[[-1.3683836905906415,60.02464498672654],[-1.3693848308695171,60.01925597680418],[-1.3684703149206263,60.02480253435364],[-1.3683836905906415,60.02464498672654]]],[[[-1.3732873252661992,60.12743825746049],[-1.3759968812985541,60.12549194672913],[-1.3764594703198072,60.12796093474883],[-1.3732873252661992,60.12743825746049]]],[[[-1.3126767805297859,60.1245338916951],[-1.3166051233141784,60.12298283438029],[-1.3143509832009614,60.12538674112165],[-1.3126767805297859,60.1245338916951]]],[[[-1.3712255802013151,60.13135891726149],[-1.3737676290891478,60.13105464782382],[-1.371391507847552,60.13295147922723],[-1.3712255802013151,60.13135891726149]]],[[[-1.3717179784468319,60.10777086679649],[-1.3754432903123022,60.10671546126022],[-1.3746707346920222,60.10809461662406],[-1.3717179784468319,60.10777086679649]]],[[[-1.3336588361635842,60.06899077382261],[-1.3334000035673228,60.067916088383],[-1.334901502357228,60.067946820458886],[-1.3336588361635842,60.06899077382261]]],[[[-1.3052720329545837,60.143710561334146],[-1.3069032032283596,60.14334491033218],[-1.3062595017862202,60.14455211693478],[-1.3052720329545837,60.143710561334146]]],[[[-1.3750457213774225,60.12205201645141],[-1.3773146475723155,60.12050734287525],[-1.3771072857701918,60.1217263160212],[-1.3750457213774225,60.12205201645141]]],[[[-1.3548672269528763,60.13798575850203],[-1.3563311360214347,60.13754746589706],[-1.3553433579759242,60.13893313042807],[-1.3548672269528763,60.13798575850203]]],[[[-1.361377309645456,60.053178822116074],[-1.362649493905518,60.05239992321711],[-1.3619265184239493,60.05362853308419],[-1.361377309645456,60.053178822116074]]],[[[-1.357954749480787,60.139616860861224],[-1.3591438053436966,60.13845904629053],[-1.3590505368893901,60.13904314057326],[-1.357954749480787,60.139616860861224]]],[[[-1.3538409127461317,60.06287503913567],[-1.3542868372892163,60.062396592715814],[-1.3542885530376199,60.063228981215055],[-1.3538409127461317,60.06287503913567]]],[[[-1.6399067837027592,59.55210951142928],[-1.6081817745184552,59.55354070410829],[-1.6030348144980546,59.549699849014736],[-1.6129391148796046,59.540529642945884],[-1.5972385583405708,59.539597893226016],[-1.6005509180007418,59.5323927531735],[-1.6159590645832271,59.5330996552597],[-1.6088335046064106,59.52324033090727],[-1.6256939533177237,59.52682665502116],[-1.6296759679926793,59.51432730434462],[-1.6512848419898916,59.513135333757326],[-1.6581399520034585,59.52261387335497],[-1.6437557766000634,59.5254572398131],[-1.6501689747777035,59.5313805161645],[-1.6419087344294998,59.53596036390286],[-1.647525142915943,59.54078873091469],[-1.637187603191624,59.54257446869716],[-1.6399067837027592,59.55210951142928]]],[[[-1.1930779946298755,60.002794111033644],[-1.1810670244259915,60.002702238973754],[-1.1595289619573035,59.99330468897088],[-1.1751759163673814,59.99058777123898],[-1.1930779946298755,60.002794111033644]]],[[[-1.3575907649051073,59.95493751738741],[-1.3534992202674005,59.948862326584155],[-1.3618317177578425,59.95094726771922],[-1.3575907649051073,59.95493751738741]]],[[[-1.3299741254444495,59.869583738245055],[-1.3321432785660139,59.8700944784985],[-1.3299685793829292,59.872666334784455],[-1.3299741254444495,59.869583738245055]]],[[[-1.3161904894682166,59.849450998556314],[-1.3188661036938665,59.84898195341836],[-1.3154763248328425,59.85160486174326],[-1.3161904894682166,59.849450998556314]]],[[[-1.324150332287383,59.8714496086973],[-1.3213125667919832,59.87074450710275],[-1.3249126586817686,59.86996290324121],[-1.324150332287383,59.8714496086973]]],[[[-1.3559902715258731,59.967779326442354],[-1.360618866817432,59.96692180744949],[-1.360284863859259,59.968455676363625],[-1.3559902715258731,59.967779326442354]]],[[[-1.3633109547397375,59.97364692813079],[-1.363713322134387,59.97181257115041],[-1.365463635835965,59.97349115652312],[-1.3633109547397375,59.97364692813079]]],[[[-1.1595517699222466,59.99758799948689],[-1.1572053982742703,59.996752714344744],[-1.1612803847465731,59.997055796975346],[-1.1595517699222466,59.99758799948689]]],[[[-1.6460889083061785,59.53862523069868],[-1.6459260144076704,59.53729578514915],[-1.6476023994167726,59.53846766883778],[-1.6460889083061785,59.53862523069868]]],[[[-1.330089753071328,60.02096308585467],[-1.330776834565603,60.019848995534765],[-1.3312487286999068,60.02058568223916],[-1.330089753071328,60.02096308585467]]],[[[-1.3416023962313237,59.96533339024628],[-1.3420549140293283,59.96361859644347],[-1.342138663358382,59.96501532496782],[-1.3416023962313237,59.96533339024628]]],[[[-1.2778258831685518,59.85676733627252],[-1.2773594583597425,59.856278295336836],[-1.2778634155971877,59.85641754630548],[-1.2778258831685518,59.85676733627252]]],[[[-1.2767216813510496,59.855560020234556],[-1.2766583734197994,59.85535134551909],[-1.2774323868271187,59.85554865084344],[-1.2767216813510496,59.855560020234556]]],[[[-1.2719495257133402,59.88682331071676],[-1.271509997005996,59.88674096675852],[-1.2716791087874413,59.8864428787155],[-1.2719495257133402,59.88682331071676]]],[[[-1.363529667652509,59.9410870398319],[-1.3634351116653027,59.94071717109649],[-1.3636895726976153,59.94077500291252],[-1.363529667652509,59.9410870398319]]],[[[-1.2774235113948254,59.85501347893973],[-1.2773590071996281,59.855310288493186],[-1.2771399623725923,59.85520402629924],[-1.2774235113948254,59.85501347893973]]],[[[-1.3727579955553089,59.91712247942486],[-1.3726020648473194,59.91709060022039],[-1.37273196127612,59.917092143353976],[-1.3727579955553089,59.91712247942486]]],[[[-1.0897940925570913,60.185815179756844],[-1.0808187197829657,60.188431581921016],[-1.07256910918896,60.184912694454844],[-1.0765268619362194,60.175592642205636],[-1.0693697267423465,60.17372436404137],[-1.0775121838916912,60.16487356578553],[-1.072381912369714,60.158357414262234],[-1.04544051363059,60.16636189337189],[-1.0522226210538215,60.14171680940908],[-1.0693537449798771,60.12966192186172],[-1.0729187926576707,60.10272592440688],[-1.1223336123238377,60.11991245700667],[-1.1264087331777932,60.13795852284907],[-1.1166004526725952,60.14102106782738],[-1.1149557619480903,60.15781168003117],[-1.1205028477900059,60.152491611770536],[-1.1479726418768434,60.172881878368926],[-1.1467848421980296,60.18018532546834],[-1.1297025001669034,60.18433948582449],[-1.0788572410817725,60.17089910474978],[-1.0897940925570913,60.185815179756844]]],[[[-1.045244327390774,60.15092075118343],[-1.0057752711495411,60.15098036283101],[-1.0031284991295513,60.13934537028302],[-1.0105500523192188,60.13173238204621],[-1.0231109118279367,60.133977622012274],[-1.045244327390774,60.15092075118343]]],[[[-1.073576251727965,60.19076533954307],[-1.0682389938013597,60.19329162251516],[-1.0682637239545725,60.190189436841166],[-1.073576251727965,60.19076533954307]]],[[[-1.1005243672238563,60.18346290897828],[-1.0976160145118832,60.183473645435036],[-1.1020224394449738,60.18152548528534],[-1.1005243672238563,60.18346290897828]]],[[[-1.078862799122739,60.18975346380677],[-1.0735914548347916,60.19150624467199],[-1.079305016159467,60.1890406861059],[-1.078862799122739,60.18975346380677]]],[[[-1.1104341027780769,60.20856351214294],[-1.1095111437902851,60.20740076646385],[-1.1118713587875362,60.20738877884075],[-1.1104341027780769,60.20856351214294]]],[[[-1.15621064851995,60.19669985180382],[-1.1557521501322425,60.1970926212296],[-1.1555674100145414,60.19691185804107],[-1.15621064851995,60.19669985180382]]],[[[-1.141334622337582,60.1463978556494],[-1.1411851964409552,60.146169474915794],[-1.1415486472062053,60.14622596539782],[-1.141334622337582,60.1463978556494]]]]}},{"type":"Feature","properties":{"county":"Gwynedd"},"geometry":{"type":"MultiPolygon","coordinates":[[[[-4.5361963258677065,52.80025893838494],[-4.611275888705191,52.82447087958631],[-4.644352948348069,52.79977452234288],[-4.661153993595713,52.806197674686246],[-4.688131440157211,52.79349850951255],[-4.720716110487314,52.802884305662175],[-4.73221889667797,52.78193321344944],[-4.767837285581616,52.79747136506989],[-4.722402168554926,52.83645731392866],[-4.726219791991208,52.85351676037615],[-4.69386483663507,52.86128466166479],[-4.687035884478577,52.87608026752016],[-4.668198242581105,52.87908499841454],[-4.649698222972134,52.90602236555195],[-4.632404493137206,52.905862583000186],[-4.618024753087424,52.92211222614783],[-4.570535942797884,52.93889589229337],[-4.567410640301664,52.94857540232193],[-4.562417432344066,52.93817216039905],[-4.52886577215508,52.93741945223908],[-4.511100152643843,52.94492050399771],[-4.471795088708369,52.966649455305586],[-4.437172350929788,52.99854024288033],[-4.413240226704309,52.997160844352656],[-4.353495323496148,53.03349241328523],[-4.338941397757322,53.05385794727651],[-4.33647962325797,53.08424353262516],[-4.346564878862169,53.11433334851263],[-4.336783256123941,53.12255053799415],[-4.319572806464018,53.12149613122655],[-4.333767253652095,53.1139996310666],[-4.319340020969286,53.09277241594559],[-4.305815973003865,53.10797036642013],[-4.31373288198025,53.106543508385904],[-4.314314070253027,53.12367907445809],[-4.280213648424183,53.139377631099904],[-4.2736910344830665,53.1327430136222],[-4.27837090866145,53.14072111194314],[-4.260102648238076,53.158097819341094],[-4.214103966254261,53.181768225459564],[-4.209502151837464,53.201542594315804],[-4.199419719598121,53.20996725797544],[-4.16307739341796,53.218856412238665],[-4.1225405156377155,53.237196630637584],[-4.110979388315035,53.231509592825105],[-4.113209902410002,53.23694351658759],[-4.091068577237742,53.236667036361965],[-4.085578352451417,53.225671632009245],[-3.9982006363275655,53.248387333409006],[-3.9793546393438146,53.23189076233179],[-3.935292686951649,53.21487488064729],[-3.940325821496974,53.198852237105434],[-3.964974779144381,53.18339011267277],[-3.970328722949795,53.160186318921326],[-4.007855945432829,53.14376840249078],[-4.020119135045429,53.1248219277698],[-3.9955645591409494,53.12496188679849],[-4.021013826065264,53.124586472049685],[-4.031126889819013,53.106373791159605],[-4.0141027299624685,53.10355596095693],[-4.013597582608767,53.08970549058437],[-3.9866749098185488,53.084201761097354],[-3.9913227578365245,53.076493756009945],[-3.9770621077940636,53.0689331221185],[-3.997213640177141,53.03765146727834],[-3.986024086002437,53.01198362973817],[-3.8989361972626377,53.020566926601],[-3.8878130667727606,53.01160884683159],[-3.8961799829359234,52.99585738328305],[-3.849374520293715,52.977324593067834],[-3.841041258937133,52.96230315234012],[-3.8132237523737946,52.949371837957074],[-3.7697225767930265,52.959303987828],[-3.735341847800748,52.979850564815216],[-3.68299757563163,52.98689018378488],[-3.6729499440273274,52.9970516667676],[-3.606778762936448,53.0121131588014],[-3.599552969097254,53.00991720417606],[-3.6107883009440194,52.99601416885394],[-3.5829896543271396,52.96753726258663],[-3.5338084509699526,52.97368597788806],[-3.5045418442221448,52.96535046078779],[-3.45798182606534,52.98488824062555],[-3.436785434021537,52.98084826829414],[-3.4487452997830723,52.97382744110554],[-3.4467132480108043,52.96323759855858],[-3.4914283862809055,52.93368623300546],[-3.4651154077206243,52.92026954549461],[-3.488538914025933,52.89530839519829],[-3.4735621593491777,52.87126750852198],[-3.5054481011392498,52.84189445377954],[-3.5666729375507216,52.83007967438509],[-3.568170260614424,52.82289552856444],[-3.5864761318770015,52.827717359472636],[-3.5970582906612103,52.81405400875184],[-3.606462141491896,52.78699021875159],[-3.5969557451522247,52.78348196892406],[-3.5913874117160347,52.74176303033048],[-3.5835140799042167,52.73862285616341],[-3.5992942752190156,52.72588190749188],[-3.6019824271129153,52.705087364642594],[-3.6545065752817742,52.69169543928684],[-3.6824858226097104,52.694150785343304],[-3.7093676268398976,52.67108246560016],[-3.71675971090416,52.678778683020035],[-3.7439074122182894,52.68130878774946],[-3.759351517979631,52.66944638366188],[-3.80809563819193,52.6779453179257],[-3.8407140611383657,52.650902871274944],[-3.8440159364025015,52.641223100218134],[-3.8346139766994716,52.63305872284956],[-3.8504499318526273,52.620635889202404],[-3.8420770340219916,52.59967888406133],[-3.8753782128178105,52.59284182122453],[-3.8839223550937665,52.57711928254652],[-3.91535465092217,52.578589443313795],[-3.9288533796308753,52.57146061697323],[-3.9311454063029494,52.55400465957032],[-3.939773400271305,52.56066003803271],[-3.960312099419811,52.56067060720507],[-4.070157967375091,52.543225855852896],[-4.126517836919726,52.60741262310498],[-4.103598494747446,52.59918402956303],[-4.0732961793615,52.6022513190379],[-4.0747979227443025,52.60818536101045],[-4.085322748028186,52.60181357586895],[-4.12837186885459,52.611168292956755],[-4.094786601608264,52.668577751171526],[-4.057299381984684,52.68734357976293],[-4.0586221375906355,52.7083204141058],[-4.049677808461211,52.71545160898979],[-4.057374649708887,52.70628399009462],[-4.0320145817887925,52.708661604834425],[-4.037873663189273,52.71399709076249],[-4.016190840645335,52.72063012605697],[-4.01135234496186,52.71317596655513],[-3.9894902640666947,52.73595779218194],[-3.9494207523614238,52.75099177269833],[-3.9350302446188032,52.74835570169715],[-3.943267915001635,52.75397524821418],[-3.939241983724687,52.74997813968071],[-3.9500256154108877,52.75288970920191],[-4.02312084986366,52.73602082621318],[-4.035022128236238,52.72169302226595],[-4.058911381925433,52.717827132345356],[-4.152326451879594,52.81326295769899],[-4.119742100481812,52.8255737862767],[-4.118667220040072,52.830296174358914],[-4.107818703624115,52.82640747180529],[-4.116724878048197,52.83168757793435],[-4.128932752918901,52.827177222181966],[-4.119081409710838,52.84803879806852],[-4.1481697184624595,52.886984639916456],[-4.147858661106855,52.89623387644873],[-4.0829070178108315,52.898469855291765],[-4.0737633881542,52.9060384361766],[-4.086590451231717,52.90333847568934],[-4.076612975330734,52.913504118998716],[-4.044202923816432,52.92664033510383],[-4.037149136260585,52.93746962190763],[-4.045617672249179,52.92830984041698],[-4.102866297880998,52.90900149193401],[-4.1122547136750685,52.912205554056115],[-4.10907276696346,52.91907721820529],[-4.128581179016897,52.92182293811576],[-4.125622096583084,52.928923025733084],[-4.134860191429861,52.91395738488188],[-4.151848942529103,52.90636818224817],[-4.22364267763255,52.919306573511136],[-4.261360101186675,52.910881930818626],[-4.285201302757008,52.91581861169431],[-4.263597908881775,52.910870774981916],[-4.316545527403795,52.90851923230984],[-4.32503870176482,52.90465246735873],[-4.3267428309999625,52.891944978319344],[-4.375102751926588,52.89639769173359],[-4.397856513128763,52.89296337018259],[-4.400412778450601,52.88447593199298],[-4.40697626314258,52.891813172315],[-4.416868810382803,52.88736184693365],[-4.397486707459754,52.882261648928754],[-4.457061581284411,52.871139467424804],[-4.478757004367318,52.854857523881776],[-4.470387091665855,52.84778205139717],[-4.505480423701184,52.82701467587809],[-4.498066028315733,52.825495864542816],[-4.5000079877841355,52.81252928173329],[-4.48532932958611,52.80791806372814],[-4.486749908169109,52.79461515959556],[-4.514804866841659,52.79296696577871],[-4.518905624139631,52.78176427283906],[-4.5303938357763895,52.77787124266655],[-4.542592395441686,52.78650823902358],[-4.5361963258677065,52.80025893838494]]],[[[-4.780223237284021,52.75899018151905],[-4.7967350545354845,52.753681043521375],[-4.801579202377862,52.7451335389765],[-4.793704688789737,52.76770877465976],[-4.780748473202349,52.76624564775081],[-4.780223237284021,52.75899018151905]]],[[[-4.694046576264618,52.78735333729259],[-4.695212950592899,52.787256990975756],[-4.692434377094691,52.78870639871193],[-4.694046576264618,52.78735333729259]]],[[[-4.802746153264613,52.75675864066764],[-4.804159476942631,52.75586556866606],[-4.803930319952382,52.75714481000226],[-4.802746153264613,52.75675864066764]]],[[[-4.697456811175704,52.78521805559585],[-4.697589550990941,52.7843919106387],[-4.699075180305571,52.78448813335399],[-4.697456811175704,52.78521805559585]]],[[[-3.9411395704691783,52.55752238154563],[-3.9419040005598998,52.557923109344074],[-3.941672134413963,52.557954034266224],[-3.9411395704691783,52.55752238154563]]],[[[-4.129277658586642,52.82396811636644],[-4.133409367987525,52.82259380944039],[-4.131632606602191,52.824470696387394],[-4.129277658586642,52.82396811636644]]],[[[-4.462942786391325,52.80725944581798],[-4.461060440993521,52.80416050890878],[-4.465124286102352,52.80546354883114],[-4.462942786391325,52.80725944581798]]],[[[-4.471017144946385,52.79941773593251],[-4.470616212673578,52.79608066832867],[-4.472703135353224,52.79910250715609],[-4.471017144946385,52.79941773593251]]],[[[-4.1278681282911815,52.918568418253535],[-4.129355127118692,52.91852738403395],[-4.12760782946025,52.92087385491802],[-4.1278681282911815,52.918568418253535]]],[[[-4.155922516128493,53.23270365372444],[-4.163127875423573,53.22139992161528],[-4.178111365490008,53.22380072396075],[-4.202582654482686,53.214168642312366],[-4.214431408470147,53.20513632543099],[-4.218553747480844,53.18562788670567],[-4.245025976084641,53.179210596536926],[-4.282452357802781,53.15585018841726],[-4.318130388774888,53.1440944953573],[-4.32493080747905,53.14555144732692],[-4.3185595691125105,53.14995099224102],[-4.33982822453479,53.148802787426334],[-4.328044307100615,53.15989693908038],[-4.3309065555072,53.165648221007885],[-4.32858639727432,53.15974157918099],[-4.340911893258063,53.14947205169249],[-4.337564733745329,53.14278105149214],[-4.34671363403093,53.13511376950995],[-4.328429755498914,53.12670042732209],[-4.398739823524865,53.1449987821821],[-4.414912729788753,53.13470632472191],[-4.407578180104233,53.14428543351873],[-4.419699104829891,53.16397304006041],[-4.387171395413291,53.169496242639106],[-4.380209989203481,53.182441172996874],[-4.386344493711196,53.19098801595668],[-4.3467450788234645,53.202521999162805],[-4.370873055879967,53.19801968183352],[-4.396804149417442,53.1879007900678],[-4.443559363764024,53.15500893729012],[-4.465894093334666,53.18368142064704],[-4.486489993297942,53.17763896630923],[-4.48814639811317,53.18650615973419],[-4.505121057922233,53.18791594640367],[-4.497277053727798,53.206787956548574],[-4.523847297266274,53.226368901661004],[-4.5227972958834,53.23765747443492],[-4.512642790317139,53.23856493006479],[-4.522987027195749,53.2379039080762],[-4.523444457130667,53.23277060867429],[-4.5507382165672094,53.246086472672495],[-4.5555208174041075,53.24967036310581],[-4.548352564554194,53.25441932152626],[-4.560221917966659,53.2592287029472],[-4.550691926235132,53.26450147091449],[-4.588465837750445,53.281389178789624],[-4.576167486440106,53.286083941242325],[-4.583658442379312,53.29020252576709],[-4.574829567720863,53.28788684725136],[-4.5597130384794875,53.30076435814837],[-4.547044471193861,53.29968886585062],[-4.529730613101959,53.30948666990372],[-4.563678445427405,53.29966310336073],[-4.562116407102742,53.316509453897616],[-4.582942058615396,53.32568964006752],[-4.569690197618801,53.33705146900099],[-4.569409130178377,53.353608584716675],[-4.555131305635072,53.37391986433735],[-4.575471138040849,53.402226303536764],[-4.5298914819833636,53.40607151558304],[-4.511912180503341,53.41638355627345],[-4.5153370964462285,53.4117990497339],[-4.507554457802041,53.40901380961197],[-4.4920499797435465,53.41122316665976],[-4.477927947379858,53.42227406923363],[-4.450179875469571,53.41294445167922],[-4.445525219756653,53.42119828235563],[-4.450959451809712,53.42288677029269],[-4.425759461408606,53.43011694343013],[-4.40251364884304,53.42092470126602],[-4.368405313915614,53.42409418867793],[-4.356427636499768,53.41425536225841],[-4.338565865798285,53.4195623791004],[-4.334435872433663,53.41326794198193],[-4.3253889110972406,53.41839662210962],[-4.293005147802775,53.411104175891516],[-4.287737040633216,53.41715496907253],[-4.269370736289193,53.39053764228743],[-4.2955423949032845,53.36448175483665],[-4.27642714555752,53.37097973072844],[-4.280129941813611,53.37610206642048],[-4.264660312025639,53.360802315780774],[-4.230158131136626,53.35773915586354],[-4.233935692102527,53.340697676572375],[-4.224750474527215,53.33820542346192],[-4.2190407454344605,53.3190870069495],[-4.2044745968065795,53.31401132998807],[-4.214482294765518,53.298707158535684],[-4.204059378262124,53.292292194910424],[-4.143719518275836,53.305233080782045],[-4.118970617484202,53.31923582227867],[-4.040183771830219,53.31062663820977],[-4.07145868994742,53.2906745781024],[-4.087210007434018,53.26330885223639],[-4.155922516128493,53.23270365372444]]],[[[-4.172879787394017,53.22252338152563],[-4.174077034085285,53.22078698017714],[-4.175292967872216,53.22287493039901],[-4.172879787394017,53.22252338152563]]],[[[-4.154446533383972,53.23080331495118],[-4.155886819368476,53.22917714431035],[-4.156864035635183,53.23100510859873],[-4.154446533383972,53.23080331495118]]],[[[-4.181192149099055,53.21930919149418],[-4.179319251937867,53.21850372748035],[-4.181822959408146,53.218458800721386],[-4.181192149099055,53.21930919149418]]],[[[-4.681314241842664,53.32345539212869],[-4.649006228826784,53.3207250610075],[-4.643538896236745,53.32500137116636],[-4.622439892389645,53.329174757320224],[-4.648137238605026,53.31867184735598],[-4.624515594129474,53.31937234111567],[-4.620105042362054,53.3141238881045],[-4.631267148919549,53.30776485708558],[-4.6208276542751205,53.31268388654316],[-4.611173373075656,53.30278770053727],[-4.5864658029940415,53.302167516544195],[-4.583734888637756,53.290226043937885],[-4.609971597676374,53.27929707921395],[-4.597947966234681,53.28266188159515],[-4.5936866288136065,53.272696980110524],[-4.577324775121566,53.272984584397875],[-4.586339548133173,53.26347508286696],[-4.561859811252371,53.26405061371995],[-4.572585689621511,53.26163734075141],[-4.553423746035228,53.24713215837089],[-4.602310741030266,53.242593255000905],[-4.6145036275034075,53.24838482375616],[-4.60880166634872,53.25639911443598],[-4.625617452701988,53.269324392714665],[-4.617408851723132,53.27918967407228],[-4.651586704416878,53.287898359020566],[-4.6865926633663,53.28402458425862],[-4.677714264636682,53.29832237352098],[-4.700435118380816,53.306584508475225],[-4.683256708559054,53.31325039030012],[-4.681314241842664,53.32345539212869]]],[[[-4.570921484323149,53.27150984091502],[-4.572373774843076,53.2711170467013],[-4.57418021890894,53.27264883793654],[-4.570921484323149,53.27150984091502]]],[[[-4.558554893934208,53.25589549584664],[-4.557455822609185,53.254538042823874],[-4.560404935477499,53.256294522916356],[-4.558554893934208,53.25589549584664]]],[[[-4.021454787824571,53.32145312668814],[-4.031863919650422,53.315511089246264],[-4.029793910442425,53.3191943435229],[-4.021454787824571,53.32145312668814]]],[[[-4.603937575116708,53.42370248474519],[-4.607192705504953,53.42226474150866],[-4.6062325525444185,53.423764374722865],[-4.603937575116708,53.42370248474519]]],[[[-4.607458943802433,53.422532256893234],[-4.6086677660631965,53.4202490397938],[-4.609177188708255,53.42175921577093],[-4.607458943802433,53.422532256893234]]],[[[-4.61098789764091,53.42083626182966],[-4.610804268125746,53.41961148805397],[-4.6121463164939875,53.42012287496273],[-4.61098789764091,53.42083626182966]]],[[[-4.591348683932057,53.278231689838705],[-4.592786928648743,53.276516317641125],[-4.59312184497957,53.27776152525324],[-4.591348683932057,53.278231689838705]]]]}},{"type":"Feature","properties":{"county":"Clwyd"},"geometry":{"type":"MultiPolygon","coordinates":[[[[-3.589149052345574,53.29434546154478],[-3.5084980634683243,53.31683632359857],[-3.511122914943447,53.312820630828654],[-3.497647833876507,53.30077699130918],[-3.472699634359203,53.29091605447464],[-3.509273962186871,53.313256668380184],[-3.490234581728482,53.32500403520248],[-3.412818428509428,53.342638898175586],[-3.3097022202893784,53.35578748050779],[-3.3153750701170495,53.3475645513389],[-3.30355099677784,53.334872675259085],[-3.273111105999923,53.320543429376755],[-3.2614492487406785,53.32610565554824],[-3.258630830025348,53.31475701825694],[-3.1933464488136516,53.28898031342265],[-3.108487314453336,53.24013873798142],[-3.014860902683951,53.20956085350707],[-3.060656046180265,53.225453049603416],[-3.0937863449730627,53.24444906468778],[-3.077785973566577,53.23766137495578],[-3.0679797285535098,53.239124995961774],[-3.0598177690694,53.233721622902706],[-3.0641341130372286,53.230219599683686],[-3.0577652263120485,53.233114209943416],[-3.067330174584628,53.23927554227066],[-3.0778113926155544,53.23897087737777],[-3.06590752658203,53.2456330415857],[-3.0990352093716518,53.25242997954004],[-3.086001222642748,53.25628890523311],[-3.076677102046825,53.25078668735659],[-3.0360631794746635,53.251806473389465],[-3.0164230612643133,53.24412173568706],[-2.949510039319428,53.211279716371884],[-2.920395444693071,53.18257356342204],[-2.9278414878269095,53.171410444546304],[-2.992928978600926,53.15328811403985],[-2.9794980364977297,53.150621611809264],[-2.9436703937497906,53.12162576586026],[-2.910232329525687,53.112638957089025],[-2.88094229697923,53.121374737851944],[-2.9009438003007646,53.0908335572088],[-2.875722217123094,53.08152202970695],[-2.881750695264967,53.07459448739063],[-2.861513093958347,53.06077431129731],[-2.8725626825524566,53.058708072009715],[-2.8592356067682414,53.05416475215726],[-2.8701179403550974,53.04536056873783],[-2.85571501449444,53.03725586777664],[-2.858701731564191,53.019899943820285],[-2.8440619778961245,53.017668363732035],[-2.8359955564621897,52.997150186614384],[-2.8262997209672256,52.99377137401174],[-2.7682753636692654,52.99486047625075],[-2.7599401949091154,52.986419634906184],[-2.726840602020411,52.98327294362855],[-2.73529351261339,52.96994616340972],[-2.7241775131670716,52.95712162412808],[-2.728541430082635,52.92517812016934],[-2.755326489973366,52.9246280181819],[-2.8004666893307433,52.8955150184554],[-2.8410149471651964,52.94262370880916],[-2.8874312807074087,52.95252985079179],[-2.928888600541857,52.938678871176],[-2.959813281776251,52.951169556902066],[-2.974770105288088,52.968951609536425],[-2.982022341736016,52.959198268187144],[-3.0086136539726303,52.956591270774794],[-3.0348748013229523,52.929571275556384],[-3.0959532467281523,52.93028188262092],[-3.1095771279357245,52.918443621054514],[-3.1141621936663193,52.89397823343304],[-3.147503987573688,52.89016935253204],[-3.1743818082928463,52.901575565954936],[-3.205364997570876,52.893129295222266],[-3.233003149692619,52.867011031905776],[-3.2913461353465348,52.870842498395966],[-3.296803815756857,52.880722359773216],[-3.3750147939715607,52.89245345812689],[-3.3888236008104284,52.87607015633663],[-3.4692680735636885,52.861939488281436],[-3.4830124561988023,52.86545365494664],[-3.4735621593491777,52.87126750852198],[-3.488538914025933,52.89530839519829],[-3.4651154077206243,52.92026954549461],[-3.4914283862809055,52.93368623300546],[-3.4467132480108043,52.96323759855858],[-3.4487452997830723,52.97382744110554],[-3.436785434021537,52.98084826829414],[-3.45798182606534,52.98488824062555],[-3.5045418442221448,52.96535046078779],[-3.5338084509699526,52.97368597788806],[-3.5829896543271396,52.96753726258663],[-3.6107883009440194,52.99601416885394],[-3.599552969097254,53.00991720417606],[-3.606778762936448,53.0121131588014],[-3.6729499440273274,52.9970516667676],[-3.68299757563163,52.98689018378488],[-3.735341847800748,52.979850564815216],[-3.7697225767930265,52.959303987828],[-3.8132237523737946,52.949371837957074],[-3.841041258937133,52.96230315234012],[-3.849374520293715,52.977324593067834],[-3.8961799829359234,52.99585738328305],[-3.8878130667727606,53.01160884683159],[-3.8989361972626377,53.020566926601],[-3.9902510113825342,53.01362112954761],[-3.997213640177141,53.03765146727834],[-3.9770621077940636,53.0689331221185],[-3.9913227578365245,53.076493756009945],[-3.9866749098185488,53.084201761097354],[-4.013597582608767,53.08970549058437],[-4.0141027299624685,53.10355596095693],[-4.031126889819013,53.106373791159605],[-4.021013826065264,53.124586472049685],[-3.9955645591409494,53.12496188679849],[-4.020119135045429,53.1248219277698],[-4.007855945432829,53.14376840249078],[-3.970328722949795,53.160186318921326],[-3.964974779144381,53.18339011267277],[-3.940325821496974,53.198852237105434],[-3.935292686951649,53.21487488064729],[-3.9793546393438146,53.23189076233179],[-3.9982006363275655,53.248387333409006],[-4.007327517946509,53.24685667815355],[-3.8450048452900463,53.29649431848195],[-3.809741542534289,53.26626650781994],[-3.8278322676481715,53.25127737523911],[-3.8079600597764336,53.236092401895405],[-3.8206358498396393,53.22960713079277],[-3.8072558887580596,53.23374768691245],[-3.8061685727242662,53.24080428404439],[-3.821331250003422,53.25148926541164],[-3.797532788021712,53.27334565406731],[-3.8231321354068672,53.280650496062655],[-3.8178809316748463,53.28327300669151],[-3.8226878722289697,53.289494440163374],[-3.846064400654052,53.307527646125045],[-3.8448915881570986,53.31827096957398],[-3.8782935819314517,53.33940663003529],[-3.8329797864846378,53.337948158560025],[-3.828425701705479,53.32538040521116],[-3.813553925445443,53.32257695931891],[-3.7751308973301394,53.32831814240111],[-3.739124249553841,53.31417529791166],[-3.726411519832548,53.297626014980395],[-3.707569514876038,53.29384117648473],[-3.589149052345574,53.29434546154478]]],[[[-3.096982448681605,53.25989734059675],[-3.1013552271694627,53.26691692627832],[-3.0925477800871213,53.26105921464996],[-3.096982448681605,53.25989734059675]]],[[[-3.091001617940672,53.26025003017569],[-3.0812368379623836,53.255138445332875],[-3.0739636590775343,53.25426449517171],[-3.078397602269504,53.25221120759644],[-3.091001617940672,53.26025003017569]]],[[[-3.0923543399183226,53.260957980375],[-3.092189810376302,53.259961109741425],[-3.0931391574863865,53.260505247199774],[-3.0923543399183226,53.260957980375]]]]}},{"type":"Feature","properties":{"county":"Powys"},"geometry":{"type":"Polygon","coordinates":[[[-3.652974208685535,51.785446037945285],[-3.7366810482830988,51.76980186950461],[-3.731251728539727,51.76707459773407],[-3.7460906743522067,51.75339225047673],[-3.7703204813764195,51.754521626418274],[-3.7803884717889478,51.75967132637709],[-3.7824470057368558,51.77349345150386],[-3.806690468862063,51.78795230423849],[-3.7764292492105995,51.83939390216589],[-3.7138374692424327,51.88712562509739],[-3.7134227773959605,51.90548330337173],[-3.7276073464354766,51.91219880816745],[-3.7181654033748304,51.92914380628371],[-3.720513299132206,51.94192564981096],[-3.699906432510753,51.94608880662315],[-3.711203560463403,51.96187938640311],[-3.6700166319526404,52.004213216211674],[-3.6682721782452594,52.025432307399704],[-3.6471365602669783,52.03878921743026],[-3.6790498804580976,52.06061203283669],[-3.667131025536386,52.07429928744517],[-3.7230953566521072,52.085214220315954],[-3.7287994635441493,52.09398305167105],[-3.714076349956356,52.104970927263444],[-3.720319074294468,52.11750160345086],[-3.7581021035768525,52.12823435254764],[-3.74205638048754,52.13961759913149],[-3.750786645447323,52.16446975670928],[-3.7457716283545763,52.19199982058118],[-3.752271836755079,52.19761399911597],[-3.744208025099276,52.24630458057919],[-3.753433457263126,52.25176059816057],[-3.73163755345451,52.271450692713145],[-3.7071701928353216,52.27405756434323],[-3.7330898432928463,52.29030413325189],[-3.727736437477305,52.30582617272834],[-3.745010719070027,52.317565782235825],[-3.705129593756663,52.3414546319016],[-3.658167437706743,52.34764913402283],[-3.685478725797311,52.36822124315251],[-3.6972006911925104,52.36692955597084],[-3.7120500938916257,52.413356384396],[-3.7716167473963784,52.44215245264191],[-3.7664074284708513,52.46930364371408],[-3.744798119021844,52.47463329787335],[-3.741108124965863,52.49554856018522],[-3.730293229463012,52.49864367899415],[-3.7332605840748307,52.50658960030124],[-3.747189673380537,52.50689181669736],[-3.7679388516189087,52.498506094980414],[-3.772226570446457,52.48866870703853],[-3.798015590008468,52.48773650187747],[-3.8097714638156424,52.47904268089803],[-3.825379225683914,52.48366705164547],[-3.8439958411721293,52.5120392747058],[-3.8361393992419854,52.52588812511425],[-3.8408619646481945,52.55135480386188],[-3.8594661787593845,52.56084362982093],[-3.9260193692096497,52.56076188438795],[-3.9288533796308753,52.57146061697323],[-3.91535465092217,52.578589443313795],[-3.8839223550937665,52.57711928254652],[-3.8753782128178105,52.59284182122453],[-3.8420770340219916,52.59967888406133],[-3.8504499318526273,52.620635889202404],[-3.8346139766994716,52.63305872284956],[-3.8440159364025015,52.641223100218134],[-3.8407140611383657,52.650902871274944],[-3.80809563819193,52.6779453179257],[-3.759351517979631,52.66944638366188],[-3.7439074122182894,52.68130878774946],[-3.71675971090416,52.678778683020035],[-3.7093676268398976,52.67108246560016],[-3.6824858226097104,52.694150785343304],[-3.6545065752817742,52.69169543928684],[-3.6019824271129153,52.705087364642594],[-3.5992942752190156,52.72588190749188],[-3.5835140799042167,52.73862285616341],[-3.5913874117160347,52.74176303033048],[-3.590602908521825,52.765249453111004],[-3.6069725880433605,52.79750111653281],[-3.5864761318770015,52.827717359472636],[-3.568170260614424,52.82289552856444],[-3.5666729375507216,52.83007967438509],[-3.5054481011392498,52.84189445377954],[-3.4830124561988023,52.86545365494664],[-3.4692680735636885,52.861939488281436],[-3.3888236008104284,52.87607015633663],[-3.3750147939715607,52.89245345812689],[-3.296803815756857,52.880722359773216],[-3.2913461353465348,52.870842498395966],[-3.233003149692619,52.867011031905776],[-3.205364997570876,52.893129295222266],[-3.1743818082928463,52.901575565954936],[-3.1548389859911685,52.89809294548717],[-3.1355240823656954,52.88501369351741],[-3.1524167483092933,52.87874787434224],[-3.1277128187780203,52.867103036042536],[-3.1626404347531416,52.84798723150645],[-3.151737913723028,52.841870690783054],[-3.1678875258984216,52.81926667523993],[-3.1682051816619445,52.80732843826496],[-3.153190050211045,52.80636866343851],[-3.1618832027883395,52.79935707226202],[-3.1584253094930843,52.79348806498138],[-3.119066341927081,52.78477791032686],[-3.0866322380539657,52.79559316614979],[-3.0916936241969695,52.786751860941244],[-3.079516031819471,52.77151393370867],[-3.017199472683367,52.767664201451005],[-3.0106134111037854,52.76155075187396],[-3.021891161790441,52.75237881314797],[-2.961722252939493,52.725564523670116],[-2.9655995062206677,52.714407990746125],[-2.978103042189303,52.71535729248774],[-2.9775919517026077,52.72659171019197],[-3.0005546301592076,52.7202753001546],[-3.0214773239493273,52.724244825184506],[-3.022486010756962,52.706667955128026],[-3.0470478829251544,52.69126582152835],[-3.0456566500189295,52.675463749725864],[-3.0385802753302675,52.675373162352855],[-3.051112543320522,52.64736556994762],[-3.083566259168712,52.64129249519742],[-3.05979890170059,52.630721219493545],[-3.073186871967772,52.62896267695786],[-3.0936226023109317,52.609339111665214],[-3.089337180433013,52.59964586776266],[-3.1174141591414086,52.585763140246286],[-3.1392212998753375,52.58604438927949],[-3.137707928411098,52.573833967168824],[-3.111495386916416,52.54136379845613],[-3.1371606010909807,52.53339368241272],[-3.1330643874741853,52.52747059101033],[-3.085412274801799,52.534502681352755],[-3.0807508996348956,52.53914387125319],[-3.092311184363828,52.54783022062178],[-3.0144399856984996,52.5754974697859],[-2.9943072197843668,52.553048103892884],[-3.0038736163236557,52.51983301583777],[-3.0323788860692407,52.523731339298514],[-3.0367108850958706,52.513277341672726],[-3.029202255199593,52.50126805598468],[-3.108124296786233,52.4993009250379],[-3.1805917595063633,52.47383630093097],[-3.1972401962955233,52.475989394381436],[-3.2355429209303304,52.44250356199235],[-3.219544550599902,52.42125301642549],[-3.178836501335288,52.409397355366025],[-3.160581507632687,52.39992922197978],[-3.154446594074869,52.38771521656719],[-3.1106064867690386,52.377192827353504],[-3.060664423613203,52.348239529664],[-3.041057679160096,52.34430697770297],[-2.9745032141572882,52.3547007912327],[-2.9546513666030205,52.34915476636235],[-2.9668011585115317,52.32944903961631],[-3.001530326018581,52.32018679922184],[-3.011787256961496,52.277495640421655],[-2.964927379969077,52.27435655048242],[-2.9496213774306113,52.26952590079178],[-2.977502963533687,52.25977337380619],[-3.005502308309333,52.26427173481169],[-3.0455987619917484,52.25307205638782],[-3.0499357731801764,52.24503614092125],[-3.0436789447307206,52.245542118886355],[-3.0442151059517473,52.23792748601758],[-3.0731210449508968,52.23579250476714],[-3.0780119634351593,52.21604797959629],[-3.0720917952361013,52.213087291320356],[-3.1020818486637793,52.20272041865527],[-3.094651083121383,52.183742296992065],[-3.1219948656365597,52.16691678960624],[-3.0988960166924797,52.15473389079979],[-3.0840343784494215,52.16316742762533],[-3.0725382649884163,52.15577319703338],[-3.0936900359204174,52.14430596892309],[-3.1358733406682338,52.13790835504666],[-3.141229487578657,52.12992202630453],[-3.104985017750501,52.11672763796984],[-3.1054657798553493,52.105386250216135],[-3.122715180552802,52.10315789121695],[-3.118860058885526,52.08872765414977],[-3.125895620398534,52.07831078112714],[-3.0864919250053613,52.04114283688584],[-3.0991988901530894,52.02268577815703],[-3.0673679250982304,51.98314277277744],[-3.0930861426216385,51.965190664096156],[-3.0815931368683547,51.955394008103134],[-3.090053938644978,51.950354630031],[-3.078650814531184,51.92453074979255],[-3.049506553100391,51.91144579658622],[-3.038642418658253,51.89369170652294],[-3.0436459834639136,51.88071425719274],[-3.072245736335525,51.87519619991982],[-3.065531111526058,51.86264230928449],[-3.0971729732457622,51.84642761080901],[-3.1015768632608283,51.83183383077801],[-3.1180416068534846,51.83893630150755],[-3.1573516332530676,51.81605104339656],[-3.238778770017504,51.8123553276495],[-3.283434538585077,51.82548864025592],[-3.308585390801134,51.80613296828839],[-3.310094833296505,51.794302029506376],[-3.3600538257336092,51.79108818093866],[-3.3575393966013274,51.80697679620577],[-3.402315388538479,51.814158781548436],[-3.4024171053351706,51.826311681864375],[-3.417131706227953,51.835100890279456],[-3.444202944773364,51.81648587583386],[-3.460131538111335,51.830129263733525],[-3.4700734432108984,51.82850466115449],[-3.476329868985053,51.809470733290986],[-3.5412129527588934,51.78456336503204],[-3.5370634813774444,51.776197680813965],[-3.55986797846242,51.7775158588495],[-3.5656435254233627,51.76488451939561],[-3.5912930808578443,51.75461197527084],[-3.6036585411511313,51.773929653064805],[-3.652974208685535,51.785446037945285]]]}},{"type":"Feature","properties":{"county":"Dyfed"},"geometry":{"type":"MultiPolygon","coordinates":[[[[-4.324907818792155,52.213650859767085],[-4.207495084179555,52.26367211871542],[-4.1403418331031645,52.32261566665033],[-4.091267208953199,52.40627602346673],[-4.08656900512297,52.399194319481474],[-4.086963422131365,52.41097902771923],[-4.067520599949815,52.40286852460744],[-4.087167276772977,52.41187099330238],[-4.090409183652417,52.407136181056536],[-4.0918484833941005,52.414001894530564],[-4.072929992886622,52.45881319683167],[-4.0518737790967085,52.481727355709076],[-4.05755648351748,52.53071469224188],[-4.051550102446729,52.53454409058055],[-4.041452836219069,52.52656352307149],[-4.039607344090775,52.50124838221706],[-4.039113448072935,52.52678997619908],[-3.999495918500119,52.52966227272888],[-3.9521946971751865,52.55655009254701],[-3.8594661787593845,52.56084362982093],[-3.8408619646481945,52.55135480386188],[-3.8361393992419854,52.52588812511425],[-3.8439958411721293,52.5120392747058],[-3.825379225683914,52.48366705164547],[-3.8097714638156424,52.47904268089803],[-3.798015590008468,52.48773650187747],[-3.772226570446457,52.48866870703853],[-3.7679388516189087,52.498506094980414],[-3.747189673380537,52.50689181669736],[-3.7332605840748307,52.50658960030124],[-3.730293229463012,52.49864367899415],[-3.741108124965863,52.49554856018522],[-3.744798119021844,52.47463329787335],[-3.7664074284708513,52.46930364371408],[-3.7716167473963784,52.44215245264191],[-3.7120500938916257,52.413356384396],[-3.6972006911925104,52.36692955597084],[-3.685478725797311,52.36822124315251],[-3.658167437706743,52.34764913402283],[-3.705129593756663,52.3414546319016],[-3.745010719070027,52.317565782235825],[-3.727736437477305,52.30582617272834],[-3.7330898432928463,52.29030413325189],[-3.7071701928353216,52.27405756434323],[-3.73163755345451,52.271450692713145],[-3.753433457263126,52.25176059816057],[-3.744208025099276,52.24630458057919],[-3.752271836755079,52.19761399911597],[-3.7457716283545763,52.19199982058118],[-3.750786645447323,52.16446975670928],[-3.74205638048754,52.13961759913149],[-3.7581021035768525,52.12823435254764],[-3.720319074294468,52.11750160345086],[-3.714076349956356,52.104970927263444],[-3.7287994635441493,52.09398305167105],[-3.7230953566521072,52.085214220315954],[-3.667131025536386,52.07429928744517],[-3.6790498804580976,52.06061203283669],[-3.6471365602669783,52.03878921743026],[-3.6682721782452594,52.025432307399704],[-3.6700166319526404,52.004213216211674],[-3.711203560463403,51.96187938640311],[-3.699906432510753,51.94608880662315],[-3.720513299132206,51.94192564981096],[-3.7181654033748304,51.92914380628371],[-3.7276073464354766,51.91219880816745],[-3.7134227773959605,51.90548330337173],[-3.7138374692424327,51.88712562509739],[-3.7764292492105995,51.83939390216589],[-3.806690468862063,51.78795230423849],[-3.8168418920534677,51.80151872646457],[-3.8651042030447975,51.810361151179116],[-3.900018186379552,51.80297338113336],[-3.88209633267833,51.787904820291374],[-3.8872057952831547,51.768797955065665],[-3.9184246290225895,51.775301082544374],[-3.965190158860827,51.763705104278245],[-3.9998042268008898,51.77415149157142],[-4.001593846992792,51.762613331755624],[-4.049302570378819,51.7295940313842],[-4.049769918285544,51.71178146393237],[-4.043067147137494,51.70749993977857],[-4.05364321484904,51.709315467951846],[-4.053232868860794,51.70090458328842],[-4.078162692149807,51.690843905379154],[-4.084993505653638,51.661938465224516],[-4.130162547956044,51.65800531704445],[-4.134547831042948,51.66458748668819],[-4.154464057709883,51.65518793865044],[-4.167546755863119,51.66399841091455],[-4.170552646200749,51.67702371834949],[-4.16936285255736,51.665778048179355],[-4.177539110104502,51.666863021236615],[-4.179146261646138,51.6776874468045],[-4.196638741064894,51.683750093171454],[-4.289086814299089,51.67695026908745],[-4.265565438793414,51.67576793369701],[-4.283092391579709,51.667601864168645],[-4.3090334776872705,51.67195980203437],[-4.370905572546608,51.714669638443425],[-4.378807900425567,51.73260836549384],[-4.360545627336044,51.730290525407966],[-4.362985171250988,51.72466852553066],[-4.357515438392509,51.729696684754195],[-4.36009721811179,51.72259425015816],[-4.343255868964383,51.72027946439847],[-4.335443398373391,51.72309696414852],[-4.341974298360129,51.719939907320125],[-4.33646434295014,51.71751091712348],[-4.301975893056892,51.72625750487431],[-4.322363519532808,51.72665306410758],[-4.325045866963849,51.729680967152895],[-4.308863575199023,51.73752775265654],[-4.364300849818942,51.737225923269605],[-4.375399500081354,51.7470669634037],[-4.372169867848513,51.767985807368],[-4.363207525341068,51.776160140128624],[-4.366145045405226,51.78733231119319],[-4.324049313455041,51.801559774619726],[-4.318227005050188,51.818915854709175],[-4.327228465897802,51.826778458092875],[-4.315696351018496,51.83410878257754],[-4.321754671598241,51.83711696217959],[-4.314657646287759,51.83695029625243],[-4.312288585169714,51.84046365532209],[-4.318520964222361,51.842100773910936],[-4.3149316896008125,51.843705673188616],[-4.315534949801063,51.85184153287423],[-4.319245868146508,51.842108959373185],[-4.313079997004918,51.839901324164536],[-4.321880504259262,51.83826465589468],[-4.322573775307176,51.836870562697406],[-4.318053197360404,51.83347688969385],[-4.328990462983722,51.82880562419509],[-4.32831467000577,51.8266499411516],[-4.319577581388031,51.81893687156302],[-4.3268780892827285,51.80091747662579],[-4.3634647784814975,51.79641691098877],[-4.376682319713275,51.775715786940296],[-4.403858203435749,51.7572509895557],[-4.448937528288652,51.770164945411864],[-4.4374838913010715,51.77318730414807],[-4.435305323386728,51.779276700480374],[-4.440789923618572,51.77379496729288],[-4.442217985351107,51.784082160897064],[-4.45467080536616,51.78855223662451],[-4.45073689670815,51.794683068934035],[-4.4571431659882705,51.797169023512836],[-4.451213263495613,51.799134596728486],[-4.4532863561191345,51.80192056927805],[-4.457421845544537,51.79722614992719],[-4.455275647941426,51.78983048457803],[-4.468708561679917,51.78956096825916],[-4.481211750430373,51.80006197086209],[-4.494892794952641,51.80486698571871],[-4.4931295399791,51.806703024247454],[-4.496103027630458,51.80937438659294],[-4.495129501308918,51.804687489092196],[-4.471604608762247,51.789282860418936],[-4.448079763095987,51.78112739572342],[-4.4627854417822626,51.76905719482107],[-4.458999027124353,51.76049145212202],[-4.448074571760667,51.76102261515694],[-4.42005622451201,51.742508108181106],[-4.462821608571818,51.73169541372613],[-4.559186666139355,51.74196977496885],[-4.578690230989948,51.73426584147167],[-4.6611201113013285,51.73165217044852],[-4.697917824378473,51.71111685975372],[-4.680691597156791,51.69767649168805],[-4.6971766776978265,51.68627465644277],[-4.7008274393184495,51.67344493226882],[-4.6934812203345775,51.67192230687246],[-4.714445765404865,51.658658996240426],[-4.711125771529124,51.6520676365345],[-4.751283254414561,51.653757929524126],[-4.7601138275546875,51.651362486829974],[-4.755934622388389,51.64403274058356],[-4.777045417435136,51.64241543021531],[-4.781076374448676,51.634941451854914],[-4.812881837214283,51.645170386056904],[-4.860802308169566,51.64712592525133],[-4.867555626337419,51.64100680964634],[-4.863124375957249,51.63804648233182],[-4.898694323737623,51.62716117114363],[-4.90414334242005,51.617204082903406],[-4.8966270971808905,51.61029666940583],[-4.923147924949148,51.61140686455557],[-4.926304030220576,51.5961138095112],[-4.948377405021704,51.5970290669485],[-4.975398248996173,51.61039850962214],[-5.007666999200808,51.60864930255021],[-5.05932963711092,51.620598256356686],[-5.061953670234911,51.62934444083912],[-5.049956125003294,51.63777411716717],[-5.067036799273629,51.66452603309662],[-5.122512663355933,51.67177338860902],[-5.11745388440106,51.67473410337076],[-5.125080497159783,51.68222872045153],[-5.106759750575294,51.68619761659163],[-5.113928667453765,51.69201966965038],[-5.079850213319117,51.68976516880507],[-5.086692009194847,51.68442523958586],[-5.078339193927727,51.67922996443186],[-5.045423980639204,51.67669482395593],[-5.044619345799964,51.68481791777628],[-5.056627063713517,51.68785816040488],[-5.040038677377876,51.69444294117315],[-4.981351715755095,51.68918840215671],[-4.986278876019754,51.683975097247206],[-4.9745390469224064,51.67180010508184],[-4.940985456605917,51.67749815730197],[-4.936455577664716,51.67174649537631],[-4.936064918594941,51.67952993596947],[-4.921913524182279,51.67882265457669],[-4.976091195083903,51.68724817662425],[-4.931327565955486,51.70458262492188],[-4.920501112526164,51.700761015767185],[-4.919498784784843,51.69220478853145],[-4.8896543012688465,51.69340608729087],[-4.918647124461161,51.698604485382894],[-4.904637925364047,51.707796435294476],[-4.891116952498232,51.7060461378587],[-4.88412761364323,51.716667981618784],[-4.864118950017959,51.71465094248755],[-4.848766830148446,51.70248233260448],[-4.852769024168603,51.695257555761565],[-4.845716519670922,51.70062978970966],[-4.838971475183802,51.69422480628181],[-4.843330376244434,51.69969375502687],[-4.826486938984415,51.699387964891265],[-4.845499832676282,51.701328464881186],[-4.849349918257945,51.70549552034373],[-4.840958267412457,51.70815049483049],[-4.847685015123858,51.70821156323822],[-4.861109827301448,51.71973564978821],[-4.853568172581246,51.71651042104309],[-4.85479704187233,51.720227397389415],[-4.84623406189139,51.718532978993174],[-4.850138661966394,51.720295539533325],[-4.824967137419692,51.72453622590748],[-4.824270752958133,51.728656723732165],[-4.884126137212086,51.719284334808414],[-4.883116893082914,51.73211903751456],[-4.868790259287283,51.73325764349929],[-4.8967549594231885,51.74035553774614],[-4.894116048616811,51.754232391421795],[-4.880443536188845,51.76022098675807],[-4.888097635751465,51.76717056395592],[-4.871189432887221,51.76928385834199],[-4.864129072713415,51.78375751101602],[-4.809246403224308,51.7968896643573],[-4.86519531292724,51.78509365554801],[-4.896077911009415,51.76819640260218],[-4.907915655721528,51.776067737619314],[-4.909343997559434,51.78837189100281],[-4.908498332084439,51.77329311414288],[-4.939501534241621,51.766998497744616],[-4.943159598060298,51.77580907228651],[-4.934489535595293,51.7841878314085],[-4.950756719376122,51.7900267344342],[-4.9566293979710645,51.79633086793166],[-4.961921681420626,51.7989170176323],[-4.963309042451388,51.79868938495241],[-4.963617031717851,51.794345771282124],[-4.93602672859789,51.78313942630373],[-4.948604267030518,51.77690563383684],[-4.949122514466299,51.76935664819882],[-4.940273923860193,51.765344983119554],[-4.914662766784763,51.77171845009721],[-4.901667023568687,51.76552225970702],[-4.917055626313274,51.76182070466849],[-4.900752482716986,51.754403296850725],[-4.900521880790572,51.74653913762961],[-4.91377025899255,51.74661626846881],[-4.8873080244693785,51.731427899776214],[-4.895024376229953,51.711241556312935],[-4.920427998029145,51.705065728640136],[-4.941703204072907,51.7085206641869],[-4.9434017290109376,51.71750804081013],[-4.943267378484306,51.70518698299355],[-4.98493169574939,51.69936619352348],[-5.020907395759195,51.70754819007204],[-5.013919512028626,51.717173708526445],[-5.021819576309825,51.70809318222381],[-5.086583350754014,51.70753635276512],[-5.105105739185044,51.72357676504955],[-5.093181478842623,51.740652207260965],[-5.104873122173502,51.73590140588119],[-5.105723757753936,51.71693881467244],[-5.115933143089749,51.71039147629698],[-5.12460224337118,51.71741282351629],[-5.158456385409779,51.71395105351158],[-5.167324645033303,51.7194590976889],[-5.163590692638126,51.724942994861934],[-5.171429640731798,51.73285612037968],[-5.16425645149358,51.724895358795585],[-5.173460765315077,51.71504256040986],[-5.168512109809336,51.70680863961475],[-5.149769563398024,51.70232798088969],[-5.158174416827526,51.7016815421417],[-5.152819883649736,51.696102221835886],[-5.160829129292836,51.692463490087434],[-5.157332945503313,51.687940737916094],[-5.176000253795922,51.68037283562266],[-5.188387159249699,51.68982305366739],[-5.18725759755302,51.70885557191533],[-5.214805628093367,51.72368660030924],[-5.231138649276152,51.71938747770882],[-5.227800468547077,51.723132176371244],[-5.253825669075656,51.738123458386596],[-5.208842901294726,51.73455764829105],[-5.203263445856153,51.75552762260036],[-5.186099777717051,51.75363529104962],[-5.160254034014496,51.77213068637095],[-5.116958885732138,51.76848917920651],[-5.103493726732831,51.77920882037166],[-5.1075414436396125,51.82419672544993],[-5.116805034542189,51.827397069668365],[-5.11389001083563,51.836984733556896],[-5.128425844858739,51.85845719303367],[-5.139493013323354,51.86417204543978],[-5.181559295604928,51.86112803966173],[-5.17912239986511,51.86713017344602],[-5.212332684562078,51.86748839567373],[-5.217629760680581,51.87344798731286],[-5.282461328099861,51.87022860026445],[-5.2963662050289155,51.860752237077],[-5.319282035392851,51.86500808892229],[-5.307240139393617,51.87724666754567],[-5.316220073803933,51.88454834962707],[-5.295695409601899,51.8950742547465],[-5.303693484919763,51.90365983073516],[-5.314456004149934,51.90244409234947],[-5.289258910668984,51.91420225498882],[-5.259229119453648,51.914796657729035],[-5.236207790588368,51.92952210237212],[-5.207591661521092,51.93411172198479],[-5.2130780470857125,51.938642485338406],[-5.198350885658005,51.94186366746543],[-5.204070815025631,51.94523994521587],[-5.1964042658140865,51.95060672717539],[-5.154042953622513,51.948284059681754],[-5.1395422513602345,51.96309016612285],[-5.107059939820505,51.96117891488508],[-5.1043131950220575,51.96927596865324],[-5.08532768918089,51.96854759298496],[-5.087755460719634,51.98022388130563],[-5.079947695804778,51.985346424004355],[-5.095640345762685,51.99371103243664],[-5.072238773163187,52.004555809930295],[-5.089581611511821,52.01531437238981],[-5.071387099446189,52.02605260763887],[-5.074916671421193,52.0307649146202],[-5.020796348069711,52.02033389390718],[-4.9918369043957815,52.02601986530492],[-4.987578774001787,52.01655687136693],[-4.969999456659313,52.01280963914417],[-4.983439424409396,52.014238916599595],[-4.99308309293241,52.00450393348387],[-4.969220709570706,51.99496594306333],[-4.971170290036358,52.001505564774995],[-4.919651338575447,52.01009370555759],[-4.909455607984337,52.02124183264719],[-4.917465350617161,52.02689496541959],[-4.910062327324199,52.03496902133472],[-4.879253040599793,52.01916470884899],[-4.814429841487662,52.01868304190138],[-4.841265197037651,52.02474690778168],[-4.83785593842403,52.03274607150438],[-4.845748721705834,52.041514564170164],[-4.837943723035579,52.05035148516193],[-4.790831155501136,52.05867159604452],[-4.759034209876159,52.07685933237293],[-4.741427711251711,52.098691089306634],[-4.749546877615867,52.10398773547561],[-4.731507940844504,52.11789415204241],[-4.6881785248842505,52.1027740847455],[-4.681923349860557,52.08466432173077],[-4.661667904374509,52.08033215248497],[-4.654460383323109,52.08133854768819],[-4.68096064079721,52.08513948185464],[-4.675549331659997,52.10192388955939],[-4.688418751878102,52.1042659492812],[-4.691917189486027,52.119495815010005],[-4.685660175194426,52.13008930467462],[-4.562149248481453,52.14435228748627],[-4.54557602897669,52.133529695806345],[-4.518618252174554,52.13499629451735],[-4.47106331645586,52.160240604664345],[-4.466024046316151,52.17392669871772],[-4.454268852178193,52.167655949499895],[-4.37763223636636,52.21582383475901],[-4.324907818792155,52.213650859767085]]],[[[-4.688722825647124,52.13413915521926],[-4.688391299790191,52.13091945642756],[-4.695995832720037,52.13110875297896],[-4.688722825647124,52.13413915521926]]],[[[-5.329810578001184,51.877703069774306],[-5.33335992529567,51.85375150183326],[-5.342319531782492,51.85374163155055],[-5.353370774610805,51.86376697877761],[-5.338528490652383,51.8791323256498],[-5.329810578001184,51.877703069774306]]],[[[-5.334869410970882,51.85126303525531],[-5.341712984893061,51.847308926213316],[-5.3387304793017485,51.850859258455074],[-5.334869410970882,51.85126303525531]]],[[[-5.389904644326206,51.8784603128539],[-5.395552356721435,51.878000438602456],[-5.389032138098934,51.880171984095846],[-5.389904644326206,51.8784603128539]]],[[[-5.383817156940468,51.90346915216573],[-5.39040761972003,51.90075443404534],[-5.388075549869914,51.903112622471355],[-5.383817156940468,51.90346915216573]]],[[[-5.381425715949138,51.88195796621431],[-5.384767241667555,51.87992971345529],[-5.3848695109091045,51.88082623727708],[-5.381425715949138,51.88195796621431]]],[[[-5.391221169941545,51.89989625795971],[-5.394314345923645,51.89886252998109],[-5.391348543113066,51.90085321485106],[-5.391221169941545,51.89989625795971]]],[[[-5.332888154483164,51.85321489301278],[-5.333348260919678,51.85199415087404],[-5.334107942044908,51.85322118386136],[-5.332888154483164,51.85321489301278]]],[[[-5.395707561264661,51.86232534989131],[-5.398243496075268,51.86228434997734],[-5.39860577310534,51.86311404591897],[-5.395707561264661,51.86232534989131]]],[[[-5.299711007190774,51.74496196962028],[-5.269469904180531,51.73467527679557],[-5.281419195153865,51.73674639527585],[-5.293036173167528,51.72831887767505],[-5.31287372266675,51.73883651155547],[-5.299711007190774,51.74496196962028]]],[[[-5.26465014571374,51.701835696879854],[-5.288192397634833,51.69349325987378],[-5.289331393582918,51.69632997952049],[-5.26465014571374,51.701835696879854]]],[[[-5.266421952671784,51.73428709603153],[-5.262976643987247,51.733782289280725],[-5.2667768518632325,51.73393365626066],[-5.266421952671784,51.73428709603153]]],[[[-5.477752860394127,51.73188448500726],[-5.4792998024987725,51.72953278884032],[-5.481093509003773,51.72985643060185],[-5.477752860394127,51.73188448500726]]],[[[-5.20160585630115,51.85908372595065],[-5.202706875653586,51.85839143501322],[-5.203292439916959,51.85848892843156],[-5.20160585630115,51.85908372595065]]],[[[-4.709514885739978,51.64217697025934],[-4.681759552488236,51.641781085177634],[-4.674670728000004,51.63772662453059],[-4.684546264199546,51.63013253945144],[-4.703251986848397,51.63267891703597],[-4.709514885739978,51.64217697025934]]],[[[-4.7176054324136665,51.642793934045685],[-4.718643639340435,51.64244069046389],[-4.7198836674999,51.642857943786545],[-4.7176054324136665,51.642793934045685]]],[[[-4.3427334388053245,51.72788386135165],[-4.342030210971132,51.72791285206174],[-4.359660482539134,51.72277847622305],[-4.355649594429737,51.72851646597875],[-4.3492624737164585,51.72903375977739],[-4.356000794535848,51.72680435709166],[-4.355558139549336,51.724139618874155],[-4.355712497493919,51.72677416686481],[-4.35308228883512,51.724925767495066],[-4.354851959408837,51.7269901647171],[-4.34858040726778,51.72652037959343],[-4.350676865782207,51.72813135377767],[-4.343030813071888,51.7290841839377],[-4.342298756475514,51.73052983533857],[-4.3427334388053245,51.72788386135165]]],[[[-4.338534070174185,51.725045406805485],[-4.342600163117709,51.724848385964535],[-4.334365147944552,51.72701323561478],[-4.338534070174185,51.725045406805485]]],[[[-4.334605321662921,51.7285264659388],[-4.341433675983328,51.727018255680434],[-4.338640607626724,51.729830218314405],[-4.334605321662921,51.7285264659388]]],[[[-4.330579715222626,51.725210672432205],[-4.32532488386594,51.72264659958516],[-4.330676573235642,51.7228148294321],[-4.330579715222626,51.725210672432205]]],[[[-4.348170465623147,51.728848973732674],[-4.345964825920766,51.73082090243933],[-4.343597227394475,51.72917478613681],[-4.348170465623147,51.728848973732674]]],[[[-4.347019514545834,51.73141495457204],[-4.348435203554416,51.729491937333684],[-4.352606586584822,51.73001451900076],[-4.347019514545834,51.73141495457204]]],[[[-4.331169184896384,51.72279246493092],[-4.332779065988342,51.72067773963088],[-4.333344322479012,51.72493456823343],[-4.331169184896384,51.72279246493092]]],[[[-4.352802918569541,51.73016976240833],[-4.354511406881942,51.728831835251285],[-4.355960368995429,51.72886725451348],[-4.352802918569541,51.73016976240833]]],[[[-4.322493636381894,51.722098329331324],[-4.323902807989422,51.72148782825471],[-4.320738423582937,51.72285869983496],[-4.322493636381894,51.722098329331324]]]]}},{"type":"Feature","properties":{"county":"West Glamorgan"},"geometry":{"type":"MultiPolygon","coordinates":[[[[-4.104249455171986,51.57755413805809],[-4.1565662069587095,51.5618771494382],[-4.161030600014586,51.555311097040246],[-4.147084788180722,51.54572530544701],[-4.152617937492488,51.541030328451846],[-4.194790637057352,51.54825787810953],[-4.213246969739882,51.53748180841873],[-4.278832088835452,51.561495622207765],[-4.308251877620826,51.56300864546707],[-4.289074823190299,51.57634261098229],[-4.309206172105898,51.60961834395948],[-4.279650516406795,51.615911260765955],[-4.255045313871627,51.63086088767918],[-4.245847212588506,51.6474368305686],[-4.230599597330418,51.64773657273697],[-4.242465974427116,51.64635217816205],[-4.2325299754839465,51.64224565885187],[-4.247443693856072,51.62780700371973],[-4.239907785585167,51.621695565206736],[-4.245560143188732,51.61798944656989],[-4.239728659664258,51.621520023814924],[-4.242095418325114,51.62697583315392],[-4.236707591034032,51.62366221486933],[-4.242485990935629,51.629709428381595],[-4.232263997599775,51.631504149725096],[-4.233888176364442,51.62285618991373],[-4.228712319147632,51.63036029892728],[-4.2237228158506275,51.62096828183049],[-4.220222359221889,51.62597168710374],[-4.218441724847738,51.621222013889536],[-4.2055372271606855,51.61642201512412],[-4.2111209167350445,51.62388899010679],[-4.22461268467356,51.62764127304961],[-4.208895944752892,51.62493090319237],[-4.223658020477765,51.64070811601847],[-4.196839095070938,51.63537584935796],[-4.188192385527972,51.62747525444669],[-4.197874192094003,51.62626644659032],[-4.189295281501098,51.62154185499522],[-4.1795066873577476,51.628493872649855],[-4.167289060147983,51.62866250697869],[-4.165323095713263,51.622000944491376],[-4.152830873103415,51.635829531792055],[-4.133781217974549,51.632268107982625],[-4.137446813050852,51.64212131809345],[-4.10505529737717,51.64378434742526],[-4.116851067747615,51.6458262003186],[-4.113464139494949,51.64970730820791],[-4.091478594266237,51.65606315322638],[-4.071323761319345,51.65247884175033],[-4.0687018644941535,51.65422847100668],[-4.071673039942074,51.65696810127951],[-4.058333909652586,51.65425937375516],[-4.05580499107869,51.655145905135434],[-4.081297912603375,51.66201544757137],[-4.069379116734481,51.67275374039936],[-4.077162139853443,51.68204965106454],[-4.067862094313194,51.68104112015009],[-4.060167653672493,51.69797202731715],[-4.051628433250394,51.699733894969846],[-4.05364321484904,51.709315467951846],[-4.043067147137494,51.70749993977857],[-4.049769918285544,51.71178146393237],[-4.049302570378819,51.7295940313842],[-4.001593846992792,51.762613331755624],[-3.9998042268008898,51.77415149157142],[-3.965190158860827,51.763705104278245],[-3.9184246290225895,51.775301082544374],[-3.8872057952831547,51.768797955065665],[-3.88209633267833,51.787904820291374],[-3.900018186379552,51.80297338113336],[-3.8651042030447975,51.810361151179116],[-3.8168418920534677,51.80151872646457],[-3.7703204813764195,51.754521626418274],[-3.7460906743522067,51.75339225047673],[-3.731251728539727,51.76707459773407],[-3.7366810482830988,51.76980186950461],[-3.7190848415961386,51.778170363133725],[-3.670365979586462,51.78719824875779],[-3.6036585411511313,51.773929653064805],[-3.5786457810665917,51.71788074590142],[-3.5895849272012654,51.67927245495542],[-3.5640283582789207,51.654970572208626],[-3.565472212009458,51.64232851831585],[-3.599877126860255,51.63821431230074],[-3.661813017139051,51.64545314207501],[-3.677330489177164,51.62769213015404],[-3.6826903776146342,51.60912629338719],[-3.676738635003444,51.601324335999095],[-3.6909348081544686,51.6035899960386],[-3.693426939235655,51.59698609872983],[-3.6770713568986713,51.57573252611435],[-3.65518835977748,51.5645249751618],[-3.651951919552009,51.547438262451756],[-3.656688258840484,51.53913714528718],[-3.6878031349183265,51.53743467783056],[-3.704640955754023,51.52739020747723],[-3.754025790264187,51.53297142372027],[-3.789922283734643,51.5697944358096],[-3.8003555552457207,51.56890127923348],[-3.8172396784992344,51.574321458548795],[-3.7972617816384897,51.56925694953975],[-3.8026481546968407,51.58180439815161],[-3.816921556600393,51.57966348724968],[-3.798866345903436,51.583336249325306],[-3.790686160744695,51.592879311546774],[-3.8116775195811443,51.58354148545761],[-3.850816061672204,51.61446990902119],[-3.824684314056344,51.62826554277272],[-3.831892610180139,51.62592581670339],[-3.831131727595264,51.642130445992834],[-3.837456337564547,51.643450616957445],[-3.835930575821414,51.651694368047615],[-3.83904802071068,51.64517470200805],[-3.8365039777018834,51.63865909177517],[-3.84514811742408,51.6363177359105],[-3.83250287452069,51.636165975638065],[-3.8365583219997412,51.62389429349305],[-3.851104234147988,51.61842929045772],[-3.893477036872033,51.61884529836202],[-3.92569935943039,51.60754216948231],[-3.9228768605284214,51.61031319029601],[-3.930094503099949,51.61634777949831],[-3.9287315353442396,51.61384196837093],[-3.928700874401248,51.60818084761893],[-3.9290359871289486,51.61339184302119],[-3.961256371416561,51.611646540479306],[-3.994494029098922,51.59812880035301],[-3.999541477102344,51.57875553265356],[-3.9763324675737457,51.567771167564366],[-4.024373521813637,51.56312591637118],[-4.031526716605636,51.570072382489116],[-4.064226812205472,51.55723824968311],[-4.111113753266468,51.569821458258836],[-4.104249455171986,51.57755413805809]]],[[[-4.324607472296109,51.56575956072468],[-4.314656548421279,51.562661218987586],[-4.331933068344787,51.56462654018869],[-4.324607472296109,51.56575956072468]]],[[[-4.235368396879251,51.632511627074734],[-4.23973646523481,51.63176916365398],[-4.235610222488869,51.63490184449629],[-4.235368396879251,51.632511627074734]]],[[[-4.312129261752141,51.61026904322174],[-4.310365410942949,51.608412036406115],[-4.31613352992484,51.608997101220346],[-4.312129261752141,51.61026904322174]]],[[[-4.2144124103192535,51.629856690892055],[-4.2158349884612445,51.62954476486597],[-4.2162385166455785,51.63115317539269],[-4.2144124103192535,51.629856690892055]]],[[[-4.238745529392066,51.63412444180019],[-4.239247673042084,51.632348644675396],[-4.240469468797753,51.63233342019766],[-4.238745529392066,51.63412444180019]]],[[[-4.069767740108669,51.65418250571249],[-4.071354910986974,51.65315722331875],[-4.072360106595591,51.65649915265139],[-4.069767740108669,51.65418250571249]]],[[[-3.973691864297731,51.56725957822587],[-3.9754599020962553,51.56686686828249],[-3.974787714998712,51.5680525651308],[-3.973691864297731,51.56725957822587]]]]}},{"type":"Feature","properties":{"county":"Mid Glamorgan"},"geometry":{"type":"Polygon","coordinates":[[[-3.656688258840484,51.53913714528718],[-3.65518835977748,51.5645249751618],[-3.6770713568986713,51.57573252611435],[-3.693426939235655,51.59698609872983],[-3.6909348081544686,51.6035899960386],[-3.676738635003444,51.601324335999095],[-3.6826903776146342,51.60912629338719],[-3.677330489177164,51.62769213015404],[-3.661813017139051,51.64545314207501],[-3.599877126860255,51.63821431230074],[-3.5633102497943634,51.64548471454628],[-3.5640283582789207,51.654970572208626],[-3.5895849272012654,51.67927245495542],[-3.5786457810665917,51.71788074590142],[-3.5937174681554,51.753187151480546],[-3.5656435254233627,51.76488451939561],[-3.55986797846242,51.7775158588495],[-3.5370634813774444,51.776197680813965],[-3.5412129527588934,51.78456336503204],[-3.476329868985053,51.809470733290986],[-3.4700734432108984,51.82850466115449],[-3.460131538111335,51.830129263733525],[-3.444202944773364,51.81648587583386],[-3.417131706227953,51.835100890279456],[-3.4024171053351706,51.826311681864375],[-3.402315388538479,51.814158781548436],[-3.3575393966013274,51.80697679620577],[-3.3600538257336092,51.79108818093866],[-3.33447033177087,51.790402304926964],[-3.329059705137009,51.758722755679976],[-3.3101125787040826,51.739455101550625],[-3.315511583416607,51.73180860300896],[-3.3006373636230664,51.73631434751328],[-3.2739303869424092,51.68233683495503],[-3.284679773051685,51.67712978406185],[-3.283417396141892,51.66092687423214],[-3.2961098530546935,51.66409399032118],[-3.313907029153446,51.6446795733466],[-3.3044957392755094,51.636702383657216],[-3.3027039581315933,51.61499546332441],[-3.2913818554774084,51.59210676455687],[-3.2698474930664405,51.58383101802322],[-3.262776851070522,51.56621510925356],[-3.2485632176176016,51.5689211600246],[-3.2367954326818875,51.55817543332046],[-3.261571964806142,51.537786590913186],[-3.2776670305271107,51.551858110057346],[-3.3103632868425223,51.54893230127783],[-3.3237146866850757,51.53627356766924],[-3.3415925307521768,51.53513909665437],[-3.3357382899175945,51.50842737687997],[-3.378492625123131,51.51272554084737],[-3.401913321087008,51.49896304845258],[-3.4096741938352326,51.50623914871022],[-3.4678737455203534,51.51501920742528],[-3.4975122271609407,51.5126420238557],[-3.5296096654578455,51.50136368091288],[-3.527611079080915,51.493684193020286],[-3.5394497019546898,51.49103128326519],[-3.532850266703564,51.481605625259036],[-3.554760910580226,51.49277341512582],[-3.6386319315818816,51.47019457698928],[-3.6667061725482624,51.48066988614495],[-3.679471080051533,51.473205710658696],[-3.71912072459158,51.479591233516814],[-3.7494070426200685,51.50401776417013],[-3.762685082086165,51.536549324255375],[-3.704640955754023,51.52739020747723],[-3.6878031349183265,51.53743467783056],[-3.656688258840484,51.53913714528718]]]}},{"type":"Feature","properties":{"county":"South Glamorgan"},"geometry":{"type":"MultiPolygon","coordinates":[[[[-3.1696119501395126,51.40622836407391],[-3.278936396622904,51.38538583572823],[-3.283993746009465,51.39368508601824],[-3.289508266095748,51.385962319805074],[-3.307264345166858,51.39260219113532],[-3.340899143656772,51.381191277998305],[-3.3960136664900085,51.38751545418607],[-3.40517512643728,51.381344427213705],[-3.414956781219048,51.38777309080897],[-3.5397871403289383,51.39760785431007],[-3.558961213756461,51.40132632169374],[-3.5970472767612356,51.44122735125615],[-3.6415323877593497,51.467967057750464],[-3.554760910580226,51.49277341512582],[-3.532850266703564,51.481605625259036],[-3.5394497019546898,51.49103128326519],[-3.527611079080915,51.493684193020286],[-3.5296096654578455,51.50136368091288],[-3.4975122271609407,51.5126420238557],[-3.4678737455203534,51.51501920742528],[-3.4096741938352326,51.50623914871022],[-3.401913321087008,51.49896304845258],[-3.378492625123131,51.51272554084737],[-3.3357382899175945,51.50842737687997],[-3.3415925307521768,51.53513909665437],[-3.3237146866850757,51.53627356766924],[-3.3103632868425223,51.54893230127783],[-3.2776670305271107,51.551858110057346],[-3.261571964806142,51.537786590913186],[-3.2376956412345295,51.55260264408016],[-3.1637345984165144,51.560505040433],[-3.152575567545072,51.55164117838756],[-3.110820531999441,51.546455813221094],[-3.068910024450125,51.52026640092028],[-3.0903912040086685,51.509874611305605],[-3.083401011578565,51.50150859471927],[-3.10624698887371,51.49197983771517],[-3.132885407371006,51.49217479999157],[-3.121310992165748,51.4905087794841],[-3.1403206620008284,51.4729867225478],[-3.135754170662924,51.46722238747984],[-3.1645249976938046,51.45147534978007],[-3.1696119501395126,51.40622836407391]]],[[[-3.1208414388847876,51.379942304827466],[-3.1178869195535133,51.37507229992966],[-3.1251402552785312,51.37696771811838],[-3.1208414388847876,51.379942304827466]]],[[[-3.1998151920999347,51.396627925789964],[-3.1967886276738855,51.39496693336133],[-3.2004266359092313,51.39592263764378],[-3.1998151920999347,51.396627925789964]]]]}},{"type":"Feature","properties":{"county":"Gwent"},"geometry":{"type":"Polygon","coordinates":[[[-3.262776851070522,51.56621510925356],[-3.2698474930664405,51.58383101802322],[-3.2913818554774084,51.59210676455687],[-3.3044957392755094,51.636702383657216],[-3.313907029153446,51.6446795733466],[-3.2961098530546935,51.66409399032118],[-3.283417396141892,51.66092687423214],[-3.284679773051685,51.67712978406185],[-3.2739303869424092,51.68233683495503],[-3.3006373636230664,51.73631434751328],[-3.315511583416607,51.73180860300896],[-3.3101125787040826,51.739455101550625],[-3.329059705137009,51.758722755679976],[-3.33447033177087,51.790402304926964],[-3.310094833296505,51.794302029506376],[-3.308585390801134,51.80613296828839],[-3.283434538585077,51.82548864025592],[-3.238778770017504,51.8123553276495],[-3.1920783701291504,51.81324876052522],[-3.143207517712798,51.81985983276527],[-3.1180416068534846,51.83893630150755],[-3.1015768632608283,51.83183383077801],[-3.0971729732457622,51.84642761080901],[-3.065531111526058,51.86264230928449],[-3.072245736335525,51.87519619991982],[-3.0436459834639136,51.88071425719274],[-3.038642418658253,51.89369170652294],[-3.049506553100391,51.91144579658622],[-3.078650814531184,51.92453074979255],[-3.090053938644978,51.950354630031],[-3.0815931368683547,51.955394008103134],[-3.0930861426216385,51.965190664096156],[-3.0673679250982304,51.98314277277744],[-3.0259445316604,51.957282316629424],[-3.0085230671357244,51.9380812004518],[-3.0081232804432703,51.92713053348802],[-2.9766653434911916,51.92749021259706],[-2.9717980442796117,51.904964974345205],[-2.875422547765801,51.933088765750774],[-2.8450285481387634,51.92213317490388],[-2.8619199062412766,51.91401818929966],[-2.8420180399812116,51.91775984127138],[-2.8361006792835335,51.90604503873706],[-2.768428364135874,51.880540976396105],[-2.7787988744449135,51.86585908828429],[-2.738848628903935,51.836616538883824],[-2.719605104717118,51.84891928629495],[-2.716101350058537,51.84073525079176],[-2.6973367263940333,51.84479809566495],[-2.6933656691806083,51.83387293057628],[-2.666197500149914,51.83562353658674],[-2.650400759681949,51.826124711117316],[-2.6608714268892957,51.82275383853809],[-2.6595388028968863,51.81068239631189],[-2.678302687958527,51.80331857094369],[-2.669810554817864,51.79427346885848],[-2.680452186478724,51.768929388401844],[-2.6626920102270755,51.75389470082299],[-2.6722251212805936,51.736362939401786],[-2.6874552037686277,51.730895232382125],[-2.6689700719287917,51.70705277039254],[-2.6837792905972897,51.7001070113771],[-2.669453418806167,51.6913429179462],[-2.6726658615812835,51.68062908329075],[-2.658000263157127,51.67470148737746],[-2.6871067212135604,51.66281307206138],[-2.6667068472119255,51.66405836957963],[-2.6798314005745,51.64510424712167],[-2.6688675265604953,51.64500365655479],[-2.6696327165557014,51.63452854505642],[-2.6579460962056864,51.62212511059187],[-2.671410969616698,51.60828605358499],[-2.6942769806489553,51.60260845135753],[-2.710392018169581,51.583669508868475],[-2.7584763784261845,51.57799716355984],[-2.8448770868804516,51.54568951481801],[-2.9050405283295397,51.53241718495173],[-2.9225266590373233,51.535759150841],[-2.9140722731139834,51.54254040458124],[-2.9481535991548076,51.53506935230518],[-2.9815351070804645,51.54496656039606],[-2.9611934126752533,51.55198404300982],[-2.9836188417902125,51.568373783040386],[-2.973531242630928,51.57510905116117],[-2.973026958934684,51.579452290048756],[-2.9931177657633716,51.5906111407863],[-2.9884859332142715,51.5974804994589],[-2.991369490065281,51.60843163079997],[-2.9612701161228485,51.601802309475325],[-2.9549878973043953,51.60194704026234],[-2.9524502080375625,51.60703176503334],[-2.9933877710484955,51.60946300773452],[-2.9949023513559174,51.59128927762274],[-2.975548381376251,51.576581324512524],[-2.9866942259906906,51.568271532617445],[-2.969530399846353,51.55647525967717],[-2.9884890507275954,51.549494971175655],[-2.9971642221575925,51.556684350593315],[-3.004769867329781,51.55947350325456],[-2.9900263781237357,51.54835982350863],[-2.995359478052419,51.5363869261096],[-3.083401011578565,51.50150859471927],[-3.0903912040086685,51.509874611305605],[-3.068910024450125,51.52026640092028],[-3.110820531999441,51.546455813221094],[-3.152575567545072,51.55164117838756],[-3.1637345984165144,51.560505040433],[-3.2277775921588963,51.549746851803974],[-3.2485632176176016,51.5689211600246],[-3.262776851070522,51.56621510925356]]]}},{"type":"Feature","properties":{"county":"Tyrone"},"geometry":{"type":"Polygon","coordinates":[[[-7.3920858,54.9458406],[-7.3756037,54.9369499],[-7.3705528,54.9199307],[-7.357302,54.9149758],[-7.322767,54.9146028],[-7.3015429,54.9249394],[-7.2597014,54.9181216],[-7.269651,54.8879955],[-7.2002637,54.8881635],[-7.1974953,54.8786289],[-7.2064307,54.8673457],[-7.1876951,54.8572174],[-7.2038547,54.8538311],[-7.1912268,54.8460685],[-7.1532874,54.8584733],[-7.1567539,54.8478429],[-7.1036159,54.8221132],[-7.1016165,54.8129995],[-7.0042007,54.8207578],[-6.9873152,54.8330172],[-6.9717731,54.8282571],[-6.9461834,54.8337962],[-6.9121479,54.820252],[-6.9224835,54.8027696],[-6.9034358,54.7832869],[-6.9398739,54.7736367],[-6.9407736,54.75239],[-6.9725263,54.7436782],[-6.9705321,54.7372461],[-6.948997,54.7301587],[-6.9088714,54.7340649],[-6.8913274,54.7246552],[-6.8301476,54.741169],[-6.8243212,54.7227322],[-6.7842186,54.7015623],[-6.7776301,54.6870834],[-6.7453257,54.6731913],[-6.7376828,54.6584519],[-6.7207141,54.6616064],[-6.7223019,54.6543023],[-6.7133084,54.6506109],[-6.6855874,54.653878],[-6.6937314,54.6421799],[-6.7122399,54.6468946],[-6.7156326,54.6285341],[-6.6783433,54.6345192],[-6.680739,54.6426742],[-6.6398359,54.6299755],[-6.6023758,54.6569753],[-6.5878477,54.6550527],[-6.5717247,54.6645554],[-6.5430056,54.6571658],[-6.4692431,54.6853649],[-6.4065901,54.6489204],[-6.4251246,54.5675362],[-6.5407471,54.5428804],[-6.5916543,54.5035104],[-6.6292708,54.5038897],[-6.6506871,54.4868123],[-6.6500477,54.4698245],[-6.6970438,54.4422852],[-6.6938255,54.4296275],[-6.7039163,54.4267896],[-6.7006036,54.4165969],[-6.7101786,54.4038337],[-6.794108,54.4148595],[-6.8075639,54.3988658],[-6.8090458,54.3727406],[-6.8268865,54.3599669],[-6.8368695,54.33573],[-6.8541805,54.3294019],[-6.8684037,54.3308624],[-6.8763656,54.3466919],[-6.9064367,54.3504212],[-6.9029778,54.3607213],[-6.9110817,54.374531],[-6.9326881,54.3778625],[-6.9236967,54.3828441],[-6.9596287,54.3922125],[-6.9787166,54.4086831],[-6.995744,54.4053564],[-7.0291017,54.4213722],[-7.0572412,54.4110787],[-7.0723377,54.3883909],[-7.1097857,54.3682436],[-7.1038109,54.3557851],[-7.1523259,54.3352563],[-7.2012847,54.3418053],[-7.2369426,54.3253027],[-7.2715407,54.3436041],[-7.2711177,54.3611149],[-7.2805885,54.3715633],[-7.3337655,54.372037],[-7.3312548,54.3783816],[-7.3409114,54.3844974],[-7.3290409,54.3975351],[-7.3313614,54.4045812],[-7.3615713,54.4191083],[-7.3671022,54.4375404],[-7.4272632,54.4426499],[-7.4247136,54.4333327],[-7.5090684,54.4054499],[-7.5539835,54.4330467],[-7.5535066,54.4391055],[-7.5687472,54.431013],[-7.6245122,54.4394002],[-7.6304353,54.4535443],[-7.6053778,54.4603691],[-7.6204707,54.4592206],[-7.6184977,54.4713148],[-7.6365614,54.4831131],[-7.5818053,54.4976134],[-7.5570842,54.5319981],[-7.5592369,54.5429399],[-7.5284354,54.555197],[-7.5395765,54.5659075],[-7.5878281,54.5640186],[-7.6247475,54.584744],[-7.6698116,54.5836743],[-7.6760789,54.6033242],[-7.7032584,54.6087268],[-7.6934931,54.6191174],[-7.7063846,54.6196188],[-7.7082986,54.6348714],[-7.7416461,54.6179722],[-7.757972,54.6250317],[-7.7723622,54.6214885],[-7.8136648,54.6441098],[-7.8282837,54.6330488],[-7.8521282,54.6307756],[-7.8566921,54.6505747],[-7.8934493,54.6565602],[-7.9140284,54.675307],[-7.8976218,54.6868177],[-7.9208903,54.6959641],[-7.9180427,54.7028206],[-7.8795975,54.70269],[-7.8366454,54.7364216],[-7.8176143,54.7337844],[-7.8046962,54.7186025],[-7.7887526,54.7196442],[-7.7500643,54.7042795],[-7.7355059,54.7168308],[-7.7115984,54.7261139],[-7.6972322,54.7235611],[-7.6365682,54.7515101],[-7.6167775,54.7434462],[-7.5786341,54.7504518],[-7.5785374,54.7418673],[-7.5491301,54.7404926],[-7.5346933,54.7470212],[-7.5476403,54.7555354],[-7.5432367,54.7824729],[-7.5492234,54.7893709],[-7.5284678,54.8075664],[-7.4840164,54.8238503],[-7.4424564,54.8716568],[-7.4521715,54.8972542],[-7.4448344,54.9123049],[-7.4468875,54.9357464],[-7.3920858,54.9458406]]]}},{"type":"Feature","properties":{"county":"Armagh"},"geometry":{"type":"Polygon","coordinates":[[[-6.8637683,54.3300828],[-6.8368695,54.33573],[-6.8268865,54.3599669],[-6.8045422,54.3798497],[-6.8075639,54.3988658],[-6.794108,54.4148595],[-6.7101786,54.4038337],[-6.7006036,54.4165969],[-6.7039163,54.4267896],[-6.6938255,54.4296275],[-6.6970438,54.4422852],[-6.6500477,54.4698245],[-6.6506871,54.4868123],[-6.6292708,54.5038897],[-6.5916543,54.5035104],[-6.5407471,54.5428804],[-6.4251246,54.5675362],[-6.378147,54.5135601],[-6.2955475,54.4873739],[-6.2935634,54.4745029],[-6.3103737,54.4637624],[-6.3052892,54.4461922],[-6.3503108,54.4413257],[-6.3475168,54.434768],[-6.3789351,54.4227616],[-6.3768521,54.4044843],[-6.4003727,54.3932956],[-6.3626338,54.3407732],[-6.360313,54.3134201],[-6.3714862,54.2919571],[-6.3542935,54.2741893],[-6.3661642,54.2695897],[-6.3611703,54.2584354],[-6.3739799,54.246992],[-6.3473854,54.1922387],[-6.3347121,54.1850055],[-6.3504535,54.1843582],[-6.3487391,54.1711851],[-6.290864,54.1126812],[-6.3090025,54.1066899],[-6.3178814,54.0909762],[-6.3362912,54.0947239],[-6.3399325,54.1118875],[-6.3662014,54.1137422],[-6.3633826,54.0728759],[-6.3910529,54.0588524],[-6.4119834,54.0630585],[-6.4434468,54.0564902],[-6.4560665,54.0725238],[-6.4777946,54.0770873],[-6.4814212,54.0719302],[-6.4712995,54.0663025],[-6.5105065,54.0526806],[-6.5318659,54.0596807],[-6.5577152,54.0491716],[-6.5864287,54.057572],[-6.5951419,54.0444673],[-6.62381,54.0364597],[-6.6689853,54.0728911],[-6.6583962,54.0755641],[-6.658846,54.096141],[-6.6450585,54.0959952],[-6.661268,54.1226628],[-6.6488602,54.121376],[-6.6497075,54.129566],[-6.6396127,54.1318678],[-6.6412663,54.1419488],[-6.6296839,54.153531],[-6.6357203,54.1708997],[-6.6653942,54.19316],[-6.6916862,54.2001645],[-6.7100628,54.1980336],[-6.7210648,54.1819651],[-6.7407636,54.1819157],[-6.7561743,54.1992584],[-6.7756211,54.1989476],[-6.8009729,54.2131655],[-6.8004185,54.2211026],[-6.8161688,54.2230244],[-6.8292635,54.2477033],[-6.8277428,54.2614872],[-6.8780377,54.2792432],[-6.87492,54.2873357],[-6.8615944,54.2811281],[-6.8511343,54.2919346],[-6.8637683,54.3300828]]]}},{"type":"Feature","properties":{"county":"Down"},"geometry":{"type":"MultiPolygon","coordinates":[[[[-6.356952,54.5092705],[-6.3268054,54.5121061],[-6.2959948,54.4973641],[-6.2771425,54.500961],[-6.257722,54.4911426],[-6.2289943,54.4960422],[-6.1879057,54.4773205],[-6.0793647,54.5056507],[-6.0512015,54.4986671],[-6.0189727,54.5116186],[-6.0272094,54.5250303],[-6.0142719,54.5310473],[-6.0176666,54.5364708],[-5.9927679,54.5428814],[-5.9728912,54.5307395],[-5.9601008,54.5378402],[-5.9647127,54.5474262],[-5.9294738,54.5583904],[-5.9346249,54.5633405],[-5.9252699,54.5690843],[-5.9309728,54.5758948],[-5.912891,54.595337],[-5.9196863,54.602807],[-5.872464,54.6373138],[-5.8549784,54.6340563],[-5.8552871,54.6334579],[-5.8550657,54.6332387],[-5.8547401,54.6332346],[-5.8042842,54.6595557],[-5.7408418,54.6776709],[-5.7201396,54.667348],[-5.6793222,54.6688692],[-5.6724655,54.6629245],[-5.6561428,54.6708199],[-5.6385149,54.667425],[-5.6332781,54.6802286],[-5.6098227,54.6749546],[-5.597005,54.6802378],[-5.5762558,54.6753488],[-5.567723,54.6632455],[-5.5300634,54.6447697],[-5.5341268,54.6229036],[-5.5214954,54.5975342],[-5.4772819,54.563864],[-5.4859099,54.546265],[-5.470242,54.5263309],[-5.4637562,54.4985465],[-5.4325469,54.486372],[-5.4421043,54.4757328],[-5.4369039,54.456052],[-5.4790654,54.4303614],[-5.4639545,54.4145461],[-5.4658459,54.399866],[-5.4581291,54.3897121],[-5.4888399,54.377103],[-5.4925458,54.365127],[-5.4804046,54.3595704],[-5.4968892,54.3506337],[-5.4964849,54.333132],[-5.5042889,54.331689],[-5.5129739,54.344703],[-5.5264649,54.343013],[-5.5281289,54.359376],[-5.5795567,54.4005354],[-5.5768576,54.4231977],[-5.5488315,54.4350138],[-5.5401205,54.4253846],[-5.5379389,54.429502],[-5.5433678,54.4331978],[-5.5380259,54.43091],[-5.5347638,54.4338336],[-5.5480413,54.4381112],[-5.5349026,54.4377948],[-5.5286918,54.4543684],[-5.5287276,54.4546558],[-5.5298555,54.4549205],[-5.5307087,54.4546764],[-5.5305007,54.4550618],[-5.5352329,54.453259],[-5.5443029,54.461267],[-5.532189,54.469164],[-5.5415833,54.4750805],[-5.53151,54.4788348],[-5.539583,54.4772189],[-5.5404943,54.4794119],[-5.5294379,54.4854806],[-5.5424699,54.484878],[-5.5377829,54.494457],[-5.5466859,54.496063],[-5.5600313,54.5322317],[-5.5694283,54.5360309],[-5.5822138,54.5325535],[-5.6138339,54.558428],[-5.6390437,54.5616575],[-5.6793216,54.583325],[-5.6989625,54.5684749],[-5.6966708,54.5468341],[-5.7190846,54.5388004],[-5.7206553,54.5419672],[-5.7373494,54.5456665],[-5.7176768,54.5367224],[-5.685723,54.5331345],[-5.6819165,54.5200858],[-5.6533118,54.5197057],[-5.6500859,54.512415],[-5.6762972,54.509701],[-5.6776889,54.496818],[-5.6395619,54.489201],[-5.6421619,54.485173],[-5.6494923,54.488333],[-5.6539905,54.4848621],[-5.64458,54.4807743],[-5.6543601,54.4741071],[-5.6462452,54.4721193],[-5.6555769,54.468096],[-5.6547199,54.46504],[-5.6392809,54.464354],[-5.6391049,54.458208],[-5.6468761,54.4593123],[-5.6404574,54.4554852],[-5.6492547,54.4557054],[-5.6514916,54.4537867],[-5.6505394,54.4528078],[-5.634388,54.4516839],[-5.6266395,54.4634004],[-5.633536,54.4474448],[-5.6386021,54.4458076],[-5.6402922,54.4493522],[-5.6439575,54.448404],[-5.6283639,54.431283],[-5.6442029,54.4303828],[-5.6379246,54.4264527],[-5.6422069,54.4267524],[-5.6497215,54.4103193],[-5.6417287,54.4105481],[-5.6412031,54.4005011],[-5.6501109,54.3973663],[-5.6542399,54.3814348],[-5.6848037,54.3715713],[-5.6659029,54.3624592],[-5.614738,54.3793833],[-5.5723651,54.3830274],[-5.577734,54.3729382],[-5.5676105,54.3644518],[-5.5631678,54.3759809],[-5.5504802,54.3694531],[-5.5517814,54.3595802],[-5.5486284,54.3456602],[-5.5393681,54.3298534],[-5.5423599,54.319875],[-5.5244889,54.31077],[-5.5492439,54.307175],[-5.5589759,54.287495],[-5.5953929,54.260709],[-5.6078497,54.2656268],[-5.6089958,54.2632787],[-5.6019256,54.256723],[-5.6119915,54.2465649],[-5.6203633,54.2468112],[-5.6221819,54.255261],[-5.634428,54.2523495],[-5.6296418,54.2582075],[-5.6365656,54.2634671],[-5.6397743,54.2629935],[-5.6453729,54.2562885],[-5.6365531,54.2525881],[-5.6370919,54.2416016],[-5.6592139,54.225495],[-5.6788699,54.248761],[-5.6901689,54.250943],[-5.8212999,54.242435],[-5.8336306,54.2567336],[-5.8155796,54.2593002],[-5.8205309,54.282427],[-5.840516,54.2570394],[-5.8502794,54.2495579],[-5.8506452,54.2513266],[-5.8534721,54.2525479],[-5.857194,54.2506688],[-5.8563788,54.2516398],[-5.858402,54.2516627],[-5.8598619,54.2506465],[-5.8583147,54.2387249],[-5.8384266,54.2532216],[-5.8280749,54.2472227],[-5.831462,54.2400875],[-5.8919185,54.206339],[-5.8764339,54.189112],[-5.8714189,54.167195],[-5.8932639,54.1088534],[-5.9526727,54.0770952],[-5.9636919,54.062069],[-5.99615,54.0613354],[-5.988199,54.0575809],[-6.0622771,54.0227711],[-6.1075756,54.0401126],[-6.0926581,54.0495029],[-6.0741456,54.0451913],[-6.0950345,54.0626723],[-6.1593109,54.064895],[-6.1828299,54.07392],[-6.1989577,54.0978561],[-6.254029,54.0963445],[-6.290864,54.1126812],[-6.3486716,54.171039],[-6.3504535,54.1843582],[-6.3347121,54.1850055],[-6.3473854,54.1922387],[-6.3739799,54.246992],[-6.3611703,54.2584354],[-6.3661642,54.2695897],[-6.3542935,54.2741893],[-6.3714862,54.2919571],[-6.360313,54.3134201],[-6.3626338,54.3407732],[-6.4002545,54.3956102],[-6.3768521,54.4044843],[-6.3789351,54.4227616],[-6.3475168,54.434768],[-6.3503108,54.4413257],[-6.3084993,54.4438005],[-6.3022837,54.4497795],[-6.3120784,54.4553476],[-6.3103737,54.4637624],[-6.2934387,54.4748363],[-6.2960039,54.487731],[-6.356952,54.5092705]]],[[[-5.5451847,54.6728218],[-5.5338084,54.6816995],[-5.5202929,54.671353],[-5.5254573,54.6688856],[-5.5451847,54.6728218]]],[[[-5.6508059,54.499717],[-5.6373477,54.5002776],[-5.6282887,54.5057348],[-5.6200144,54.5071657],[-5.6184299,54.506316],[-5.6397103,54.4960319],[-5.6508059,54.499717]]],[[[-5.645581,54.5010904],[-5.6475389,54.51388],[-5.6403291,54.5175025],[-5.6312501,54.5153554],[-5.6433989,54.511153],[-5.645581,54.5010904]]],[[[-5.6312969,54.442749],[-5.6256179,54.453634],[-5.6160959,54.45256],[-5.6166809,54.447935],[-5.6312969,54.442749]]],[[[-5.5245644,54.6926561],[-5.5254311,54.69762],[-5.5219176,54.6956356],[-5.5245644,54.6926561]]],[[[-5.6454882,54.4905786],[-5.6437839,54.4945887],[-5.6356568,54.4908842],[-5.6454882,54.4905786]]],[[[-5.6414882,54.4138093],[-5.6397425,54.4202512],[-5.6326655,54.4237834],[-5.632501,54.4120121],[-5.6414882,54.4138093]]],[[[-5.5155609,54.694894],[-5.5146709,54.6991236],[-5.511154,54.6991716],[-5.5155609,54.694894]]],[[[-5.6673829,54.368932],[-5.6635509,54.374142],[-5.6518709,54.373374],[-5.6591839,54.367704],[-5.6673829,54.368932]]],[[[-5.6382599,54.468988],[-5.6407139,54.476365],[-5.6351569,54.475461],[-5.6382599,54.468988]]],[[[-5.5997169,54.52363],[-5.6007919,54.5336],[-5.5964889,54.535229],[-5.5997169,54.52363]]],[[[-5.6220179,54.438595],[-5.6228339,54.44447],[-5.6150369,54.442846],[-5.6220179,54.438595]]],[[[-5.6498465,54.3748088],[-5.6459212,54.3799053],[-5.6405787,54.3784698],[-5.6498465,54.3748088]]],[[[-5.6667529,54.5063373],[-5.6663581,54.509397],[-5.6647702,54.5062426],[-5.6667529,54.5063373]]],[[[-5.5473649,54.290944],[-5.5487689,54.299498],[-5.5425799,54.295017],[-5.5473649,54.290944]]],[[[-5.5615543,54.4370253],[-5.5606209,54.4398547],[-5.5561055,54.4360699],[-5.5615543,54.4370253]]],[[[-5.6290319,54.479438],[-5.6294179,54.485451],[-5.6260159,54.48386],[-5.6290319,54.479438]]],[[[-5.6190399,54.453905],[-5.6198299,54.459397],[-5.6155999,54.455132],[-5.6190399,54.453905]]],[[[-5.6307889,54.465692],[-5.6292869,54.469696],[-5.6245329,54.464163],[-5.6307889,54.465692]]],[[[-5.5842569,54.522937],[-5.5774279,54.526413],[-5.5757279,54.523887],[-5.5842569,54.522937]]],[[[-5.6103159,54.475745],[-5.6087379,54.478597],[-5.6077779,54.477337],[-5.6103159,54.475745]]],[[[-5.5289699,54.4543423],[-5.529173,54.4545719],[-5.5287456,54.4545898],[-5.5289699,54.4543423]]],[[[-5.6237889,54.473147],[-5.6191039,54.475554],[-5.6154249,54.473072],[-5.6237889,54.473147]]],[[[-5.6283257,54.3762551],[-5.6302534,54.3790908],[-5.6279244,54.3769797],[-5.6283257,54.3762551]]],[[[-5.6669829,54.50141],[-5.6667769,54.505002],[-5.6635499,54.502767],[-5.6669829,54.50141]]],[[[-5.548532,54.359073],[-5.5484712,54.3627031],[-5.5463154,54.3616512],[-5.548532,54.359073]]],[[[-5.5764596,54.3917571],[-5.5764544,54.3936307],[-5.5752219,54.3934721],[-5.5764596,54.3917571]]],[[[-5.5962906,54.3847298],[-5.5979076,54.3873599],[-5.5945552,54.386612],[-5.5962906,54.3847298]]],[[[-5.5793918,54.5277475],[-5.57954,54.5311227],[-5.5784433,54.529726],[-5.5793918,54.5277475]]],[[[-5.6073789,54.471067],[-5.6057759,54.473537],[-5.6054269,54.471494],[-5.6073789,54.471067]]],[[[-5.6426614,54.48121],[-5.6428357,54.481954],[-5.6419439,54.4812614],[-5.6426614,54.48121]]],[[[-5.6541429,54.507074],[-5.6522429,54.511728],[-5.6514689,54.509951],[-5.6541429,54.507074]]],[[[-5.5452297,54.4594488],[-5.5450522,54.4604842],[-5.5442559,54.4605],[-5.5452297,54.4594488]]],[[[-5.6497021,54.4850189],[-5.6498114,54.4865637],[-5.6490319,54.485919],[-5.6497021,54.4850189]]],[[[-5.6382149,54.5070403],[-5.6389547,54.5097872],[-5.636373,54.5075369],[-5.6382149,54.5070403]]],[[[-5.5297788,54.4537223],[-5.5302017,54.4541552],[-5.5293284,54.4543289],[-5.5297788,54.4537223]]],[[[-5.603879,54.3827488],[-5.6049919,54.3850713],[-5.6034017,54.3841636],[-5.603879,54.3827488]]],[[[-5.6215969,54.3779464],[-5.6213897,54.3797877],[-5.6206495,54.3793151],[-5.6215969,54.3779464]]],[[[-5.6356789,54.384362],[-5.6349899,54.387324],[-5.6334619,54.384026],[-5.6356789,54.384362]]],[[[-5.6335506,54.3750227],[-5.633006,54.37715],[-5.6321221,54.3768603],[-5.6335506,54.3750227]]],[[[-5.5574807,54.4576652],[-5.5563536,54.4588932],[-5.5539898,54.4584289],[-5.5574807,54.4576652]]],[[[-5.6159919,54.461273],[-5.6143659,54.463358],[-5.6119739,54.460335],[-5.6159919,54.461273]]],[[[-5.5535918,54.3724931],[-5.5533653,54.3727216],[-5.5531972,54.3726849],[-5.5535918,54.3724931]]],[[[-5.5702179,54.432662],[-5.5699739,54.4339571],[-5.5686658,54.4328539],[-5.5702179,54.432662]]],[[[-5.6062107,54.2635079],[-5.6062858,54.2644534],[-5.6056737,54.2643645],[-5.6062107,54.2635079]]],[[[-5.6188199,54.477994],[-5.6180639,54.479933],[-5.6174929,54.477895],[-5.6188199,54.477994]]],[[[-5.635797,54.4934382],[-5.6348917,54.4941288],[-5.6343478,54.493015],[-5.635797,54.4934382]]],[[[-5.5693349,54.535566],[-5.5693634,54.5358164],[-5.5691938,54.5356225],[-5.5693349,54.535566]]],[[[-5.5694911,54.5353896],[-5.5695616,54.5355932],[-5.5692643,54.5354003],[-5.5694911,54.5353896]]],[[[-5.6432884,54.4180641],[-5.6435985,54.4190666],[-5.642405,54.4186527],[-5.6432884,54.4180641]]],[[[-5.6194709,54.501937],[-5.6191459,54.503738],[-5.6188279,54.502207],[-5.6194709,54.501937]]],[[[-5.6255309,54.507186],[-5.6243259,54.509006],[-5.6238209,54.507992],[-5.6255309,54.507186]]],[[[-5.5293778,54.4543829],[-5.5292916,54.4545776],[-5.5292624,54.4544132],[-5.5293778,54.4543829]]],[[[-5.5304177,54.4541979],[-5.5304223,54.4546282],[-5.5298661,54.4544919],[-5.5304177,54.4541979]]],[[[-5.6093309,54.467182],[-5.6081189,54.468874],[-5.6071269,54.467102],[-5.6093309,54.467182]]],[[[-5.6581469,54.376479],[-5.6573289,54.376329],[-5.6583249,54.374769],[-5.6581469,54.376479]]],[[[-5.4277192,54.4886185],[-5.4271273,54.489379],[-5.4268157,54.4890805],[-5.4277192,54.4886185]]],[[[-5.572243,54.5046044],[-5.5731558,54.5051427],[-5.5717438,54.5059791],[-5.572243,54.5046044]]],[[[-5.5907269,54.513831],[-5.5908079,54.51511],[-5.5890329,54.514892],[-5.5907269,54.513831]]],[[[-5.6899129,54.545485],[-5.6886809,54.5467101],[-5.6882319,54.5457735],[-5.6899129,54.545485]]],[[[-5.5784742,54.5012562],[-5.5774531,54.5023328],[-5.5771535,54.5019932],[-5.5784742,54.5012562]]],[[[-5.6095669,54.463975],[-5.6085999,54.466045],[-5.6086879,54.463994],[-5.6095669,54.463975]]],[[[-5.6098759,54.530969],[-5.6099329,54.531865],[-5.6092249,54.531112],[-5.6098759,54.530969]]],[[[-5.6211539,54.535081],[-5.6198909,54.536006],[-5.6198579,54.535494],[-5.6211539,54.535081]]],[[[-5.6262149,54.476681],[-5.6262969,54.47796],[-5.6253359,54.4767],[-5.6262149,54.476681]]],[[[-5.5373149,54.447835],[-5.5369389,54.448868],[-5.5364679,54.448365],[-5.5373149,54.447835]]],[[[-5.5396985,54.4274167],[-5.540439,54.4278955],[-5.5394876,54.4280294],[-5.5396985,54.4274167]]],[[[-5.604994,54.2612369],[-5.6044098,54.2620318],[-5.6041226,54.2619956],[-5.604994,54.2612369]]],[[[-5.6240149,54.469811],[-5.6227789,54.471119],[-5.6222089,54.469081],[-5.6240149,54.469811]]],[[[-5.6345908,54.495501],[-5.6350068,54.4958904],[-5.6341825,54.4957353],[-5.6345908,54.495501]]],[[[-6.0794555,54.0473546],[-6.0799451,54.0483223],[-6.0792255,54.0474846],[-6.0794555,54.0473546]]],[[[-5.4375519,54.44848],[-5.4376289,54.44976],[-5.4367579,54.449906],[-5.4375519,54.44848]]],[[[-5.5320982,54.4525841],[-5.5322177,54.4527471],[-5.5320108,54.4526456],[-5.5320982,54.4525841]]],[[[-5.5401466,54.4283188],[-5.5396541,54.428996],[-5.5394493,54.4288655],[-5.5401466,54.4283188]]],[[[-5.5783879,54.478736],[-5.5797699,54.479732],[-5.5780129,54.479769],[-5.5783879,54.478736]]],[[[-5.6170609,54.409108],[-5.6158019,54.410033],[-5.6157689,54.409521],[-5.6170609,54.409108]]],[[[-5.6182129,54.537323],[-5.6160129,54.537371],[-5.6177069,54.536309],[-5.6182129,54.537323]]],[[[-5.6462699,54.467019],[-5.6445789,54.468081],[-5.6431619,54.466575],[-5.6462699,54.467019]]],[[[-5.6821229,54.551039],[-5.6812759,54.55157],[-5.6798889,54.550576],[-5.6821229,54.551039]]],[[[-5.77667,54.2411169],[-5.7767817,54.2422563],[-5.7760737,54.2413829],[-5.77667,54.2411169]]],[[[-5.5309417,54.4539548],[-5.5309417,54.4542166],[-5.5308084,54.4540857],[-5.5309417,54.4539548]]],[[[-5.6226479,54.42782],[-5.6218359,54.428862],[-5.6213479,54.428104],[-5.6226479,54.42782]]],[[[-5.6729349,54.545349],[-5.6738569,54.545969],[-5.6729859,54.546117],[-5.6729349,54.545349]]],[[[-5.5290893,54.4541979],[-5.5291813,54.4543342],[-5.5289974,54.4542861],[-5.5290893,54.4541979]]],[[[-5.6153799,54.410298],[-5.6136739,54.411104],[-5.6136409,54.410592],[-5.6153799,54.410298]]],[[[-5.6721919,54.50027],[-5.6713629,54.501057],[-5.6704169,54.500053],[-5.6721919,54.50027]]],[[[-5.6039529,54.527895],[-5.6030889,54.528169],[-5.6026169,54.527667],[-5.6039529,54.527895]]],[[[-5.6545829,54.466324],[-5.6537209,54.4666],[-5.6537039,54.466344],[-5.6545829,54.466324]]]]}},{"type":"Feature","properties":{"county":"Londonderry"},"geometry":{"type":"MultiPolygon","coordinates":[[[[-7.2565483,55.0665969],[-7.2137568,55.0557565],[-7.1491634,55.0571199],[-7.1480599,55.06587],[-7.1479912,55.0461074],[-7.1293284,55.0417414],[-7.0437295,55.0532136],[-7.0462467,55.058409],[-7.0140304,55.0768616],[-7.0243455,55.0907496],[-7.0153738,55.1041592],[-6.9705135,55.103066],[-6.9802833,55.1071823],[-6.9922068,55.1078717],[-6.9967199,55.11112],[-6.9896499,55.10946],[-6.9929106,55.114295],[-6.9656641,55.1538371],[-6.9601166,55.1781233],[-6.9673269,55.1911715],[-6.9613769,55.1949735],[-6.9117357,55.1746931],[-6.8476223,55.1668959],[-6.7271647,55.1722451],[-6.7218922,55.1898297],[-6.6722783,55.2002556],[-6.6652779,55.1908407],[-6.6462968,55.1949295],[-6.6232796,55.1859082],[-6.6224836,55.1793128],[-6.6132933,55.1816941],[-6.6036955,55.1655284],[-6.5926909,55.1683716],[-6.5679708,55.1348476],[-6.5695602,55.1131718],[-6.581897,55.0930087],[-6.6081152,55.0793455],[-6.5840951,55.0631482],[-6.5730852,55.038707],[-6.5814229,55.0060474],[-6.5700769,54.9855878],[-6.5461833,54.9798426],[-6.5516792,54.974469],[-6.5444611,54.9591295],[-6.4996422,54.9185462],[-6.5062489,54.9081135],[-6.4573391,54.8244825],[-6.4709271,54.8124305],[-6.4802167,54.7757926],[-6.4570362,54.7619547],[-6.4858504,54.7367321],[-6.4960534,54.7138252],[-6.4692431,54.6853649],[-6.5430056,54.6571658],[-6.5717247,54.6645554],[-6.5878477,54.6550527],[-6.6023758,54.6569753],[-6.6398359,54.6299755],[-6.680739,54.6426742],[-6.6783433,54.6345192],[-6.7156326,54.6285341],[-6.7122399,54.6468946],[-6.6937314,54.6421799],[-6.6855874,54.653878],[-6.7133084,54.6506109],[-6.7223019,54.6543023],[-6.7207141,54.6616064],[-6.7376828,54.6584519],[-6.7453257,54.6731913],[-6.7776301,54.6870834],[-6.7842186,54.7015623],[-6.8243212,54.7227322],[-6.8301476,54.741169],[-6.8913274,54.7246552],[-6.9088714,54.7340649],[-6.948997,54.7301587],[-6.9705321,54.7372461],[-6.9725263,54.7436782],[-6.9407736,54.75239],[-6.9398739,54.7736367],[-6.9034358,54.7832869],[-6.9224835,54.8027696],[-6.9121479,54.820252],[-6.9461834,54.8337962],[-6.9717731,54.8282571],[-6.9873152,54.8330172],[-7.0042007,54.8207578],[-7.1016165,54.8129995],[-7.1036159,54.8221132],[-7.1567539,54.8478429],[-7.1532874,54.8584733],[-7.1912268,54.8460685],[-7.2038547,54.8538311],[-7.1876951,54.8572174],[-7.2064307,54.8673457],[-7.1974953,54.8786289],[-7.2002637,54.8881635],[-7.269651,54.8879955],[-7.2597014,54.9181216],[-7.3015429,54.9249394],[-7.322767,54.9146028],[-7.3616231,54.9160295],[-7.3836643,54.9440085],[-7.4072047,54.9552121],[-7.4003132,54.9722795],[-7.4070496,54.9829374],[-7.3913509,54.9977365],[-7.4055843,55.0033242],[-7.3913225,55.0223489],[-7.3451587,55.050832],[-7.3182837,55.045074],[-7.2994662,55.0561027],[-7.2891989,55.0474049],[-7.2725052,55.0635669],[-7.2565483,55.0665969]]],[[[-6.9845437,55.1058561],[-6.9815541,55.1068028],[-6.9782846,55.1060405],[-6.9845437,55.1058561]]],[[[-7.1401639,55.0538859],[-7.1324749,55.0558638],[-7.1320687,55.0549388],[-7.1348327,55.0529811],[-7.1401639,55.0538859]]],[[[-7.1315812,55.0734997],[-7.1465823,55.0691743],[-7.1449571,55.0702172],[-7.1410432,55.0715591],[-7.134043,55.0734178],[-7.1315812,55.0734997]]],[[[-7.1286634,55.0516109],[-7.1224099,55.05126],[-7.1183501,55.0528805],[-7.1237776,55.0503644],[-7.1286634,55.0516109]]],[[[-6.9799457,55.1055378],[-6.9804235,55.1058954],[-6.9780788,55.1055538],[-6.9799457,55.1055378]]],[[[-7.1468792,55.0674973],[-7.1471551,55.0676771],[-7.1464489,55.0679819],[-7.1468792,55.0674973]]],[[[-7.147996,55.0666994],[-7.1483071,55.0667652],[-7.1476093,55.067209],[-7.147996,55.0666994]]]]}},{"type":"Feature","properties":{"county":"Antrim"},"geometry":{"type":"MultiPolygon","coordinates":[[[[-6.6686369,55.1992934],[-6.6553643,55.2013343],[-6.6627847,55.2126736],[-6.6477384,55.2038767],[-6.5817058,55.2092326],[-6.5543197,55.2200292],[-6.5459157,55.21596],[-6.5279151,55.2255039],[-6.5310366,55.2337314],[-6.4823392,55.2521415],[-6.4685631,55.2512224],[-6.4548673,55.2392551],[-6.407543,55.232301],[-6.3684815,55.2458645],[-6.3326028,55.2395731],[-6.3279678,55.2355599],[-6.3108299,55.22921],[-6.2892904,55.2301154],[-6.2373037,55.203798],[-6.1417519,55.2275737],[-6.1163499,55.20965],[-6.062168,55.1988351],[-6.0641184,55.1903994],[-6.0253399,55.15634],[-6.0254399,55.13995],[-6.0424014,55.1285876],[-6.0354099,55.1227517],[-6.0355676,55.1035951],[-6.0553669,55.084781],[-6.0527724,55.0657317],[-6.0542063,55.066541],[-6.0587473,55.0636165],[-6.0427042,55.0530083],[-5.992402,55.0591889],[-5.9634269,55.0490744],[-5.9772341,55.0073694],[-5.9925653,54.9899012],[-5.9882233,54.981886],[-5.9189358,54.9619122],[-5.8781034,54.9077097],[-5.8443565,54.9006693],[-5.8365314,54.8801685],[-5.7977548,54.8545113],[-5.8004677,54.8401513],[-5.8172929,54.8471072],[-5.8070603,54.8272931],[-5.74244,54.8122522],[-5.7542876,54.8111633],[-5.7207258,54.7724313],[-5.7182736,54.7852561],[-5.7251428,54.7853993],[-5.7193398,54.7880913],[-5.7343488,54.8133762],[-5.7910874,54.8484952],[-5.7798466,54.8587589],[-5.7635416,54.8529019],[-5.7627267,54.8593485],[-5.7250105,54.8480081],[-5.6919412,54.8103033],[-5.69455,54.7740395],[-5.6879629,54.7670074],[-5.7446448,54.7254372],[-5.8340725,54.7076612],[-5.894224,54.6751661],[-5.9149698,54.6427807],[-5.8988035,54.6391786],[-5.9059751,54.6298779],[-5.872464,54.6373138],[-5.9196863,54.602807],[-5.912891,54.595337],[-5.9309728,54.5758948],[-5.9252699,54.5690843],[-5.9346249,54.5633405],[-5.9294738,54.5583904],[-5.9647127,54.5474262],[-5.9601008,54.5378402],[-5.9728912,54.5307395],[-5.9927679,54.5428814],[-6.0176666,54.5364708],[-6.0142719,54.5310473],[-6.0272094,54.5250303],[-6.018862,54.5118061],[-6.0277031,54.5044083],[-6.130355,54.4974253],[-6.1511522,54.4824874],[-6.1879057,54.4773205],[-6.2289943,54.4960422],[-6.257722,54.4911426],[-6.2771425,54.500961],[-6.2959948,54.4973641],[-6.3268054,54.5121061],[-6.378147,54.5135601],[-6.4251246,54.5675362],[-6.4065901,54.6489204],[-6.4692431,54.6853649],[-6.4960534,54.7138252],[-6.4858504,54.7367321],[-6.4570362,54.7619547],[-6.4802167,54.7757926],[-6.4709271,54.8124305],[-6.4573391,54.8244825],[-6.5062489,54.9081135],[-6.4996422,54.9185462],[-6.5444611,54.9591295],[-6.5516792,54.974469],[-6.5461833,54.9798426],[-6.5700769,54.9855878],[-6.5824325,55.009764],[-6.5725668,55.0358767],[-6.580034,55.0574398],[-6.6081152,55.0793455],[-6.581897,55.0930087],[-6.5695602,55.1131718],[-6.5679708,55.1348476],[-6.5926909,55.1683716],[-6.6036955,55.1655284],[-6.611368,55.1805185],[-6.6224836,55.1793128],[-6.6232796,55.1859082],[-6.6462968,55.1949295],[-6.6652779,55.1908407],[-6.6686369,55.1992934]]],[[[-6.2864564,55.2943697],[-6.2708318,55.3064892],[-6.2400236,55.3130865],[-6.1678599,55.29809],[-6.1810817,55.2786065],[-6.1802432,55.266615],[-6.1910697,55.2585726],[-6.2007604,55.2713773],[-6.1884046,55.2849572],[-6.1928947,55.2928478],[-6.2864564,55.2943697]]],[[[-6.633392,55.222829],[-6.6278966,55.224339],[-6.6214822,55.2241531],[-6.6230816,55.2230227],[-6.633392,55.222829]]],[[[-6.3319455,55.2393316],[-6.3317892,55.2409162],[-6.3303172,55.2403459],[-6.3319455,55.2393316]]],[[[-6.642887,55.221298],[-6.6436477,55.2231517],[-6.641768,55.2215646],[-6.642887,55.221298]]],[[[-6.3522457,55.247111],[-6.3505367,55.249521],[-6.3500317,55.2487203],[-6.3522457,55.247111]]],[[[-6.6356035,55.2226586],[-6.6358799,55.2235896],[-6.6341224,55.2230897],[-6.6356035,55.2226586]]],[[[-6.6385655,55.2227257],[-6.6396821,55.2241643],[-6.6384781,55.2229332],[-6.6385655,55.2227257]]],[[[-5.7190429,54.846919],[-5.7182769,54.84873],[-5.7154269,54.845975],[-5.7190429,54.846919]]],[[[-6.4290532,55.2389255],[-6.4291517,55.2396219],[-6.428748,55.2396294],[-6.4290532,55.2389255]]],[[[-5.7717329,54.8226467],[-5.7712776,54.8233271],[-5.7707469,54.8227179],[-5.7717329,54.8226467]]],[[[-6.4723354,55.2518726],[-6.4722442,55.2520887],[-6.4718169,55.251985],[-6.4723354,55.2518726]]],[[[-5.7850407,54.8239436],[-5.7850206,54.8242683],[-5.7848571,54.8242188],[-5.7850407,54.8239436]]]]}},{"type":"Feature","properties":{"county":"Fermanagh"},"geometry":{"type":"Polygon","coordinates":[[[-8.1775098,54.4647612],[-8.114673,54.4690344],[-8.1132438,54.4764008],[-8.0914845,54.4765264],[-8.0986797,54.4843344],[-8.0893291,54.4870831],[-8.0426471,54.4876308],[-8.0418514,54.5063808],[-8.0060084,54.5459409],[-7.9702988,54.5470493],[-7.9497309,54.533633],[-7.8505502,54.5331347],[-7.8240182,54.5442669],[-7.8332548,54.5522326],[-7.7965916,54.5716301],[-7.7934079,54.5818758],[-7.6913236,54.6105377],[-7.6926436,54.6038898],[-7.6760789,54.6033242],[-7.6698116,54.5836743],[-7.6247475,54.584744],[-7.5878281,54.5640186],[-7.545716,54.5699782],[-7.5281223,54.5558492],[-7.5592369,54.5429399],[-7.5570842,54.5319981],[-7.5818053,54.4976134],[-7.6365614,54.4831131],[-7.6184977,54.4713148],[-7.6204707,54.4592206],[-7.6053778,54.4603691],[-7.6304353,54.4535443],[-7.6245122,54.4394002],[-7.5687472,54.431013],[-7.5535066,54.4391055],[-7.5539835,54.4330467],[-7.5090684,54.4054499],[-7.4247136,54.4333327],[-7.4272632,54.4426499],[-7.3671022,54.4375404],[-7.3615713,54.4191083],[-7.3313614,54.4045812],[-7.3290409,54.3975351],[-7.3409114,54.3844974],[-7.3312548,54.3783816],[-7.3337655,54.372037],[-7.2805885,54.3715633],[-7.2711177,54.3611149],[-7.2718502,54.3439807],[-7.2463089,54.327017],[-7.2271594,54.3269487],[-7.2012847,54.3418053],[-7.1818182,54.333369],[-7.1791867,54.309676],[-7.1978896,54.311058],[-7.2121861,54.2996241],[-7.1731518,54.2862997],[-7.1799039,54.273423],[-7.1609172,54.2737117],[-7.1422491,54.2555935],[-7.158927,54.2439561],[-7.1459404,54.2395692],[-7.1450286,54.2247272],[-7.171036,54.2175991],[-7.1894134,54.2243776],[-7.1985988,54.2157848],[-7.2480557,54.2044601],[-7.2491496,54.1981708],[-7.2329952,54.1978367],[-7.2594207,54.1922517],[-7.2582783,54.177372],[-7.2402829,54.1696954],[-7.2581191,54.1645085],[-7.2525118,54.1556638],[-7.2629551,54.1374093],[-7.2905341,54.1194636],[-7.308911,54.1321133],[-7.2855116,54.1362582],[-7.3014939,54.144214],[-7.2837894,54.1538607],[-7.2799669,54.167969],[-7.2912975,54.1719648],[-7.3395627,54.1467174],[-7.3053348,54.1233641],[-7.3186708,54.1132886],[-7.3271273,54.1245777],[-7.3460152,54.1164466],[-7.3631984,54.1316004],[-7.3918057,54.1201274],[-7.3930229,54.1263935],[-7.3727939,54.1396266],[-7.4254923,54.1406781],[-7.4095891,54.156458],[-7.4419218,54.1540336],[-7.4684057,54.1408114],[-7.4793774,54.1222196],[-7.5280968,54.1357411],[-7.5467725,54.1291626],[-7.5477823,54.1221766],[-7.5657613,54.1265876],[-7.5745374,54.1415122],[-7.6104329,54.1437826],[-7.6253618,54.1532017],[-7.6285046,54.1692489],[-7.6561271,54.1857197],[-7.6765917,54.1819612],[-7.6885502,54.1991602],[-7.6854336,54.2077607],[-7.7394038,54.2035315],[-7.7682041,54.2094921],[-7.8118244,54.2007167],[-7.860169,54.2172798],[-7.8604614,54.2602599],[-7.8727066,54.2664597],[-7.8732237,54.2794462],[-7.8618693,54.2934313],[-7.8808682,54.2918826],[-7.9014184,54.3013596],[-7.91119,54.2960541],[-7.9615951,54.312469],[-7.9864534,54.3442263],[-7.9994578,54.3471941],[-8.0009304,54.3584648],[-8.0312929,54.3567145],[-8.057326,54.3657226],[-8.0841612,54.3974065],[-8.1618467,54.4420305],[-8.1429142,54.4509245],[-8.1775098,54.4647612]]]}}]}